<?xml version="1.0" encoding="UTF-8" standalone="yes"?>
<metadata xmlns:dc="http://purl.org/dc/elements/1.1/"
	xmlns:dcterms="http://purl.org/dc/terms/">
	<!-- produced by Chouette -->
	<dcterms:coverage xmlns:xsi="http://www.w3.org/2001/XMLSchema-instance"
		xsi:type="dcterms:Period">start=2018-01-01; end=2021-07-06; scheme=W3C-DTF;</dcterms:coverage>
	<dcterms:spatial xmlns:xsi="http://www.w3.org/2001/XMLSchema-instance"
		xsi:type="dcterms:Box">northlimit=48.430; southlimit=47.925; westlimit=5.135; eastlimit=7.160</dcterms:spatial>
	<dcterms:creator>Fluo88</dcterms:creator>
	<dcterms:date xmlns:xsi="http://www.w3.org/2001/XMLSchema-instance"
		xsi:type="dcterms:W3CDTF">2020-08-07</dcterms:date>
	<dcterms:description>Exported data count = 16
		LIVO-Line-77.xml : Network Fluo88, Line Epinal - Bains Les Bains - Montmotier [77]
		Livo-Line-42.xml : Network Fluo88, Line Neufchâteau-Chaumont [42]
		Livo-Line-38.xml : Network Fluo88, Line Contréxéville Vittel Epinal [09]
		LIVO-Line-66.xml : Network Fluo88, Line Saint Dié Des Vosges - Senones - Le Saulcy [66]
		LIVO-Line-41.xml : Network Fluo88, Line Neufchâteau - Mirecourt [41]
		LIVO-Line-4.xml : Network Fluo88, Line Monthureux Sur Saône - Darney - Epinal [4]
		LIVO-Line-6.xml : Network Fluo88, Line Epinal - Remiremont - Plombières Les Bains - Val D'ajol [6]
		LIVO-Line-2.xml : Network Fluo88, Line Munster - Gérardmer - Remiremont [1B]
		LIVO-Line-24.xml : Network Fluo88, Line Plainfaing - Saint Dié Des Vosges [24]
		LIVO-Line-1.xml : Network Fluo88, Line Epinal - Remiremont [1A]
		LIVO-Line-29.xml : Network Fluo88, Line Epinal - Gérardmer [29]
		LIVO-Line-90.xml : Network Fluo88, Line Charmes - Epinal [90]
		LIVO-Line-7.xml : Network Fluo88, Line Raon L'étape - Rambervillers - Epinal [7]
		LIVO-Line-88.xml : Network Fluo88, Line Monthureux Sur Saône - Darney - Vittel [88]
		LIVO-Line-17.xml : Network Fluo88, Line Saint Dié Des Vosges - Gérardmer [17]
		LIVO-Line-28.xml : Network Fluo88, Line Gérardmer - Bruyères [28]
	</dcterms:description>
	<dcterms:format>application/xml</dcterms:format>
	<dcterms:language xmlns:xsi="http://www.w3.org/2001/XMLSchema-instance"
		xsi:type="dcterms:W3CDTF">fr_FR.utf8</dcterms:language>
	<dcterms:publisher>LIVO</dcterms:publisher>
	<dcterms:relation xmlns:xsi="http://www.w3.org/2001/XMLSchema-instance"
		xsi:type="dcterms:URI">http://www.normes-donnees-tc.org/format-dechange/donnees-theoriques/neptune/</dcterms:relation>
	<dcterms:title>Export Neptune </dcterms:title>
	<dcterms:type xmlns:xsi="http://www.w3.org/2001/XMLSchema-instance"
		xsi:type="dcterms:DCMIType">Dataset</dcterms:type>
</metadata>
