<?xml version="1.0" encoding="UTF-8" standalone="yes"?>
<ChouettePTNetwork xmlns="http://www.trident.org/schema/trident" xmlns:acsb="http://www.ifopt.org.uk/acsb" xmlns:siri="http://www.siri.org.uk/siri">
    <PTNetwork>
        <objectId>TCL:GroupOfLine:TCL</objectId>
        <objectVersion>1</objectVersion>
        <creationTime>2015-01-14T22:01:59</creationTime>
        <versionDate>2015-01-14</versionDate>
        <name>TCL</name>
        <registration>
            <registrationNumber>TCL</registrationNumber>
        </registration>
        <sourceName>GTFS</sourceName>
        <lineId>TCL:Line:115A</lineId>
    </PTNetwork>
    <Company>
        <objectId>TCL:Company:1</objectId>
        <objectVersion>1</objectVersion>
        <creationTime>2015-01-14T22:01:59</creationTime>
        <name>TCL SYTRAL</name>
        <phone>01.01.01.01.01</phone>
        <registration>
            <registrationNumber>1</registrationNumber>
        </registration>
    </Company>
    <ChouetteArea>
        <StopArea>
            <objectId>TCL:StopArea:43614</objectId>
            <objectVersion>1</objectVersion>
            <creationTime>2015-01-15T08:18:23</creationTime>
            <name>Bois Dieu</name>
            <contains>TCL:StopPoint:7343</contains>
            <contains>TCL:StopPoint:7344</contains>
            <centroidOfArea>TCL:AreaCentroid:43614</centroidOfArea>
            <StopAreaExtension>
                <areaType>BoardingPosition</areaType>
                <fareCode>0</fareCode>
                <mobilityRestrictedSuitability>1</mobilityRestrictedSuitability>
            </StopAreaExtension>
        </StopArea>
        <StopArea>
            <objectId>TCL:StopArea:S33760</objectId>
            <objectVersion>1</objectVersion>
            <creationTime>2015-01-15T08:18:23</creationTime>
            <name>Bois Dieu</name>
            <contains>TCL:StopArea:43614</contains>
            <contains>TCL:StopArea:47446</contains>
            <centroidOfArea>TCL:AreaCentroid:S33760</centroidOfArea>
            <StopAreaExtension>
                <areaType>CommercialStopPoint</areaType>
                <fareCode>0</fareCode>
                <mobilityRestrictedSuitability>0</mobilityRestrictedSuitability>
            </StopAreaExtension>
        </StopArea>
        <StopArea>
            <objectId>TCL:StopArea:42280</objectId>
            <objectVersion>1</objectVersion>
            <creationTime>2015-01-15T08:18:23</creationTime>
            <name>Lissieu Le Nelie</name>
            <contains>TCL:StopPoint:6959</contains>
            <contains>TCL:StopPoint:6960</contains>
            <centroidOfArea>TCL:AreaCentroid:42280</centroidOfArea>
            <StopAreaExtension>
                <areaType>BoardingPosition</areaType>
                <fareCode>0</fareCode>
                <mobilityRestrictedSuitability>0</mobilityRestrictedSuitability>
            </StopAreaExtension>
        </StopArea>
        <StopArea>
            <objectId>TCL:StopArea:S33302</objectId>
            <objectVersion>1</objectVersion>
            <creationTime>2015-01-15T08:18:23</creationTime>
            <name>Lissieu Le Nelie</name>
            <contains>TCL:StopArea:42280</contains>
            <contains>TCL:StopArea:42281</contains>
            <centroidOfArea>TCL:AreaCentroid:S33302</centroidOfArea>
            <StopAreaExtension>
                <areaType>CommercialStopPoint</areaType>
                <fareCode>0</fareCode>
                <mobilityRestrictedSuitability>0</mobilityRestrictedSuitability>
            </StopAreaExtension>
        </StopArea>
        <StopArea>
            <objectId>TCL:StopArea:42282</objectId>
            <objectVersion>1</objectVersion>
            <creationTime>2015-01-15T08:18:23</creationTime>
            <name>Lissieu La Reserve</name>
            <contains>TCL:StopPoint:6963</contains>
            <contains>TCL:StopPoint:6964</contains>
            <centroidOfArea>TCL:AreaCentroid:42282</centroidOfArea>
            <StopAreaExtension>
                <areaType>BoardingPosition</areaType>
                <fareCode>0</fareCode>
                <mobilityRestrictedSuitability>0</mobilityRestrictedSuitability>
            </StopAreaExtension>
        </StopArea>
        <StopArea>
            <objectId>TCL:StopArea:S33303</objectId>
            <objectVersion>1</objectVersion>
            <creationTime>2015-01-15T08:18:23</creationTime>
            <name>Lissieu La Reserve</name>
            <contains>TCL:StopArea:42282</contains>
            <contains>TCL:StopArea:42283</contains>
            <centroidOfArea>TCL:AreaCentroid:S33303</centroidOfArea>
            <StopAreaExtension>
                <areaType>CommercialStopPoint</areaType>
                <fareCode>0</fareCode>
                <mobilityRestrictedSuitability>0</mobilityRestrictedSuitability>
            </StopAreaExtension>
        </StopArea>
        <StopArea>
            <objectId>TCL:StopArea:42284</objectId>
            <objectVersion>1</objectVersion>
            <creationTime>2015-01-15T08:18:23</creationTime>
            <name>Lissieu Centre Mairie</name>
            <contains>TCL:StopPoint:6967</contains>
            <contains>TCL:StopPoint:6968</contains>
            <centroidOfArea>TCL:AreaCentroid:42284</centroidOfArea>
            <StopAreaExtension>
                <areaType>BoardingPosition</areaType>
                <fareCode>0</fareCode>
                <mobilityRestrictedSuitability>0</mobilityRestrictedSuitability>
            </StopAreaExtension>
        </StopArea>
        <StopArea>
            <objectId>TCL:StopArea:S33304</objectId>
            <objectVersion>1</objectVersion>
            <creationTime>2015-01-15T08:18:23</creationTime>
            <name>Lissieu Centre Mairie</name>
            <contains>TCL:StopArea:42284</contains>
            <contains>TCL:StopArea:42285</contains>
            <centroidOfArea>TCL:AreaCentroid:S33304</centroidOfArea>
            <StopAreaExtension>
                <areaType>CommercialStopPoint</areaType>
                <fareCode>0</fareCode>
                <mobilityRestrictedSuitability>0</mobilityRestrictedSuitability>
            </StopAreaExtension>
        </StopArea>
        <StopArea>
            <objectId>TCL:StopArea:42285</objectId>
            <objectVersion>1</objectVersion>
            <creationTime>2015-01-15T08:18:23</creationTime>
            <name>Lissieu Centre Mairie</name>
            <contains>TCL:StopPoint:6969</contains>
            <contains>TCL:StopPoint:6970</contains>
            <centroidOfArea>TCL:AreaCentroid:42285</centroidOfArea>
            <StopAreaExtension>
                <areaType>BoardingPosition</areaType>
                <fareCode>0</fareCode>
                <mobilityRestrictedSuitability>0</mobilityRestrictedSuitability>
            </StopAreaExtension>
        </StopArea>
        <StopArea>
            <objectId>TCL:StopArea:42283</objectId>
            <objectVersion>1</objectVersion>
            <creationTime>2015-01-15T08:18:23</creationTime>
            <name>Lissieu La Reserve</name>
            <contains>TCL:StopPoint:6965</contains>
            <contains>TCL:StopPoint:6966</contains>
            <centroidOfArea>TCL:AreaCentroid:42283</centroidOfArea>
            <StopAreaExtension>
                <areaType>BoardingPosition</areaType>
                <fareCode>0</fareCode>
                <mobilityRestrictedSuitability>0</mobilityRestrictedSuitability>
            </StopAreaExtension>
        </StopArea>
        <StopArea>
            <objectId>TCL:StopArea:42281</objectId>
            <objectVersion>1</objectVersion>
            <creationTime>2015-01-15T08:18:23</creationTime>
            <name>Lissieu Le Nelie</name>
            <contains>TCL:StopPoint:6961</contains>
            <contains>TCL:StopPoint:6962</contains>
            <centroidOfArea>TCL:AreaCentroid:42281</centroidOfArea>
            <StopAreaExtension>
                <areaType>BoardingPosition</areaType>
                <fareCode>0</fareCode>
                <mobilityRestrictedSuitability>0</mobilityRestrictedSuitability>
            </StopAreaExtension>
        </StopArea>
        <StopArea>
            <objectId>TCL:StopArea:47446</objectId>
            <objectVersion>1</objectVersion>
            <creationTime>2015-01-15T08:18:23</creationTime>
            <name>Bois Dieu</name>
            <contains>TCL:StopPoint:9109</contains>
            <contains>TCL:StopPoint:9110</contains>
            <centroidOfArea>TCL:AreaCentroid:47446</centroidOfArea>
            <StopAreaExtension>
                <areaType>BoardingPosition</areaType>
                <fareCode>0</fareCode>
                <mobilityRestrictedSuitability>0</mobilityRestrictedSuitability>
            </StopAreaExtension>
        </StopArea>
        <StopArea>
            <objectId>TCL:StopArea:12120</objectId>
            <objectVersion>1</objectVersion>
            <creationTime>2015-01-15T08:18:23</creationTime>
            <name>Gare de Vaise</name>
            <contains>TCL:StopPoint:4581</contains>
            <contains>TCL:StopPoint:4582</contains>
            <centroidOfArea>TCL:AreaCentroid:12120</centroidOfArea>
            <StopAreaExtension>
                <areaType>BoardingPosition</areaType>
                <fareCode>0</fareCode>
                <mobilityRestrictedSuitability>1</mobilityRestrictedSuitability>
            </StopAreaExtension>
        </StopArea>
        <StopArea>
            <objectId>TCL:StopArea:S5103</objectId>
            <objectVersion>1</objectVersion>
            <creationTime>2015-01-15T08:18:23</creationTime>
            <name>Gare de Vaise</name>
            <contains>TCL:StopArea:12120</contains>
            <contains>TCL:StopArea:12045</contains>
            <centroidOfArea>TCL:AreaCentroid:S5103</centroidOfArea>
            <StopAreaExtension>
                <areaType>CommercialStopPoint</areaType>
                <fareCode>0</fareCode>
                <mobilityRestrictedSuitability>0</mobilityRestrictedSuitability>
            </StopAreaExtension>
        </StopArea>
        <StopArea>
            <objectId>TCL:StopArea:764</objectId>
            <objectVersion>1</objectVersion>
            <creationTime>2015-01-15T08:18:23</creationTime>
            <name>Duchere Balmont</name>
            <contains>TCL:StopPoint:785</contains>
            <contains>TCL:StopPoint:786</contains>
            <centroidOfArea>TCL:AreaCentroid:764</centroidOfArea>
            <StopAreaExtension>
                <areaType>BoardingPosition</areaType>
                <fareCode>0</fareCode>
                <mobilityRestrictedSuitability>1</mobilityRestrictedSuitability>
            </StopAreaExtension>
        </StopArea>
        <StopArea>
            <objectId>TCL:StopArea:S10366</objectId>
            <objectVersion>1</objectVersion>
            <creationTime>2015-01-15T08:18:23</creationTime>
            <name>Duchere Balmont</name>
            <contains>TCL:StopArea:764</contains>
            <contains>TCL:StopArea:763</contains>
            <centroidOfArea>TCL:AreaCentroid:S10366</centroidOfArea>
            <StopAreaExtension>
                <areaType>CommercialStopPoint</areaType>
                <fareCode>0</fareCode>
                <mobilityRestrictedSuitability>0</mobilityRestrictedSuitability>
            </StopAreaExtension>
        </StopArea>
        <StopArea>
            <objectId>TCL:StopArea:385</objectId>
            <objectVersion>1</objectVersion>
            <creationTime>2015-01-15T08:18:23</creationTime>
            <name>Champagne (ch.St Didier)</name>
            <contains>TCL:StopPoint:389</contains>
            <contains>TCL:StopPoint:390</contains>
            <centroidOfArea>TCL:AreaCentroid:385</centroidOfArea>
            <StopAreaExtension>
                <areaType>BoardingPosition</areaType>
                <fareCode>0</fareCode>
                <mobilityRestrictedSuitability>1</mobilityRestrictedSuitability>
            </StopAreaExtension>
        </StopArea>
        <StopArea>
            <objectId>TCL:StopArea:S10182</objectId>
            <objectVersion>1</objectVersion>
            <creationTime>2015-01-15T08:18:23</creationTime>
            <name>Champagne (ch.St Didier)</name>
            <contains>TCL:StopArea:385</contains>
            <contains>TCL:StopArea:386</contains>
            <centroidOfArea>TCL:AreaCentroid:S10182</centroidOfArea>
            <StopAreaExtension>
                <areaType>CommercialStopPoint</areaType>
                <fareCode>0</fareCode>
                <mobilityRestrictedSuitability>0</mobilityRestrictedSuitability>
            </StopAreaExtension>
        </StopArea>
        <StopArea>
            <objectId>TCL:StopArea:30166</objectId>
            <objectVersion>1</objectVersion>
            <creationTime>2015-01-15T08:18:23</creationTime>
            <name>La Gabrielle</name>
            <contains>TCL:StopPoint:4767</contains>
            <contains>TCL:StopPoint:4768</contains>
            <centroidOfArea>TCL:AreaCentroid:30166</centroidOfArea>
            <StopAreaExtension>
                <areaType>BoardingPosition</areaType>
                <fareCode>0</fareCode>
                <mobilityRestrictedSuitability>1</mobilityRestrictedSuitability>
            </StopAreaExtension>
        </StopArea>
        <StopArea>
            <objectId>TCL:StopArea:S10664</objectId>
            <objectVersion>1</objectVersion>
            <creationTime>2015-01-15T08:18:23</creationTime>
            <name>La Gabrielle</name>
            <contains>TCL:StopArea:30166</contains>
            <contains>TCL:StopArea:1393</contains>
            <centroidOfArea>TCL:AreaCentroid:S10664</centroidOfArea>
            <StopAreaExtension>
                <areaType>CommercialStopPoint</areaType>
                <fareCode>0</fareCode>
                <mobilityRestrictedSuitability>0</mobilityRestrictedSuitability>
            </StopAreaExtension>
        </StopArea>
        <StopArea>
            <objectId>TCL:StopArea:46242</objectId>
            <objectVersion>1</objectVersion>
            <creationTime>2015-01-15T08:18:23</creationTime>
            <name>Parc des Tuileries</name>
            <contains>TCL:StopPoint:8127</contains>
            <contains>TCL:StopPoint:8128</contains>
            <centroidOfArea>TCL:AreaCentroid:46242</centroidOfArea>
            <StopAreaExtension>
                <areaType>BoardingPosition</areaType>
                <fareCode>0</fareCode>
                <mobilityRestrictedSuitability>0</mobilityRestrictedSuitability>
            </StopAreaExtension>
        </StopArea>
        <StopArea>
            <objectId>TCL:StopArea:S34297</objectId>
            <objectVersion>1</objectVersion>
            <creationTime>2015-01-15T08:18:23</creationTime>
            <name>Parc des Tuileries</name>
            <contains>TCL:StopArea:46242</contains>
            <centroidOfArea>TCL:AreaCentroid:S34297</centroidOfArea>
            <StopAreaExtension>
                <areaType>CommercialStopPoint</areaType>
                <fareCode>0</fareCode>
                <mobilityRestrictedSuitability>0</mobilityRestrictedSuitability>
            </StopAreaExtension>
        </StopArea>
        <StopArea>
            <objectId>TCL:StopArea:12126</objectId>
            <objectVersion>1</objectVersion>
            <creationTime>2015-01-15T08:18:23</creationTime>
            <name>Porte de Lyon</name>
            <contains>TCL:StopPoint:4585</contains>
            <contains>TCL:StopPoint:4586</contains>
            <centroidOfArea>TCL:AreaCentroid:12126</centroidOfArea>
            <StopAreaExtension>
                <areaType>BoardingPosition</areaType>
                <fareCode>0</fareCode>
                <mobilityRestrictedSuitability>1</mobilityRestrictedSuitability>
            </StopAreaExtension>
        </StopArea>
        <StopArea>
            <objectId>TCL:StopArea:S11147</objectId>
            <objectVersion>1</objectVersion>
            <creationTime>2015-01-15T08:18:23</creationTime>
            <name>Porte de Lyon</name>
            <contains>TCL:StopArea:12126</contains>
            <centroidOfArea>TCL:AreaCentroid:S11147</centroidOfArea>
            <StopAreaExtension>
                <areaType>CommercialStopPoint</areaType>
                <fareCode>0</fareCode>
                <mobilityRestrictedSuitability>0</mobilityRestrictedSuitability>
            </StopAreaExtension>
        </StopArea>
        <StopArea>
            <objectId>TCL:StopArea:1393</objectId>
            <objectVersion>1</objectVersion>
            <creationTime>2015-01-15T08:18:23</creationTime>
            <name>La Gabrielle</name>
            <contains>TCL:StopPoint:1363</contains>
            <contains>TCL:StopPoint:1364</contains>
            <centroidOfArea>TCL:AreaCentroid:1393</centroidOfArea>
            <StopAreaExtension>
                <areaType>BoardingPosition</areaType>
                <fareCode>0</fareCode>
                <mobilityRestrictedSuitability>1</mobilityRestrictedSuitability>
            </StopAreaExtension>
        </StopArea>
        <StopArea>
            <objectId>TCL:StopArea:386</objectId>
            <objectVersion>1</objectVersion>
            <creationTime>2015-01-15T08:18:23</creationTime>
            <name>Champagne (ch.St Didier)</name>
            <contains>TCL:StopPoint:391</contains>
            <contains>TCL:StopPoint:392</contains>
            <centroidOfArea>TCL:AreaCentroid:386</centroidOfArea>
            <StopAreaExtension>
                <areaType>BoardingPosition</areaType>
                <fareCode>0</fareCode>
                <mobilityRestrictedSuitability>1</mobilityRestrictedSuitability>
            </StopAreaExtension>
        </StopArea>
        <StopArea>
            <objectId>TCL:StopArea:763</objectId>
            <objectVersion>1</objectVersion>
            <creationTime>2015-01-15T08:18:23</creationTime>
            <name>Duchere Balmont</name>
            <contains>TCL:StopPoint:783</contains>
            <contains>TCL:StopPoint:784</contains>
            <centroidOfArea>TCL:AreaCentroid:763</centroidOfArea>
            <StopAreaExtension>
                <areaType>BoardingPosition</areaType>
                <fareCode>0</fareCode>
                <mobilityRestrictedSuitability>1</mobilityRestrictedSuitability>
            </StopAreaExtension>
        </StopArea>
        <StopArea>
            <objectId>TCL:StopArea:12045</objectId>
            <objectVersion>1</objectVersion>
            <creationTime>2015-01-15T08:18:23</creationTime>
            <name>Gare de Vaise</name>
            <contains>TCL:StopPoint:4545</contains>
            <contains>TCL:StopPoint:4546</contains>
            <centroidOfArea>TCL:AreaCentroid:12045</centroidOfArea>
            <StopAreaExtension>
                <areaType>BoardingPosition</areaType>
                <fareCode>0</fareCode>
                <mobilityRestrictedSuitability>1</mobilityRestrictedSuitability>
            </StopAreaExtension>
        </StopArea>
        <AreaCentroid>
            <objectId>TCL:AreaCentroid:43614</objectId>
            <objectVersion>1</objectVersion>
            <creationTime>2015-01-15T08:18:23</creationTime>
            <longitude>4.736871990534</longitude>
            <latitude>45.84078997147</latitude>
            <longLatType>WGS84</longLatType>
            <containedIn>TCL:StopArea:43614</containedIn>
            <name>Bois Dieu</name>
        </AreaCentroid>
        <AreaCentroid>
            <objectId>TCL:AreaCentroid:S33760</objectId>
            <objectVersion>1</objectVersion>
            <creationTime>2015-01-15T08:18:23</creationTime>
            <longitude>4.737050992807</longitude>
            <latitude>45.840477506496</latitude>
            <longLatType>WGS84</longLatType>
            <containedIn>TCL:StopArea:S33760</containedIn>
            <name>Bois Dieu</name>
        </AreaCentroid>
        <AreaCentroid>
            <objectId>TCL:AreaCentroid:42280</objectId>
            <objectVersion>1</objectVersion>
            <creationTime>2015-01-15T08:18:23</creationTime>
            <longitude>4.733737013072</longitude>
            <latitude>45.851052974388</latitude>
            <longLatType>WGS84</longLatType>
            <containedIn>TCL:StopArea:42280</containedIn>
            <name>Lissieu Le Nelie</name>
        </AreaCentroid>
        <AreaCentroid>
            <objectId>TCL:AreaCentroid:S33302</objectId>
            <objectVersion>1</objectVersion>
            <creationTime>2015-01-15T08:18:23</creationTime>
            <longitude>4.7333149957985</longitude>
            <latitude>45.8499300042255</latitude>
            <longLatType>WGS84</longLatType>
            <containedIn>TCL:StopArea:S33302</containedIn>
            <name>Lissieu Le Nelie</name>
        </AreaCentroid>
        <AreaCentroid>
            <objectId>TCL:AreaCentroid:42282</objectId>
            <objectVersion>1</objectVersion>
            <creationTime>2015-01-15T08:18:23</creationTime>
            <longitude>4.739195085716</longitude>
            <latitude>45.857714538646</latitude>
            <longLatType>WGS84</longLatType>
            <containedIn>TCL:StopArea:42282</containedIn>
            <name>Lissieu La Reserve</name>
        </AreaCentroid>
        <AreaCentroid>
            <objectId>TCL:AreaCentroid:S33303</objectId>
            <objectVersion>1</objectVersion>
            <creationTime>2015-01-15T08:18:23</creationTime>
            <longitude>4.739293832896</longitude>
            <latitude>45.8579104515985</latitude>
            <longLatType>WGS84</longLatType>
            <containedIn>TCL:StopArea:S33303</containedIn>
            <name>Lissieu La Reserve</name>
        </AreaCentroid>
        <AreaCentroid>
            <objectId>TCL:AreaCentroid:42284</objectId>
            <objectVersion>1</objectVersion>
            <creationTime>2015-01-15T08:18:23</creationTime>
            <longitude>4.742446994713</longitude>
            <latitude>45.865716971471</latitude>
            <longLatType>WGS84</longLatType>
            <containedIn>TCL:StopArea:42284</containedIn>
            <name>Lissieu Centre Mairie</name>
        </AreaCentroid>
        <AreaCentroid>
            <objectId>TCL:AreaCentroid:S33304</objectId>
            <objectVersion>1</objectVersion>
            <creationTime>2015-01-15T08:18:23</creationTime>
            <longitude>4.742355993564001</longitude>
            <latitude>45.86522350092</latitude>
            <longLatType>WGS84</longLatType>
            <containedIn>TCL:StopArea:S33304</containedIn>
            <name>Lissieu Centre Mairie</name>
        </AreaCentroid>
        <AreaCentroid>
            <objectId>TCL:AreaCentroid:42285</objectId>
            <objectVersion>1</objectVersion>
            <creationTime>2015-01-15T08:18:23</creationTime>
            <longitude>4.742264992415</longitude>
            <latitude>45.864730030369</latitude>
            <longLatType>WGS84</longLatType>
            <containedIn>TCL:StopArea:42285</containedIn>
            <name>Lissieu Centre Mairie</name>
        </AreaCentroid>
        <AreaCentroid>
            <objectId>TCL:AreaCentroid:42283</objectId>
            <objectVersion>1</objectVersion>
            <creationTime>2015-01-15T08:18:23</creationTime>
            <longitude>4.739392580076</longitude>
            <latitude>45.858106364551</latitude>
            <longLatType>WGS84</longLatType>
            <containedIn>TCL:StopArea:42283</containedIn>
            <name>Lissieu La Reserve</name>
        </AreaCentroid>
        <AreaCentroid>
            <objectId>TCL:AreaCentroid:42281</objectId>
            <objectVersion>1</objectVersion>
            <creationTime>2015-01-15T08:18:23</creationTime>
            <longitude>4.732892978525</longitude>
            <latitude>45.848807034063</latitude>
            <longLatType>WGS84</longLatType>
            <containedIn>TCL:StopArea:42281</containedIn>
            <name>Lissieu Le Nelie</name>
        </AreaCentroid>
        <AreaCentroid>
            <objectId>TCL:AreaCentroid:47446</objectId>
            <objectVersion>1</objectVersion>
            <creationTime>2015-01-15T08:18:23</creationTime>
            <longitude>4.73722999508</longitude>
            <latitude>45.840165041522</latitude>
            <longLatType>WGS84</longLatType>
            <containedIn>TCL:StopArea:47446</containedIn>
            <name>Bois Dieu</name>
        </AreaCentroid>
        <AreaCentroid>
            <objectId>TCL:AreaCentroid:12120</objectId>
            <objectVersion>1</objectVersion>
            <creationTime>2015-01-15T08:18:23</creationTime>
            <longitude>4.804951360551</longitude>
            <latitude>45.781301735792</latitude>
            <longLatType>WGS84</longLatType>
            <containedIn>TCL:StopArea:12120</containedIn>
            <name>Gare de Vaise</name>
        </AreaCentroid>
        <AreaCentroid>
            <objectId>TCL:AreaCentroid:S5103</objectId>
            <objectVersion>1</objectVersion>
            <creationTime>2015-01-15T08:18:23</creationTime>
            <longitude>4.804653256824315</longitude>
            <latitude>45.78070132321238</latitude>
            <longLatType>WGS84</longLatType>
            <containedIn>TCL:StopArea:S5103</containedIn>
            <name>Gare de Vaise</name>
        </AreaCentroid>
        <AreaCentroid>
            <objectId>TCL:AreaCentroid:764</objectId>
            <objectVersion>1</objectVersion>
            <creationTime>2015-01-15T08:18:23</creationTime>
            <longitude>4.799067027821</longitude>
            <latitude>45.789432997659</latitude>
            <longLatType>WGS84</longLatType>
            <containedIn>TCL:StopArea:764</containedIn>
            <name>Duchere Balmont</name>
        </AreaCentroid>
        <AreaCentroid>
            <objectId>TCL:AreaCentroid:S10366</objectId>
            <objectVersion>1</objectVersion>
            <creationTime>2015-01-15T08:18:23</creationTime>
            <longitude>4.799428036944</longitude>
            <latitude>45.789263017658996</latitude>
            <longLatType>WGS84</longLatType>
            <containedIn>TCL:StopArea:S10366</containedIn>
            <name>Duchere Balmont</name>
        </AreaCentroid>
        <AreaCentroid>
            <objectId>TCL:AreaCentroid:385</objectId>
            <objectVersion>1</objectVersion>
            <creationTime>2015-01-15T08:18:23</creationTime>
            <longitude>4.786779972225</longitude>
            <latitude>45.800416032831</latitude>
            <longLatType>WGS84</longLatType>
            <containedIn>TCL:StopArea:385</containedIn>
            <name>Champagne (ch.St Didier)</name>
        </AreaCentroid>
        <AreaCentroid>
            <objectId>TCL:AreaCentroid:S10182</objectId>
            <objectVersion>1</objectVersion>
            <creationTime>2015-01-15T08:18:23</creationTime>
            <longitude>4.786935581790799</longitude>
            <latitude>45.800161345967</latitude>
            <longLatType>WGS84</longLatType>
            <containedIn>TCL:StopArea:S10182</containedIn>
            <name>Champagne (ch.St Didier)</name>
        </AreaCentroid>
        <AreaCentroid>
            <objectId>TCL:AreaCentroid:30166</objectId>
            <objectVersion>1</objectVersion>
            <creationTime>2015-01-15T08:18:23</creationTime>
            <longitude>4.780186940297</longitude>
            <latitude>45.807829971508</latitude>
            <longLatType>WGS84</longLatType>
            <containedIn>TCL:StopArea:30166</containedIn>
            <name>La Gabrielle</name>
        </AreaCentroid>
        <AreaCentroid>
            <objectId>TCL:AreaCentroid:S10664</objectId>
            <objectVersion>1</objectVersion>
            <creationTime>2015-01-15T08:18:23</creationTime>
            <longitude>4.779933851213333</longitude>
            <latitude>45.807995783843666</latitude>
            <longLatType>WGS84</longLatType>
            <containedIn>TCL:StopArea:S10664</containedIn>
            <name>La Gabrielle</name>
        </AreaCentroid>
        <AreaCentroid>
            <objectId>TCL:AreaCentroid:46242</objectId>
            <objectVersion>1</objectVersion>
            <creationTime>2015-01-15T08:18:23</creationTime>
            <longitude>4.766201423511</longitude>
            <latitude>45.822309241372</latitude>
            <longLatType>WGS84</longLatType>
            <containedIn>TCL:StopArea:46242</containedIn>
            <name>Parc des Tuileries</name>
        </AreaCentroid>
        <AreaCentroid>
            <objectId>TCL:AreaCentroid:S34297</objectId>
            <objectVersion>1</objectVersion>
            <creationTime>2015-01-15T08:18:23</creationTime>
            <longitude>4.7662</longitude>
            <latitude>45.8223</latitude>
            <longLatType>WGS84</longLatType>
            <containedIn>TCL:StopArea:S34297</containedIn>
            <name>Parc des Tuileries</name>
        </AreaCentroid>
        <AreaCentroid>
            <objectId>TCL:AreaCentroid:12126</objectId>
            <objectVersion>1</objectVersion>
            <creationTime>2015-01-15T08:18:23</creationTime>
            <longitude>4.763628018775</longitude>
            <latitude>45.82164996857</latitude>
            <longLatType>WGS84</longLatType>
            <containedIn>TCL:StopArea:12126</containedIn>
            <name>Porte de Lyon</name>
        </AreaCentroid>
        <AreaCentroid>
            <objectId>TCL:AreaCentroid:S11147</objectId>
            <objectVersion>1</objectVersion>
            <creationTime>2015-01-15T08:18:23</creationTime>
            <longitude>4.762969963838</longitude>
            <latitude>45.821591733358396</latitude>
            <longLatType>WGS84</longLatType>
            <containedIn>TCL:StopArea:S11147</containedIn>
            <name>Porte de Lyon</name>
        </AreaCentroid>
        <AreaCentroid>
            <objectId>TCL:AreaCentroid:1393</objectId>
            <objectVersion>1</objectVersion>
            <creationTime>2015-01-15T08:18:23</creationTime>
            <longitude>4.77975005995</longitude>
            <latitude>45.808240019177</latitude>
            <longLatType>WGS84</longLatType>
            <containedIn>TCL:StopArea:1393</containedIn>
            <name>La Gabrielle</name>
        </AreaCentroid>
        <AreaCentroid>
            <objectId>TCL:AreaCentroid:386</objectId>
            <objectVersion>1</objectVersion>
            <creationTime>2015-01-15T08:18:23</creationTime>
            <longitude>4.786714956725</longitude>
            <latitude>45.800323028787</latitude>
            <longLatType>WGS84</longLatType>
            <containedIn>TCL:StopArea:386</containedIn>
            <name>Champagne (ch.St Didier)</name>
        </AreaCentroid>
        <AreaCentroid>
            <objectId>TCL:AreaCentroid:763</objectId>
            <objectVersion>1</objectVersion>
            <creationTime>2015-01-15T08:18:23</creationTime>
            <longitude>4.799789046067</longitude>
            <latitude>45.789093037659</latitude>
            <longLatType>WGS84</longLatType>
            <containedIn>TCL:StopArea:763</containedIn>
            <name>Duchere Balmont</name>
        </AreaCentroid>
        <AreaCentroid>
            <objectId>TCL:AreaCentroid:12045</objectId>
            <objectVersion>1</objectVersion>
            <creationTime>2015-01-15T08:18:23</creationTime>
            <longitude>4.805233229194</longitude>
            <latitude>45.780989501854</latitude>
            <longLatType>WGS84</longLatType>
            <containedIn>TCL:StopArea:12045</containedIn>
            <name>Gare de Vaise</name>
        </AreaCentroid>
    </ChouetteArea>
    <ConnectionLink>
        <objectId>TCL:ConnectionLink:385_386</objectId>
        <objectVersion>1</objectVersion>
        <creationTime>2015-01-15T08:18:23</creationTime>
        <name>from Champagne (ch.St Didier) to Champagne (ch.St Didier)</name>
        <startOfLink>TCL:StopArea:385</startOfLink>
        <endOfLink>TCL:StopArea:386</endOfLink>
        <linkType>Overground</linkType>
        <defaultDuration>PT2M0S</defaultDuration>
    </ConnectionLink>
    <ConnectionLink>
        <objectId>TCL:ConnectionLink:763_764</objectId>
        <objectVersion>1</objectVersion>
        <creationTime>2015-01-15T08:18:23</creationTime>
        <name>from Duchere Balmont to Duchere Balmont</name>
        <startOfLink>TCL:StopArea:763</startOfLink>
        <endOfLink>TCL:StopArea:764</endOfLink>
        <linkType>Overground</linkType>
        <defaultDuration>PT2M0S</defaultDuration>
    </ConnectionLink>
    <ConnectionLink>
        <objectId>TCL:ConnectionLink:1393_30166</objectId>
        <objectVersion>1</objectVersion>
        <creationTime>2015-01-15T08:18:23</creationTime>
        <name>from La Gabrielle to La Gabrielle</name>
        <startOfLink>TCL:StopArea:1393</startOfLink>
        <endOfLink>TCL:StopArea:30166</endOfLink>
        <linkType>Overground</linkType>
        <defaultDuration>PT2M0S</defaultDuration>
    </ConnectionLink>
    <ConnectionLink>
        <objectId>TCL:ConnectionLink:12045_12120</objectId>
        <objectVersion>1</objectVersion>
        <creationTime>2015-01-15T08:18:23</creationTime>
        <name>from Gare de Vaise to Gare de Vaise</name>
        <startOfLink>TCL:StopArea:12045</startOfLink>
        <endOfLink>TCL:StopArea:12120</endOfLink>
        <linkType>Overground</linkType>
        <defaultDuration>PT2M0S</defaultDuration>
    </ConnectionLink>
    <ConnectionLink>
        <objectId>TCL:ConnectionLink:42281_42280</objectId>
        <objectVersion>1</objectVersion>
        <creationTime>2015-01-15T08:18:23</creationTime>
        <name>from Lissieu Le Nelie to Lissieu Le Nelie</name>
        <startOfLink>TCL:StopArea:42281</startOfLink>
        <endOfLink>TCL:StopArea:42280</endOfLink>
        <linkType>Overground</linkType>
        <defaultDuration>PT1M0S</defaultDuration>
    </ConnectionLink>
    <ConnectionLink>
        <objectId>TCL:ConnectionLink:42283_42282</objectId>
        <objectVersion>1</objectVersion>
        <creationTime>2015-01-15T08:18:23</creationTime>
        <name>from Lissieu La Reserve to Lissieu La Reserve</name>
        <startOfLink>TCL:StopArea:42283</startOfLink>
        <endOfLink>TCL:StopArea:42282</endOfLink>
        <linkType>Overground</linkType>
        <defaultDuration>PT1M0S</defaultDuration>
    </ConnectionLink>
    <ConnectionLink>
        <objectId>TCL:ConnectionLink:42285_42284</objectId>
        <objectVersion>1</objectVersion>
        <creationTime>2015-01-15T08:18:23</creationTime>
        <name>from Lissieu Centre Mairie to Lissieu Centre Mairie</name>
        <startOfLink>TCL:StopArea:42285</startOfLink>
        <endOfLink>TCL:StopArea:42284</endOfLink>
        <linkType>Overground</linkType>
        <defaultDuration>PT1M0S</defaultDuration>
    </ConnectionLink>
    <ConnectionLink>
        <objectId>TCL:ConnectionLink:47446_43614</objectId>
        <objectVersion>1</objectVersion>
        <creationTime>2015-01-15T08:18:23</creationTime>
        <name>from Bois Dieu to Bois Dieu</name>
        <startOfLink>TCL:StopArea:47446</startOfLink>
        <endOfLink>TCL:StopArea:43614</endOfLink>
        <linkType>Overground</linkType>
        <defaultDuration>PT1M0S</defaultDuration>
    </ConnectionLink>
    <Timetable>
        <objectId>TCL:Timetable:115A-010AM</objectId>
        <objectVersion>4</objectVersion>
        <creationTime>2015-01-15T00:04:24</creationTime>
        <creatorId>chouette</creatorId>
        <version>115A-010AM</version>
        <period>
            <startOfPeriod>2019-11-06</startOfPeriod>
            <endOfPeriod>2020-01-03</endOfPeriod>
        </period>
        <dayType>Monday</dayType>
        <dayType>Tuesday</dayType>
        <dayType>Wednesday</dayType>
        <dayType>Thursday</dayType>
        <dayType>Friday</dayType>
        <vehicleJourneyId>TCL:VehicleJourney:115A_6_1_010AM_017002</vehicleJourneyId>
        <vehicleJourneyId>TCL:VehicleJourney:115A_6_1_010AM_018002</vehicleJourneyId>
        <vehicleJourneyId>TCL:VehicleJourney:115A_6_2_010AM_014002</vehicleJourneyId>
        <comment>115A-010AM</comment>
    </Timetable>
    <Timetable>
        <objectId>TCL:Timetable:115A-010AV</objectId>
        <objectVersion>4</objectVersion>
        <creationTime>2015-01-15T00:04:24</creationTime>
        <creatorId>chouette</creatorId>
        <version>115A-010AV</version>
        <period>
            <startOfPeriod>2019-12-23</startOfPeriod>
            <endOfPeriod>2019-12-31</endOfPeriod>
        </period>
        <dayType>Monday</dayType>
        <dayType>Tuesday</dayType>
        <dayType>Wednesday</dayType>
        <dayType>Thursday</dayType>
        <dayType>Friday</dayType>
        <vehicleJourneyId>TCL:VehicleJourney:115A_6_1_010AV_016002</vehicleJourneyId>
        <vehicleJourneyId>TCL:VehicleJourney:115A_6_1_010AV_024002</vehicleJourneyId>
        <vehicleJourneyId>TCL:VehicleJourney:115A_6_2_010AV_022002</vehicleJourneyId>
        <comment>115A-010AV</comment>
    </Timetable>
    <ChouetteLineDescription>
        <Line>
            <objectId>TCL:Line:115A</objectId>
            <objectVersion>4</objectVersion>
            <creationTime>2015-01-14T22:57:22</creationTime>
            <creatorId>chouette</creatorId>
            <name>Bus 115</name>
            <transportModeName>Bus</transportModeName>
            <lineEnd>TCL:StopPoint:6967</lineEnd>
            <lineEnd>TCL:StopPoint:6968</lineEnd>
            <lineEnd>TCL:StopPoint:6969</lineEnd>
            <lineEnd>TCL:StopPoint:6970</lineEnd>
            <lineEnd>TCL:StopPoint:4581</lineEnd>
            <lineEnd>TCL:StopPoint:4582</lineEnd>
            <lineEnd>TCL:StopPoint:4545</lineEnd>
            <lineEnd>TCL:StopPoint:4546</lineEnd>
            <routeId>TCL:Route:115Aa1</routeId>
            <routeId>TCL:Route:115Ar2</routeId>
            <registration>
                <registrationNumber>115A</registrationNumber>
            </registration>
            <ptNetworkIdShortcut>TCL:GroupOfLine:TCL</ptNetworkIdShortcut>
            <LineExtension>
                <mobilityRestrictedSuitability>true</mobilityRestrictedSuitability>
            </LineExtension>
        </Line>
        <ChouetteRoute>
            <objectId>TCL:Route:115Aa1</objectId>
            <objectVersion>5</objectVersion>
            <creationTime>2015-01-14T22:56:40</creationTime>
            <creatorId>chouette</creatorId>
            <name>ALLER</name>
            <publishedName>115Aa1</publishedName>
            <number>115Aa1</number>
            <direction>A</direction>
            <ptLinkId>TCL:PtLink:4581A785</ptLinkId>
            <ptLinkId>TCL:PtLink:785A389</ptLinkId>
            <ptLinkId>TCL:PtLink:389A4767</ptLinkId>
            <ptLinkId>TCL:PtLink:4767A8127</ptLinkId>
            <ptLinkId>TCL:PtLink:8127A7343</ptLinkId>
            <ptLinkId>TCL:PtLink:7343A6959</ptLinkId>
            <ptLinkId>TCL:PtLink:6959A6963</ptLinkId>
            <ptLinkId>TCL:PtLink:6963A6968</ptLinkId>
            <journeyPatternId>TCL:JourneyPattern:115A_6_1_010AM_01</journeyPatternId>
            <journeyPatternId>TCL:JourneyPattern:115A_6_1_010AV_01</journeyPatternId>
            <journeyPatternId>TCL:JourneyPattern:115A_6_1_010AV_02</journeyPatternId>
            <comment>115Aa1</comment>
        </ChouetteRoute>
        <ChouetteRoute>
            <objectId>TCL:Route:115Ar2</objectId>
            <objectVersion>5</objectVersion>
            <creationTime>2015-01-14T22:56:40</creationTime>
            <creatorId>chouette</creatorId>
            <name>RETOUR</name>
            <publishedName>115Ar2</publishedName>
            <number>115Ar2</number>
            <direction>R</direction>
            <ptLinkId>TCL:PtLink:6969A6966</ptLinkId>
            <ptLinkId>TCL:PtLink:6966A6962</ptLinkId>
            <ptLinkId>TCL:PtLink:6962A9110</ptLinkId>
            <ptLinkId>TCL:PtLink:9110A4586</ptLinkId>
            <ptLinkId>TCL:PtLink:4586A1364</ptLinkId>
            <ptLinkId>TCL:PtLink:1364A392</ptLinkId>
            <ptLinkId>TCL:PtLink:392A784</ptLinkId>
            <ptLinkId>TCL:PtLink:784A4546</ptLinkId>
            <journeyPatternId>TCL:JourneyPattern:115A_6_2_010AM_01</journeyPatternId>
            <journeyPatternId>TCL:JourneyPattern:115A_6_2_010AV_02</journeyPatternId>
            <comment>115Ar2</comment>
        </ChouetteRoute>
        <StopPoint>
            <objectId>TCL:StopPoint:7343</objectId>
            <objectVersion>2</objectVersion>
            <creationTime>2015-01-14T22:27:54</creationTime>
            <creatorId>chouette</creatorId>
            <longitude>4.736871990534</longitude>
            <latitude>45.84078997147</latitude>
            <longLatType>WGS84</longLatType>
            <containedIn>TCL:StopArea:43614</containedIn>
            <name>Bois Dieu</name>
        </StopPoint>
        <StopPoint>
            <objectId>TCL:StopPoint:7344</objectId>
            <objectVersion>2</objectVersion>
            <creationTime>2015-01-14T22:27:54</creationTime>
            <creatorId>chouette</creatorId>
            <longitude>4.736871990534</longitude>
            <latitude>45.84078997147</latitude>
            <longLatType>WGS84</longLatType>
            <containedIn>TCL:StopArea:43614</containedIn>
            <name>Bois Dieu</name>
        </StopPoint>
        <StopPoint>
            <objectId>TCL:StopPoint:6959</objectId>
            <objectVersion>2</objectVersion>
            <creationTime>2015-01-14T22:27:54</creationTime>
            <creatorId>chouette</creatorId>
            <longitude>4.733737013072</longitude>
            <latitude>45.851052974388</latitude>
            <longLatType>WGS84</longLatType>
            <containedIn>TCL:StopArea:42280</containedIn>
            <name>Lissieu Le Nelie</name>
        </StopPoint>
        <StopPoint>
            <objectId>TCL:StopPoint:6960</objectId>
            <objectVersion>2</objectVersion>
            <creationTime>2015-01-14T22:27:54</creationTime>
            <creatorId>chouette</creatorId>
            <longitude>4.733737013072</longitude>
            <latitude>45.851052974388</latitude>
            <longLatType>WGS84</longLatType>
            <containedIn>TCL:StopArea:42280</containedIn>
            <name>Lissieu Le Nelie</name>
        </StopPoint>
        <StopPoint>
            <objectId>TCL:StopPoint:6963</objectId>
            <objectVersion>2</objectVersion>
            <creationTime>2015-01-14T22:27:54</creationTime>
            <creatorId>chouette</creatorId>
            <longitude>4.739195085716</longitude>
            <latitude>45.857714538646</latitude>
            <longLatType>WGS84</longLatType>
            <containedIn>TCL:StopArea:42282</containedIn>
            <name>Lissieu La Reserve</name>
        </StopPoint>
        <StopPoint>
            <objectId>TCL:StopPoint:6964</objectId>
            <objectVersion>2</objectVersion>
            <creationTime>2015-01-14T22:27:54</creationTime>
            <creatorId>chouette</creatorId>
            <longitude>4.739195085716</longitude>
            <latitude>45.857714538646</latitude>
            <longLatType>WGS84</longLatType>
            <containedIn>TCL:StopArea:42282</containedIn>
            <name>Lissieu La Reserve</name>
        </StopPoint>
        <StopPoint>
            <objectId>TCL:StopPoint:6967</objectId>
            <objectVersion>2</objectVersion>
            <creationTime>2015-01-14T22:27:54</creationTime>
            <creatorId>chouette</creatorId>
            <longitude>4.742446994713</longitude>
            <latitude>45.865716971471</latitude>
            <longLatType>WGS84</longLatType>
            <containedIn>TCL:StopArea:42284</containedIn>
            <name>Lissieu Centre Mairie</name>
        </StopPoint>
        <StopPoint>
            <objectId>TCL:StopPoint:6968</objectId>
            <objectVersion>2</objectVersion>
            <creationTime>2015-01-14T22:27:54</creationTime>
            <creatorId>chouette</creatorId>
            <longitude>4.742446994713</longitude>
            <latitude>45.865716971471</latitude>
            <longLatType>WGS84</longLatType>
            <containedIn>TCL:StopArea:42284</containedIn>
            <name>Lissieu Centre Mairie</name>
        </StopPoint>
        <StopPoint>
            <objectId>TCL:StopPoint:6969</objectId>
            <objectVersion>2</objectVersion>
            <creationTime>2015-01-14T22:27:54</creationTime>
            <creatorId>chouette</creatorId>
            <longitude>4.742264992415</longitude>
            <latitude>45.864730030369</latitude>
            <longLatType>WGS84</longLatType>
            <containedIn>TCL:StopArea:42285</containedIn>
            <name>Lissieu Centre Mairie</name>
        </StopPoint>
        <StopPoint>
            <objectId>TCL:StopPoint:6970</objectId>
            <objectVersion>2</objectVersion>
            <creationTime>2015-01-14T22:27:54</creationTime>
            <creatorId>chouette</creatorId>
            <longitude>4.742264992415</longitude>
            <latitude>45.864730030369</latitude>
            <longLatType>WGS84</longLatType>
            <containedIn>TCL:StopArea:42285</containedIn>
            <name>Lissieu Centre Mairie</name>
        </StopPoint>
        <StopPoint>
            <objectId>TCL:StopPoint:6965</objectId>
            <objectVersion>2</objectVersion>
            <creationTime>2015-01-14T22:27:54</creationTime>
            <creatorId>chouette</creatorId>
            <longitude>4.739392580076</longitude>
            <latitude>45.858106364551</latitude>
            <longLatType>WGS84</longLatType>
            <containedIn>TCL:StopArea:42283</containedIn>
            <name>Lissieu La Reserve</name>
        </StopPoint>
        <StopPoint>
            <objectId>TCL:StopPoint:6966</objectId>
            <objectVersion>2</objectVersion>
            <creationTime>2015-01-14T22:27:54</creationTime>
            <creatorId>chouette</creatorId>
            <longitude>4.739392580076</longitude>
            <latitude>45.858106364551</latitude>
            <longLatType>WGS84</longLatType>
            <containedIn>TCL:StopArea:42283</containedIn>
            <name>Lissieu La Reserve</name>
        </StopPoint>
        <StopPoint>
            <objectId>TCL:StopPoint:6961</objectId>
            <objectVersion>2</objectVersion>
            <creationTime>2015-01-14T22:27:54</creationTime>
            <creatorId>chouette</creatorId>
            <longitude>4.732892978525</longitude>
            <latitude>45.848807034063</latitude>
            <longLatType>WGS84</longLatType>
            <containedIn>TCL:StopArea:42281</containedIn>
            <name>Lissieu Le Nelie</name>
        </StopPoint>
        <StopPoint>
            <objectId>TCL:StopPoint:6962</objectId>
            <objectVersion>2</objectVersion>
            <creationTime>2015-01-14T22:27:54</creationTime>
            <creatorId>chouette</creatorId>
            <longitude>4.732892978525</longitude>
            <latitude>45.848807034063</latitude>
            <longLatType>WGS84</longLatType>
            <containedIn>TCL:StopArea:42281</containedIn>
            <name>Lissieu Le Nelie</name>
        </StopPoint>
        <StopPoint>
            <objectId>TCL:StopPoint:9109</objectId>
            <objectVersion>2</objectVersion>
            <creationTime>2015-01-14T22:27:54</creationTime>
            <creatorId>chouette</creatorId>
            <longitude>4.73722999508</longitude>
            <latitude>45.840165041522</latitude>
            <longLatType>WGS84</longLatType>
            <containedIn>TCL:StopArea:47446</containedIn>
            <name>Bois Dieu</name>
        </StopPoint>
        <StopPoint>
            <objectId>TCL:StopPoint:9110</objectId>
            <objectVersion>2</objectVersion>
            <creationTime>2015-01-14T22:27:54</creationTime>
            <creatorId>chouette</creatorId>
            <longitude>4.73722999508</longitude>
            <latitude>45.840165041522</latitude>
            <longLatType>WGS84</longLatType>
            <containedIn>TCL:StopArea:47446</containedIn>
            <name>Bois Dieu</name>
        </StopPoint>
        <StopPoint>
            <objectId>TCL:StopPoint:4581</objectId>
            <objectVersion>2</objectVersion>
            <creationTime>2015-01-14T22:27:54</creationTime>
            <creatorId>chouette</creatorId>
            <longitude>4.804951360551</longitude>
            <latitude>45.781301735792</latitude>
            <longLatType>WGS84</longLatType>
            <containedIn>TCL:StopArea:12120</containedIn>
            <name>Gare de Vaise</name>
        </StopPoint>
        <StopPoint>
            <objectId>TCL:StopPoint:4582</objectId>
            <objectVersion>2</objectVersion>
            <creationTime>2015-01-14T22:27:54</creationTime>
            <creatorId>chouette</creatorId>
            <longitude>4.804951360551</longitude>
            <latitude>45.781301735792</latitude>
            <longLatType>WGS84</longLatType>
            <containedIn>TCL:StopArea:12120</containedIn>
            <name>Gare de Vaise</name>
        </StopPoint>
        <StopPoint>
            <objectId>TCL:StopPoint:785</objectId>
            <objectVersion>2</objectVersion>
            <creationTime>2015-01-14T22:27:54</creationTime>
            <creatorId>chouette</creatorId>
            <longitude>4.799067027821</longitude>
            <latitude>45.789432997659</latitude>
            <longLatType>WGS84</longLatType>
            <containedIn>TCL:StopArea:764</containedIn>
            <name>Duchere Balmont</name>
        </StopPoint>
        <StopPoint>
            <objectId>TCL:StopPoint:786</objectId>
            <objectVersion>2</objectVersion>
            <creationTime>2015-01-14T22:27:54</creationTime>
            <creatorId>chouette</creatorId>
            <longitude>4.799067027821</longitude>
            <latitude>45.789432997659</latitude>
            <longLatType>WGS84</longLatType>
            <containedIn>TCL:StopArea:764</containedIn>
            <name>Duchere Balmont</name>
        </StopPoint>
        <StopPoint>
            <objectId>TCL:StopPoint:389</objectId>
            <objectVersion>2</objectVersion>
            <creationTime>2015-01-14T22:27:54</creationTime>
            <creatorId>chouette</creatorId>
            <longitude>4.786779972225</longitude>
            <latitude>45.800416032831</latitude>
            <longLatType>WGS84</longLatType>
            <containedIn>TCL:StopArea:385</containedIn>
            <name>Champagne (ch.St Didier)</name>
        </StopPoint>
        <StopPoint>
            <objectId>TCL:StopPoint:390</objectId>
            <objectVersion>2</objectVersion>
            <creationTime>2015-01-14T22:27:54</creationTime>
            <creatorId>chouette</creatorId>
            <longitude>4.786779972225</longitude>
            <latitude>45.800416032831</latitude>
            <longLatType>WGS84</longLatType>
            <containedIn>TCL:StopArea:385</containedIn>
            <name>Champagne (ch.St Didier)</name>
        </StopPoint>
        <StopPoint>
            <objectId>TCL:StopPoint:4767</objectId>
            <objectVersion>2</objectVersion>
            <creationTime>2015-01-14T22:27:54</creationTime>
            <creatorId>chouette</creatorId>
            <longitude>4.780186940297</longitude>
            <latitude>45.807829971508</latitude>
            <longLatType>WGS84</longLatType>
            <containedIn>TCL:StopArea:30166</containedIn>
            <name>La Gabrielle</name>
        </StopPoint>
        <StopPoint>
            <objectId>TCL:StopPoint:4768</objectId>
            <objectVersion>2</objectVersion>
            <creationTime>2015-01-14T22:27:54</creationTime>
            <creatorId>chouette</creatorId>
            <longitude>4.780186940297</longitude>
            <latitude>45.807829971508</latitude>
            <longLatType>WGS84</longLatType>
            <containedIn>TCL:StopArea:30166</containedIn>
            <name>La Gabrielle</name>
        </StopPoint>
        <StopPoint>
            <objectId>TCL:StopPoint:8127</objectId>
            <objectVersion>2</objectVersion>
            <creationTime>2015-01-14T22:27:54</creationTime>
            <creatorId>chouette</creatorId>
            <longitude>4.766201423511</longitude>
            <latitude>45.822309241372</latitude>
            <longLatType>WGS84</longLatType>
            <containedIn>TCL:StopArea:46242</containedIn>
            <name>Parc des Tuileries</name>
        </StopPoint>
        <StopPoint>
            <objectId>TCL:StopPoint:8128</objectId>
            <objectVersion>2</objectVersion>
            <creationTime>2015-01-14T22:27:54</creationTime>
            <creatorId>chouette</creatorId>
            <longitude>4.766201423511</longitude>
            <latitude>45.822309241372</latitude>
            <longLatType>WGS84</longLatType>
            <containedIn>TCL:StopArea:46242</containedIn>
            <name>Parc des Tuileries</name>
        </StopPoint>
        <StopPoint>
            <objectId>TCL:StopPoint:4585</objectId>
            <objectVersion>2</objectVersion>
            <creationTime>2015-01-14T22:27:54</creationTime>
            <creatorId>chouette</creatorId>
            <longitude>4.763628018775</longitude>
            <latitude>45.82164996857</latitude>
            <longLatType>WGS84</longLatType>
            <containedIn>TCL:StopArea:12126</containedIn>
            <name>Porte de Lyon</name>
        </StopPoint>
        <StopPoint>
            <objectId>TCL:StopPoint:4586</objectId>
            <objectVersion>2</objectVersion>
            <creationTime>2015-01-14T22:27:54</creationTime>
            <creatorId>chouette</creatorId>
            <longitude>4.763628018775</longitude>
            <latitude>45.82164996857</latitude>
            <longLatType>WGS84</longLatType>
            <containedIn>TCL:StopArea:12126</containedIn>
            <name>Porte de Lyon</name>
        </StopPoint>
        <StopPoint>
            <objectId>TCL:StopPoint:1363</objectId>
            <objectVersion>2</objectVersion>
            <creationTime>2015-01-14T22:27:54</creationTime>
            <creatorId>chouette</creatorId>
            <longitude>4.77975005995</longitude>
            <latitude>45.808240019177</latitude>
            <longLatType>WGS84</longLatType>
            <containedIn>TCL:StopArea:1393</containedIn>
            <name>La Gabrielle</name>
        </StopPoint>
        <StopPoint>
            <objectId>TCL:StopPoint:1364</objectId>
            <objectVersion>2</objectVersion>
            <creationTime>2015-01-14T22:27:54</creationTime>
            <creatorId>chouette</creatorId>
            <longitude>4.77975005995</longitude>
            <latitude>45.808240019177</latitude>
            <longLatType>WGS84</longLatType>
            <containedIn>TCL:StopArea:1393</containedIn>
            <name>La Gabrielle</name>
        </StopPoint>
        <StopPoint>
            <objectId>TCL:StopPoint:391</objectId>
            <objectVersion>2</objectVersion>
            <creationTime>2015-01-14T22:27:54</creationTime>
            <creatorId>chouette</creatorId>
            <longitude>4.786714956725</longitude>
            <latitude>45.800323028787</latitude>
            <longLatType>WGS84</longLatType>
            <containedIn>TCL:StopArea:386</containedIn>
            <name>Champagne (ch.St Didier)</name>
        </StopPoint>
        <StopPoint>
            <objectId>TCL:StopPoint:392</objectId>
            <objectVersion>2</objectVersion>
            <creationTime>2015-01-14T22:27:54</creationTime>
            <creatorId>chouette</creatorId>
            <longitude>4.786714956725</longitude>
            <latitude>45.800323028787</latitude>
            <longLatType>WGS84</longLatType>
            <containedIn>TCL:StopArea:386</containedIn>
            <name>Champagne (ch.St Didier)</name>
        </StopPoint>
        <StopPoint>
            <objectId>TCL:StopPoint:783</objectId>
            <objectVersion>2</objectVersion>
            <creationTime>2015-01-14T22:27:54</creationTime>
            <creatorId>chouette</creatorId>
            <longitude>4.799789046067</longitude>
            <latitude>45.789093037659</latitude>
            <longLatType>WGS84</longLatType>
            <containedIn>TCL:StopArea:763</containedIn>
            <name>Duchere Balmont</name>
        </StopPoint>
        <StopPoint>
            <objectId>TCL:StopPoint:784</objectId>
            <objectVersion>2</objectVersion>
            <creationTime>2015-01-14T22:27:54</creationTime>
            <creatorId>chouette</creatorId>
            <longitude>4.799789046067</longitude>
            <latitude>45.789093037659</latitude>
            <longLatType>WGS84</longLatType>
            <containedIn>TCL:StopArea:763</containedIn>
            <name>Duchere Balmont</name>
        </StopPoint>
        <StopPoint>
            <objectId>TCL:StopPoint:4545</objectId>
            <objectVersion>2</objectVersion>
            <creationTime>2015-01-14T22:27:54</creationTime>
            <creatorId>chouette</creatorId>
            <longitude>4.805233229194</longitude>
            <latitude>45.780989501854</latitude>
            <longLatType>WGS84</longLatType>
            <containedIn>TCL:StopArea:12045</containedIn>
            <name>Gare de Vaise</name>
        </StopPoint>
        <StopPoint>
            <objectId>TCL:StopPoint:4546</objectId>
            <objectVersion>2</objectVersion>
            <creationTime>2015-01-14T22:27:54</creationTime>
            <creatorId>chouette</creatorId>
            <longitude>4.805233229194</longitude>
            <latitude>45.780989501854</latitude>
            <longLatType>WGS84</longLatType>
            <containedIn>TCL:StopArea:12045</containedIn>
            <name>Gare de Vaise</name>
        </StopPoint>
        <PtLink>
            <objectId>TCL:PtLink:4581A785</objectId>
            <objectVersion>1</objectVersion>
            <creationTime>2015-01-15T08:42:56</creationTime>
            <startOfLink>TCL:StopPoint:4581</startOfLink>
            <endOfLink>TCL:StopPoint:785</endOfLink>
        </PtLink>
        <PtLink>
            <objectId>TCL:PtLink:785A389</objectId>
            <objectVersion>1</objectVersion>
            <creationTime>2015-01-15T08:42:56</creationTime>
            <startOfLink>TCL:StopPoint:785</startOfLink>
            <endOfLink>TCL:StopPoint:389</endOfLink>
        </PtLink>
        <PtLink>
            <objectId>TCL:PtLink:389A4767</objectId>
            <objectVersion>1</objectVersion>
            <creationTime>2015-01-15T08:42:56</creationTime>
            <startOfLink>TCL:StopPoint:389</startOfLink>
            <endOfLink>TCL:StopPoint:4767</endOfLink>
        </PtLink>
        <PtLink>
            <objectId>TCL:PtLink:4767A8127</objectId>
            <objectVersion>1</objectVersion>
            <creationTime>2015-01-15T08:42:56</creationTime>
            <startOfLink>TCL:StopPoint:4767</startOfLink>
            <endOfLink>TCL:StopPoint:8127</endOfLink>
        </PtLink>
        <PtLink>
            <objectId>TCL:PtLink:8127A7343</objectId>
            <objectVersion>1</objectVersion>
            <creationTime>2015-01-15T08:42:56</creationTime>
            <startOfLink>TCL:StopPoint:8127</startOfLink>
            <endOfLink>TCL:StopPoint:7343</endOfLink>
        </PtLink>
        <PtLink>
            <objectId>TCL:PtLink:7343A6959</objectId>
            <objectVersion>1</objectVersion>
            <creationTime>2015-01-15T08:42:56</creationTime>
            <startOfLink>TCL:StopPoint:7343</startOfLink>
            <endOfLink>TCL:StopPoint:6959</endOfLink>
        </PtLink>
        <PtLink>
            <objectId>TCL:PtLink:6959A6963</objectId>
            <objectVersion>1</objectVersion>
            <creationTime>2015-01-15T08:42:56</creationTime>
            <startOfLink>TCL:StopPoint:6959</startOfLink>
            <endOfLink>TCL:StopPoint:6963</endOfLink>
        </PtLink>
        <PtLink>
            <objectId>TCL:PtLink:6963A6968</objectId>
            <objectVersion>1</objectVersion>
            <creationTime>2015-01-15T08:42:56</creationTime>
            <startOfLink>TCL:StopPoint:6963</startOfLink>
            <endOfLink>TCL:StopPoint:6968</endOfLink>
        </PtLink>
        <PtLink>
            <objectId>TCL:PtLink:6969A6966</objectId>
            <objectVersion>1</objectVersion>
            <creationTime>2015-01-15T08:42:56</creationTime>
            <startOfLink>TCL:StopPoint:6969</startOfLink>
            <endOfLink>TCL:StopPoint:6966</endOfLink>
        </PtLink>
        <PtLink>
            <objectId>TCL:PtLink:6966A6962</objectId>
            <objectVersion>1</objectVersion>
            <creationTime>2015-01-15T08:42:56</creationTime>
            <startOfLink>TCL:StopPoint:6966</startOfLink>
            <endOfLink>TCL:StopPoint:6962</endOfLink>
        </PtLink>
        <PtLink>
            <objectId>TCL:PtLink:6962A9110</objectId>
            <objectVersion>1</objectVersion>
            <creationTime>2015-01-15T08:42:56</creationTime>
            <startOfLink>TCL:StopPoint:6962</startOfLink>
            <endOfLink>TCL:StopPoint:9110</endOfLink>
        </PtLink>
        <PtLink>
            <objectId>TCL:PtLink:9110A4586</objectId>
            <objectVersion>1</objectVersion>
            <creationTime>2015-01-15T08:42:56</creationTime>
            <startOfLink>TCL:StopPoint:9110</startOfLink>
            <endOfLink>TCL:StopPoint:4586</endOfLink>
        </PtLink>
        <PtLink>
            <objectId>TCL:PtLink:4586A1364</objectId>
            <objectVersion>1</objectVersion>
            <creationTime>2015-01-15T08:42:56</creationTime>
            <startOfLink>TCL:StopPoint:4586</startOfLink>
            <endOfLink>TCL:StopPoint:1364</endOfLink>
        </PtLink>
        <PtLink>
            <objectId>TCL:PtLink:1364A392</objectId>
            <objectVersion>1</objectVersion>
            <creationTime>2015-01-15T08:42:56</creationTime>
            <startOfLink>TCL:StopPoint:1364</startOfLink>
            <endOfLink>TCL:StopPoint:392</endOfLink>
        </PtLink>
        <PtLink>
            <objectId>TCL:PtLink:392A784</objectId>
            <objectVersion>1</objectVersion>
            <creationTime>2015-01-15T08:42:56</creationTime>
            <startOfLink>TCL:StopPoint:392</startOfLink>
            <endOfLink>TCL:StopPoint:784</endOfLink>
        </PtLink>
        <PtLink>
            <objectId>TCL:PtLink:784A4546</objectId>
            <objectVersion>1</objectVersion>
            <creationTime>2015-01-15T08:42:56</creationTime>
            <startOfLink>TCL:StopPoint:784</startOfLink>
            <endOfLink>TCL:StopPoint:4546</endOfLink>
        </PtLink>
        <JourneyPattern>
            <objectId>TCL:JourneyPattern:115A_6_1_010AM_01</objectId>
            <objectVersion>12</objectVersion>
            <creationTime>2015-01-15T00:18:11</creationTime>
            <creatorId>chouette</creatorId>
            <name>115A_6_1_010AM_01</name>
            <publishedName></publishedName>
            <routeId>TCL:Route:115Aa1</routeId>
            <origin>TCL:StopPoint:4581</origin>
            <destination>TCL:StopPoint:6968</destination>
            <stopPointList>TCL:StopPoint:4581</stopPointList>
            <stopPointList>TCL:StopPoint:785</stopPointList>
            <stopPointList>TCL:StopPoint:389</stopPointList>
            <stopPointList>TCL:StopPoint:4767</stopPointList>
            <stopPointList>TCL:StopPoint:8127</stopPointList>
            <stopPointList>TCL:StopPoint:7343</stopPointList>
            <stopPointList>TCL:StopPoint:6959</stopPointList>
            <stopPointList>TCL:StopPoint:6963</stopPointList>
            <stopPointList>TCL:StopPoint:6968</stopPointList>
            <lineIdShortcut>TCL:Line:115A</lineIdShortcut>
            <comment></comment>
        </JourneyPattern>
        <JourneyPattern>
            <objectId>TCL:JourneyPattern:115A_6_1_010AV_01</objectId>
            <objectVersion>12</objectVersion>
            <creationTime>2015-01-15T00:18:11</creationTime>
            <creatorId>chouette</creatorId>
            <name>115A_6_1_010AV_01</name>
            <publishedName></publishedName>
            <routeId>TCL:Route:115Aa1</routeId>
            <origin>TCL:StopPoint:4581</origin>
            <destination>TCL:StopPoint:6968</destination>
            <stopPointList>TCL:StopPoint:4581</stopPointList>
            <stopPointList>TCL:StopPoint:785</stopPointList>
            <stopPointList>TCL:StopPoint:389</stopPointList>
            <stopPointList>TCL:StopPoint:4767</stopPointList>
            <stopPointList>TCL:StopPoint:8127</stopPointList>
            <stopPointList>TCL:StopPoint:7343</stopPointList>
            <stopPointList>TCL:StopPoint:6959</stopPointList>
            <stopPointList>TCL:StopPoint:6963</stopPointList>
            <stopPointList>TCL:StopPoint:6968</stopPointList>
            <lineIdShortcut>TCL:Line:115A</lineIdShortcut>
            <comment></comment>
        </JourneyPattern>
        <JourneyPattern>
            <objectId>TCL:JourneyPattern:115A_6_1_010AV_02</objectId>
            <objectVersion>12</objectVersion>
            <creationTime>2015-01-15T00:18:11</creationTime>
            <creatorId>chouette</creatorId>
            <name>115A_6_1_010AV_02</name>
            <publishedName></publishedName>
            <routeId>TCL:Route:115Aa1</routeId>
            <origin>TCL:StopPoint:4581</origin>
            <destination>TCL:StopPoint:6968</destination>
            <stopPointList>TCL:StopPoint:4581</stopPointList>
            <stopPointList>TCL:StopPoint:785</stopPointList>
            <stopPointList>TCL:StopPoint:389</stopPointList>
            <stopPointList>TCL:StopPoint:4767</stopPointList>
            <stopPointList>TCL:StopPoint:8127</stopPointList>
            <stopPointList>TCL:StopPoint:7343</stopPointList>
            <stopPointList>TCL:StopPoint:6959</stopPointList>
            <stopPointList>TCL:StopPoint:6963</stopPointList>
            <stopPointList>TCL:StopPoint:6968</stopPointList>
            <lineIdShortcut>TCL:Line:115A</lineIdShortcut>
            <comment></comment>
        </JourneyPattern>
        <JourneyPattern>
            <objectId>TCL:JourneyPattern:115A_6_2_010AM_01</objectId>
            <objectVersion>12</objectVersion>
            <creationTime>2015-01-15T00:18:11</creationTime>
            <creatorId>chouette</creatorId>
            <name>115A_6_2_010AM_01</name>
            <publishedName></publishedName>
            <routeId>TCL:Route:115Ar2</routeId>
            <origin>TCL:StopPoint:6969</origin>
            <destination>TCL:StopPoint:4546</destination>
            <stopPointList>TCL:StopPoint:6969</stopPointList>
            <stopPointList>TCL:StopPoint:6966</stopPointList>
            <stopPointList>TCL:StopPoint:6962</stopPointList>
            <stopPointList>TCL:StopPoint:9110</stopPointList>
            <stopPointList>TCL:StopPoint:4586</stopPointList>
            <stopPointList>TCL:StopPoint:1364</stopPointList>
            <stopPointList>TCL:StopPoint:392</stopPointList>
            <stopPointList>TCL:StopPoint:784</stopPointList>
            <stopPointList>TCL:StopPoint:4546</stopPointList>
            <lineIdShortcut>TCL:Line:115A</lineIdShortcut>
            <comment></comment>
        </JourneyPattern>
        <JourneyPattern>
            <objectId>TCL:JourneyPattern:115A_6_2_010AV_02</objectId>
            <objectVersion>12</objectVersion>
            <creationTime>2015-01-15T00:18:11</creationTime>
            <creatorId>chouette</creatorId>
            <name>115A_6_2_010AV_02</name>
            <publishedName></publishedName>
            <routeId>TCL:Route:115Ar2</routeId>
            <origin>TCL:StopPoint:6969</origin>
            <destination>TCL:StopPoint:4546</destination>
            <stopPointList>TCL:StopPoint:6969</stopPointList>
            <stopPointList>TCL:StopPoint:6966</stopPointList>
            <stopPointList>TCL:StopPoint:6962</stopPointList>
            <stopPointList>TCL:StopPoint:9110</stopPointList>
            <stopPointList>TCL:StopPoint:4586</stopPointList>
            <stopPointList>TCL:StopPoint:1364</stopPointList>
            <stopPointList>TCL:StopPoint:392</stopPointList>
            <stopPointList>TCL:StopPoint:784</stopPointList>
            <stopPointList>TCL:StopPoint:4546</stopPointList>
            <lineIdShortcut>TCL:Line:115A</lineIdShortcut>
            <comment></comment>
        </JourneyPattern>
        <VehicleJourney>
            <objectId>TCL:VehicleJourney:115A_6_1_010AM_017002</objectId>
            <objectVersion>6</objectVersion>
            <creationTime>2015-01-14T23:15:04</creationTime>
            <creatorId>chouette</creatorId>
            <routeId>TCL:Route:115Aa1</routeId>
            <journeyPatternId>TCL:JourneyPattern:115A_6_1_010AM_01</journeyPatternId>
            <transportMode>Other</transportMode>
            <operatorId>TCL:Company:1</operatorId>
            <number>17002</number>
            <vehicleJourneyAtStop>
                <stopPointId>TCL:StopPoint:4581</stopPointId>
                <vehicleJourneyId>TCL:VehicleJourney:115A_6_1_010AM_017002</vehicleJourneyId>
                <arrivalTime>16:40:00</arrivalTime>
                <departureTime>16:40:00</departureTime>
                <order>1</order>
            </vehicleJourneyAtStop>
            <vehicleJourneyAtStop>
                <stopPointId>TCL:StopPoint:785</stopPointId>
                <vehicleJourneyId>TCL:VehicleJourney:115A_6_1_010AM_017002</vehicleJourneyId>
                <arrivalTime>16:43:00</arrivalTime>
                <departureTime>16:43:00</departureTime>
                <order>1</order>
            </vehicleJourneyAtStop>
            <vehicleJourneyAtStop>
                <stopPointId>TCL:StopPoint:389</stopPointId>
                <vehicleJourneyId>TCL:VehicleJourney:115A_6_1_010AM_017002</vehicleJourneyId>
                <arrivalTime>16:48:00</arrivalTime>
                <departureTime>16:48:00</departureTime>
                <order>1</order>
            </vehicleJourneyAtStop>
            <vehicleJourneyAtStop>
                <stopPointId>TCL:StopPoint:4767</stopPointId>
                <vehicleJourneyId>TCL:VehicleJourney:115A_6_1_010AM_017002</vehicleJourneyId>
                <arrivalTime>16:51:00</arrivalTime>
                <departureTime>16:51:00</departureTime>
                <order>1</order>
            </vehicleJourneyAtStop>
            <vehicleJourneyAtStop>
                <stopPointId>TCL:StopPoint:8127</stopPointId>
                <vehicleJourneyId>TCL:VehicleJourney:115A_6_1_010AM_017002</vehicleJourneyId>
                <arrivalTime>16:57:00</arrivalTime>
                <departureTime>16:57:00</departureTime>
                <order>1</order>
            </vehicleJourneyAtStop>
            <vehicleJourneyAtStop>
                <stopPointId>TCL:StopPoint:7343</stopPointId>
                <vehicleJourneyId>TCL:VehicleJourney:115A_6_1_010AM_017002</vehicleJourneyId>
                <arrivalTime>17:07:00</arrivalTime>
                <departureTime>17:07:00</departureTime>
                <order>1</order>
            </vehicleJourneyAtStop>
            <vehicleJourneyAtStop>
                <stopPointId>TCL:StopPoint:6959</stopPointId>
                <vehicleJourneyId>TCL:VehicleJourney:115A_6_1_010AM_017002</vehicleJourneyId>
                <arrivalTime>17:09:00</arrivalTime>
                <departureTime>17:09:00</departureTime>
                <order>1</order>
            </vehicleJourneyAtStop>
            <vehicleJourneyAtStop>
                <stopPointId>TCL:StopPoint:6963</stopPointId>
                <vehicleJourneyId>TCL:VehicleJourney:115A_6_1_010AM_017002</vehicleJourneyId>
                <arrivalTime>17:10:00</arrivalTime>
                <departureTime>17:10:00</departureTime>
                <order>1</order>
            </vehicleJourneyAtStop>
            <vehicleJourneyAtStop>
                <stopPointId>TCL:StopPoint:6968</stopPointId>
                <vehicleJourneyId>TCL:VehicleJourney:115A_6_1_010AM_017002</vehicleJourneyId>
                <arrivalTime>17:11:00</arrivalTime>
                <departureTime>17:11:00</departureTime>
                <order>1</order>
            </vehicleJourneyAtStop>
        </VehicleJourney>
        <VehicleJourney>
            <objectId>TCL:VehicleJourney:115A_6_1_010AM_018002</objectId>
            <objectVersion>6</objectVersion>
            <creationTime>2015-01-14T23:15:04</creationTime>
            <creatorId>chouette</creatorId>
            <routeId>TCL:Route:115Aa1</routeId>
            <journeyPatternId>TCL:JourneyPattern:115A_6_1_010AM_01</journeyPatternId>
            <transportMode>Other</transportMode>
            <operatorId>TCL:Company:1</operatorId>
            <number>18002</number>
            <vehicleJourneyAtStop>
                <stopPointId>TCL:StopPoint:4581</stopPointId>
                <vehicleJourneyId>TCL:VehicleJourney:115A_6_1_010AM_018002</vehicleJourneyId>
                <arrivalTime>18:15:00</arrivalTime>
                <departureTime>18:15:00</departureTime>
                <order>1</order>
            </vehicleJourneyAtStop>
            <vehicleJourneyAtStop>
                <stopPointId>TCL:StopPoint:785</stopPointId>
                <vehicleJourneyId>TCL:VehicleJourney:115A_6_1_010AM_018002</vehicleJourneyId>
                <arrivalTime>18:18:00</arrivalTime>
                <departureTime>18:18:00</departureTime>
                <order>1</order>
            </vehicleJourneyAtStop>
            <vehicleJourneyAtStop>
                <stopPointId>TCL:StopPoint:389</stopPointId>
                <vehicleJourneyId>TCL:VehicleJourney:115A_6_1_010AM_018002</vehicleJourneyId>
                <arrivalTime>18:22:00</arrivalTime>
                <departureTime>18:22:00</departureTime>
                <order>1</order>
            </vehicleJourneyAtStop>
            <vehicleJourneyAtStop>
                <stopPointId>TCL:StopPoint:4767</stopPointId>
                <vehicleJourneyId>TCL:VehicleJourney:115A_6_1_010AM_018002</vehicleJourneyId>
                <arrivalTime>18:25:00</arrivalTime>
                <departureTime>18:25:00</departureTime>
                <order>1</order>
            </vehicleJourneyAtStop>
            <vehicleJourneyAtStop>
                <stopPointId>TCL:StopPoint:8127</stopPointId>
                <vehicleJourneyId>TCL:VehicleJourney:115A_6_1_010AM_018002</vehicleJourneyId>
                <arrivalTime>18:29:00</arrivalTime>
                <departureTime>18:29:00</departureTime>
                <order>1</order>
            </vehicleJourneyAtStop>
            <vehicleJourneyAtStop>
                <stopPointId>TCL:StopPoint:7343</stopPointId>
                <vehicleJourneyId>TCL:VehicleJourney:115A_6_1_010AM_018002</vehicleJourneyId>
                <arrivalTime>18:39:00</arrivalTime>
                <departureTime>18:39:00</departureTime>
                <order>1</order>
            </vehicleJourneyAtStop>
            <vehicleJourneyAtStop>
                <stopPointId>TCL:StopPoint:6959</stopPointId>
                <vehicleJourneyId>TCL:VehicleJourney:115A_6_1_010AM_018002</vehicleJourneyId>
                <arrivalTime>18:41:00</arrivalTime>
                <departureTime>18:41:00</departureTime>
                <order>1</order>
            </vehicleJourneyAtStop>
            <vehicleJourneyAtStop>
                <stopPointId>TCL:StopPoint:6963</stopPointId>
                <vehicleJourneyId>TCL:VehicleJourney:115A_6_1_010AM_018002</vehicleJourneyId>
                <arrivalTime>18:42:00</arrivalTime>
                <departureTime>18:42:00</departureTime>
                <order>1</order>
            </vehicleJourneyAtStop>
            <vehicleJourneyAtStop>
                <stopPointId>TCL:StopPoint:6968</stopPointId>
                <vehicleJourneyId>TCL:VehicleJourney:115A_6_1_010AM_018002</vehicleJourneyId>
                <arrivalTime>18:43:00</arrivalTime>
                <departureTime>18:43:00</departureTime>
                <order>1</order>
            </vehicleJourneyAtStop>
        </VehicleJourney>
        <VehicleJourney>
            <objectId>TCL:VehicleJourney:115A_6_1_010AV_016002</objectId>
            <objectVersion>6</objectVersion>
            <creationTime>2015-01-14T23:15:04</creationTime>
            <creatorId>chouette</creatorId>
            <routeId>TCL:Route:115Aa1</routeId>
            <journeyPatternId>TCL:JourneyPattern:115A_6_1_010AV_01</journeyPatternId>
            <transportMode>Other</transportMode>
            <operatorId>TCL:Company:1</operatorId>
            <number>16002</number>
            <vehicleJourneyAtStop>
                <stopPointId>TCL:StopPoint:4581</stopPointId>
                <vehicleJourneyId>TCL:VehicleJourney:115A_6_1_010AV_016002</vehicleJourneyId>
                <arrivalTime>18:15:00</arrivalTime>
                <departureTime>18:15:00</departureTime>
                <order>1</order>
            </vehicleJourneyAtStop>
            <vehicleJourneyAtStop>
                <stopPointId>TCL:StopPoint:785</stopPointId>
                <vehicleJourneyId>TCL:VehicleJourney:115A_6_1_010AV_016002</vehicleJourneyId>
                <arrivalTime>18:18:00</arrivalTime>
                <departureTime>18:18:00</departureTime>
                <order>1</order>
            </vehicleJourneyAtStop>
            <vehicleJourneyAtStop>
                <stopPointId>TCL:StopPoint:389</stopPointId>
                <vehicleJourneyId>TCL:VehicleJourney:115A_6_1_010AV_016002</vehicleJourneyId>
                <arrivalTime>18:22:00</arrivalTime>
                <departureTime>18:22:00</departureTime>
                <order>1</order>
            </vehicleJourneyAtStop>
            <vehicleJourneyAtStop>
                <stopPointId>TCL:StopPoint:4767</stopPointId>
                <vehicleJourneyId>TCL:VehicleJourney:115A_6_1_010AV_016002</vehicleJourneyId>
                <arrivalTime>18:25:00</arrivalTime>
                <departureTime>18:25:00</departureTime>
                <order>1</order>
            </vehicleJourneyAtStop>
            <vehicleJourneyAtStop>
                <stopPointId>TCL:StopPoint:8127</stopPointId>
                <vehicleJourneyId>TCL:VehicleJourney:115A_6_1_010AV_016002</vehicleJourneyId>
                <arrivalTime>18:29:00</arrivalTime>
                <departureTime>18:29:00</departureTime>
                <order>1</order>
            </vehicleJourneyAtStop>
            <vehicleJourneyAtStop>
                <stopPointId>TCL:StopPoint:7343</stopPointId>
                <vehicleJourneyId>TCL:VehicleJourney:115A_6_1_010AV_016002</vehicleJourneyId>
                <arrivalTime>18:39:00</arrivalTime>
                <departureTime>18:39:00</departureTime>
                <order>1</order>
            </vehicleJourneyAtStop>
            <vehicleJourneyAtStop>
                <stopPointId>TCL:StopPoint:6959</stopPointId>
                <vehicleJourneyId>TCL:VehicleJourney:115A_6_1_010AV_016002</vehicleJourneyId>
                <arrivalTime>18:41:00</arrivalTime>
                <departureTime>18:41:00</departureTime>
                <order>1</order>
            </vehicleJourneyAtStop>
            <vehicleJourneyAtStop>
                <stopPointId>TCL:StopPoint:6963</stopPointId>
                <vehicleJourneyId>TCL:VehicleJourney:115A_6_1_010AV_016002</vehicleJourneyId>
                <arrivalTime>18:42:00</arrivalTime>
                <departureTime>18:42:00</departureTime>
                <order>1</order>
            </vehicleJourneyAtStop>
            <vehicleJourneyAtStop>
                <stopPointId>TCL:StopPoint:6968</stopPointId>
                <vehicleJourneyId>TCL:VehicleJourney:115A_6_1_010AV_016002</vehicleJourneyId>
                <arrivalTime>18:43:00</arrivalTime>
                <departureTime>18:43:00</departureTime>
                <order>1</order>
            </vehicleJourneyAtStop>
        </VehicleJourney>
        <VehicleJourney>
            <objectId>TCL:VehicleJourney:115A_6_1_010AV_024002</objectId>
            <objectVersion>6</objectVersion>
            <creationTime>2015-01-14T23:15:04</creationTime>
            <creatorId>chouette</creatorId>
            <routeId>TCL:Route:115Aa1</routeId>
            <journeyPatternId>TCL:JourneyPattern:115A_6_1_010AV_02</journeyPatternId>
            <transportMode>Other</transportMode>
            <operatorId>TCL:Company:1</operatorId>
            <number>24002</number>
            <vehicleJourneyAtStop>
                <stopPointId>TCL:StopPoint:4581</stopPointId>
                <vehicleJourneyId>TCL:VehicleJourney:115A_6_1_010AV_024002</vehicleJourneyId>
                <arrivalTime>16:40:00</arrivalTime>
                <departureTime>16:40:00</departureTime>
                <order>1</order>
            </vehicleJourneyAtStop>
            <vehicleJourneyAtStop>
                <stopPointId>TCL:StopPoint:785</stopPointId>
                <vehicleJourneyId>TCL:VehicleJourney:115A_6_1_010AV_024002</vehicleJourneyId>
                <arrivalTime>16:43:00</arrivalTime>
                <departureTime>16:43:00</departureTime>
                <order>1</order>
            </vehicleJourneyAtStop>
            <vehicleJourneyAtStop>
                <stopPointId>TCL:StopPoint:389</stopPointId>
                <vehicleJourneyId>TCL:VehicleJourney:115A_6_1_010AV_024002</vehicleJourneyId>
                <arrivalTime>16:48:00</arrivalTime>
                <departureTime>16:48:00</departureTime>
                <order>1</order>
            </vehicleJourneyAtStop>
            <vehicleJourneyAtStop>
                <stopPointId>TCL:StopPoint:4767</stopPointId>
                <vehicleJourneyId>TCL:VehicleJourney:115A_6_1_010AV_024002</vehicleJourneyId>
                <arrivalTime>16:51:00</arrivalTime>
                <departureTime>16:51:00</departureTime>
                <order>1</order>
            </vehicleJourneyAtStop>
            <vehicleJourneyAtStop>
                <stopPointId>TCL:StopPoint:8127</stopPointId>
                <vehicleJourneyId>TCL:VehicleJourney:115A_6_1_010AV_024002</vehicleJourneyId>
                <arrivalTime>16:57:00</arrivalTime>
                <departureTime>16:57:00</departureTime>
                <order>1</order>
            </vehicleJourneyAtStop>
            <vehicleJourneyAtStop>
                <stopPointId>TCL:StopPoint:7343</stopPointId>
                <vehicleJourneyId>TCL:VehicleJourney:115A_6_1_010AV_024002</vehicleJourneyId>
                <arrivalTime>17:07:00</arrivalTime>
                <departureTime>17:07:00</departureTime>
                <order>1</order>
            </vehicleJourneyAtStop>
            <vehicleJourneyAtStop>
                <stopPointId>TCL:StopPoint:6959</stopPointId>
                <vehicleJourneyId>TCL:VehicleJourney:115A_6_1_010AV_024002</vehicleJourneyId>
                <arrivalTime>17:09:00</arrivalTime>
                <departureTime>17:09:00</departureTime>
                <order>1</order>
            </vehicleJourneyAtStop>
            <vehicleJourneyAtStop>
                <stopPointId>TCL:StopPoint:6963</stopPointId>
                <vehicleJourneyId>TCL:VehicleJourney:115A_6_1_010AV_024002</vehicleJourneyId>
                <arrivalTime>17:10:00</arrivalTime>
                <departureTime>17:10:00</departureTime>
                <order>1</order>
            </vehicleJourneyAtStop>
            <vehicleJourneyAtStop>
                <stopPointId>TCL:StopPoint:6968</stopPointId>
                <vehicleJourneyId>TCL:VehicleJourney:115A_6_1_010AV_024002</vehicleJourneyId>
                <arrivalTime>17:11:00</arrivalTime>
                <departureTime>17:11:00</departureTime>
                <order>1</order>
            </vehicleJourneyAtStop>
        </VehicleJourney>
        <VehicleJourney>
            <objectId>TCL:VehicleJourney:115A_6_2_010AM_014002</objectId>
            <objectVersion>6</objectVersion>
            <creationTime>2015-01-14T23:15:04</creationTime>
            <creatorId>chouette</creatorId>
            <routeId>TCL:Route:115Ar2</routeId>
            <journeyPatternId>TCL:JourneyPattern:115A_6_2_010AM_01</journeyPatternId>
            <transportMode>Other</transportMode>
            <operatorId>TCL:Company:1</operatorId>
            <number>14002</number>
            <vehicleJourneyAtStop>
                <stopPointId>TCL:StopPoint:6969</stopPointId>
                <vehicleJourneyId>TCL:VehicleJourney:115A_6_2_010AM_014002</vehicleJourneyId>
                <arrivalTime>08:34:00</arrivalTime>
                <departureTime>08:34:00</departureTime>
                <order>1</order>
            </vehicleJourneyAtStop>
            <vehicleJourneyAtStop>
                <stopPointId>TCL:StopPoint:6966</stopPointId>
                <vehicleJourneyId>TCL:VehicleJourney:115A_6_2_010AM_014002</vehicleJourneyId>
                <arrivalTime>08:35:00</arrivalTime>
                <departureTime>08:35:00</departureTime>
                <order>1</order>
            </vehicleJourneyAtStop>
            <vehicleJourneyAtStop>
                <stopPointId>TCL:StopPoint:6962</stopPointId>
                <vehicleJourneyId>TCL:VehicleJourney:115A_6_2_010AM_014002</vehicleJourneyId>
                <arrivalTime>08:38:00</arrivalTime>
                <departureTime>08:38:00</departureTime>
                <order>1</order>
            </vehicleJourneyAtStop>
            <vehicleJourneyAtStop>
                <stopPointId>TCL:StopPoint:9110</stopPointId>
                <vehicleJourneyId>TCL:VehicleJourney:115A_6_2_010AM_014002</vehicleJourneyId>
                <arrivalTime>08:43:00</arrivalTime>
                <departureTime>08:43:00</departureTime>
                <order>1</order>
            </vehicleJourneyAtStop>
            <vehicleJourneyAtStop>
                <stopPointId>TCL:StopPoint:4586</stopPointId>
                <vehicleJourneyId>TCL:VehicleJourney:115A_6_2_010AM_014002</vehicleJourneyId>
                <arrivalTime>08:53:00</arrivalTime>
                <departureTime>08:53:00</departureTime>
                <order>1</order>
            </vehicleJourneyAtStop>
            <vehicleJourneyAtStop>
                <stopPointId>TCL:StopPoint:1364</stopPointId>
                <vehicleJourneyId>TCL:VehicleJourney:115A_6_2_010AM_014002</vehicleJourneyId>
                <arrivalTime>08:59:00</arrivalTime>
                <departureTime>08:59:00</departureTime>
                <order>1</order>
            </vehicleJourneyAtStop>
            <vehicleJourneyAtStop>
                <stopPointId>TCL:StopPoint:392</stopPointId>
                <vehicleJourneyId>TCL:VehicleJourney:115A_6_2_010AM_014002</vehicleJourneyId>
                <arrivalTime>09:02:00</arrivalTime>
                <departureTime>09:02:00</departureTime>
                <order>1</order>
            </vehicleJourneyAtStop>
            <vehicleJourneyAtStop>
                <stopPointId>TCL:StopPoint:784</stopPointId>
                <vehicleJourneyId>TCL:VehicleJourney:115A_6_2_010AM_014002</vehicleJourneyId>
                <arrivalTime>09:08:00</arrivalTime>
                <departureTime>09:08:00</departureTime>
                <order>1</order>
            </vehicleJourneyAtStop>
            <vehicleJourneyAtStop>
                <stopPointId>TCL:StopPoint:4546</stopPointId>
                <vehicleJourneyId>TCL:VehicleJourney:115A_6_2_010AM_014002</vehicleJourneyId>
                <arrivalTime>09:11:00</arrivalTime>
                <departureTime>09:11:00</departureTime>
                <order>1</order>
            </vehicleJourneyAtStop>
        </VehicleJourney>
        <VehicleJourney>
            <objectId>TCL:VehicleJourney:115A_6_2_010AV_022002</objectId>
            <objectVersion>6</objectVersion>
            <creationTime>2015-01-14T23:15:04</creationTime>
            <creatorId>chouette</creatorId>
            <routeId>TCL:Route:115Ar2</routeId>
            <journeyPatternId>TCL:JourneyPattern:115A_6_2_010AV_02</journeyPatternId>
            <transportMode>Other</transportMode>
            <operatorId>TCL:Company:1</operatorId>
            <number>22002</number>
            <vehicleJourneyAtStop>
                <stopPointId>TCL:StopPoint:6969</stopPointId>
                <vehicleJourneyId>TCL:VehicleJourney:115A_6_2_010AV_022002</vehicleJourneyId>
                <arrivalTime>08:34:00</arrivalTime>
                <departureTime>08:34:00</departureTime>
                <order>1</order>
            </vehicleJourneyAtStop>
            <vehicleJourneyAtStop>
                <stopPointId>TCL:StopPoint:6966</stopPointId>
                <vehicleJourneyId>TCL:VehicleJourney:115A_6_2_010AV_022002</vehicleJourneyId>
                <arrivalTime>08:35:00</arrivalTime>
                <departureTime>08:35:00</departureTime>
                <order>1</order>
            </vehicleJourneyAtStop>
            <vehicleJourneyAtStop>
                <stopPointId>TCL:StopPoint:6962</stopPointId>
                <vehicleJourneyId>TCL:VehicleJourney:115A_6_2_010AV_022002</vehicleJourneyId>
                <arrivalTime>08:38:00</arrivalTime>
                <departureTime>08:38:00</departureTime>
                <order>1</order>
            </vehicleJourneyAtStop>
            <vehicleJourneyAtStop>
                <stopPointId>TCL:StopPoint:9110</stopPointId>
                <vehicleJourneyId>TCL:VehicleJourney:115A_6_2_010AV_022002</vehicleJourneyId>
                <arrivalTime>08:43:00</arrivalTime>
                <departureTime>08:43:00</departureTime>
                <order>1</order>
            </vehicleJourneyAtStop>
            <vehicleJourneyAtStop>
                <stopPointId>TCL:StopPoint:4586</stopPointId>
                <vehicleJourneyId>TCL:VehicleJourney:115A_6_2_010AV_022002</vehicleJourneyId>
                <arrivalTime>08:53:00</arrivalTime>
                <departureTime>08:53:00</departureTime>
                <order>1</order>
            </vehicleJourneyAtStop>
            <vehicleJourneyAtStop>
                <stopPointId>TCL:StopPoint:1364</stopPointId>
                <vehicleJourneyId>TCL:VehicleJourney:115A_6_2_010AV_022002</vehicleJourneyId>
                <arrivalTime>08:59:00</arrivalTime>
                <departureTime>08:59:00</departureTime>
                <order>1</order>
            </vehicleJourneyAtStop>
            <vehicleJourneyAtStop>
                <stopPointId>TCL:StopPoint:392</stopPointId>
                <vehicleJourneyId>TCL:VehicleJourney:115A_6_2_010AV_022002</vehicleJourneyId>
                <arrivalTime>09:02:00</arrivalTime>
                <departureTime>09:02:00</departureTime>
                <order>1</order>
            </vehicleJourneyAtStop>
            <vehicleJourneyAtStop>
                <stopPointId>TCL:StopPoint:784</stopPointId>
                <vehicleJourneyId>TCL:VehicleJourney:115A_6_2_010AV_022002</vehicleJourneyId>
                <arrivalTime>09:08:00</arrivalTime>
                <departureTime>09:08:00</departureTime>
                <order>1</order>
            </vehicleJourneyAtStop>
            <vehicleJourneyAtStop>
                <stopPointId>TCL:StopPoint:4546</stopPointId>
                <vehicleJourneyId>TCL:VehicleJourney:115A_6_2_010AV_022002</vehicleJourneyId>
                <arrivalTime>09:11:00</arrivalTime>
                <departureTime>09:11:00</departureTime>
                <order>1</order>
            </vehicleJourneyAtStop>
        </VehicleJourney>
    </ChouetteLineDescription>
</ChouettePTNetwork>
