<?xml version="1.0" encoding="UTF-8" standalone="yes"?>
<ChouettePTNetwork xmlns="http://www.trident.org/schema/trident" xmlns:acsb="http://www.ifopt.org.uk/acsb" xmlns:siri="http://www.siri.org.uk/siri">
    <PTNetwork>
        <objectId>TCL:GroupOfLine:TCL</objectId>
        <objectVersion>1</objectVersion>
        <creationTime>2015-01-14T22:01:59</creationTime>
        <versionDate>2015-01-14</versionDate>
        <name>TCL</name>
        <registration>
            <registrationNumber>TCL</registrationNumber>
        </registration>
        <sourceName>GTFS</sourceName>
        <lineId>TCL:Line:29A</lineId>
    </PTNetwork>
    <Company>
        <objectId>TCL:Company:1</objectId>
        <objectVersion>1</objectVersion>
        <creationTime>2015-01-14T22:01:59</creationTime>
        <name>TCL SYTRAL</name>
        <phone>01.01.01.01.01</phone>
        <registration>
            <registrationNumber>1</registrationNumber>
        </registration>
    </Company>
    <ChouetteArea>
        <StopArea>
            <objectId>TCL:StopArea:36115</objectId>
            <objectVersion>1</objectVersion>
            <creationTime>2015-01-15T08:18:23</creationTime>
            <name>Meyzieu Z.i.</name>
            <contains>TCL:StopPoint:5929</contains>
            <contains>TCL:StopPoint:5930</contains>
            <centroidOfArea>TCL:AreaCentroid:36115</centroidOfArea>
            <StopAreaExtension>
                <areaType>BoardingPosition</areaType>
                <fareCode>0</fareCode>
                <mobilityRestrictedSuitability>1</mobilityRestrictedSuitability>
            </StopAreaExtension>
        </StopArea>
        <StopArea>
            <objectId>TCL:StopArea:S5568</objectId>
            <objectVersion>1</objectVersion>
            <creationTime>2015-01-15T08:18:23</creationTime>
            <name>Meyzieu Z.i.</name>
            <contains>TCL:StopArea:36115</contains>
            <contains>TCL:StopArea:36114</contains>
            <centroidOfArea>TCL:AreaCentroid:S5568</centroidOfArea>
            <StopAreaExtension>
                <areaType>CommercialStopPoint</areaType>
                <fareCode>0</fareCode>
                <mobilityRestrictedSuitability>0</mobilityRestrictedSuitability>
            </StopAreaExtension>
        </StopArea>
        <StopArea>
            <objectId>TCL:StopArea:36151</objectId>
            <objectVersion>1</objectVersion>
            <creationTime>2015-01-15T08:18:23</creationTime>
            <name>Meyzieu Av de Crottay</name>
            <contains>TCL:StopPoint:5957</contains>
            <contains>TCL:StopPoint:5958</contains>
            <centroidOfArea>TCL:AreaCentroid:36151</centroidOfArea>
            <StopAreaExtension>
                <areaType>BoardingPosition</areaType>
                <fareCode>0</fareCode>
                <mobilityRestrictedSuitability>0</mobilityRestrictedSuitability>
            </StopAreaExtension>
        </StopArea>
        <StopArea>
            <objectId>TCL:StopArea:S31640</objectId>
            <objectVersion>1</objectVersion>
            <creationTime>2015-01-15T08:18:23</creationTime>
            <name>Meyzieu Av de Crottay</name>
            <contains>TCL:StopArea:36151</contains>
            <contains>TCL:StopArea:36150</contains>
            <centroidOfArea>TCL:AreaCentroid:S31640</centroidOfArea>
            <StopAreaExtension>
                <areaType>CommercialStopPoint</areaType>
                <fareCode>0</fareCode>
                <mobilityRestrictedSuitability>0</mobilityRestrictedSuitability>
            </StopAreaExtension>
        </StopArea>
        <StopArea>
            <objectId>TCL:StopArea:44382</objectId>
            <objectVersion>1</objectVersion>
            <creationTime>2015-01-15T08:18:23</creationTime>
            <name>Seigliere - Jaures</name>
            <contains>TCL:StopPoint:7497</contains>
            <contains>TCL:StopPoint:7498</contains>
            <centroidOfArea>TCL:AreaCentroid:44382</centroidOfArea>
            <StopAreaExtension>
                <areaType>BoardingPosition</areaType>
                <fareCode>0</fareCode>
                <mobilityRestrictedSuitability>0</mobilityRestrictedSuitability>
            </StopAreaExtension>
        </StopArea>
        <StopArea>
            <objectId>TCL:StopArea:S33951</objectId>
            <objectVersion>1</objectVersion>
            <creationTime>2015-01-15T08:18:23</creationTime>
            <name>Seigliere - Jaures</name>
            <contains>TCL:StopArea:44382</contains>
            <contains>TCL:StopArea:46471</contains>
            <centroidOfArea>TCL:AreaCentroid:S33951</centroidOfArea>
            <StopAreaExtension>
                <areaType>CommercialStopPoint</areaType>
                <fareCode>0</fareCode>
                <mobilityRestrictedSuitability>0</mobilityRestrictedSuitability>
            </StopAreaExtension>
        </StopArea>
        <StopArea>
            <objectId>TCL:StopArea:1029</objectId>
            <objectVersion>1</objectVersion>
            <creationTime>2015-01-15T08:18:23</creationTime>
            <name>Genas Place Jean Jaures</name>
            <contains>TCL:StopPoint:1013</contains>
            <contains>TCL:StopPoint:1014</contains>
            <centroidOfArea>TCL:AreaCentroid:1029</centroidOfArea>
            <StopAreaExtension>
                <areaType>BoardingPosition</areaType>
                <fareCode>0</fareCode>
                <mobilityRestrictedSuitability>0</mobilityRestrictedSuitability>
            </StopAreaExtension>
        </StopArea>
        <StopArea>
            <objectId>TCL:StopArea:S10495</objectId>
            <objectVersion>1</objectVersion>
            <creationTime>2015-01-15T08:18:23</creationTime>
            <name>Genas Place Jean Jaures</name>
            <contains>TCL:StopArea:1029</contains>
            <centroidOfArea>TCL:AreaCentroid:S10495</centroidOfArea>
            <StopAreaExtension>
                <areaType>CommercialStopPoint</areaType>
                <fareCode>0</fareCode>
                <mobilityRestrictedSuitability>0</mobilityRestrictedSuitability>
            </StopAreaExtension>
        </StopArea>
        <StopArea>
            <objectId>TCL:StopArea:46600</objectId>
            <objectVersion>1</objectVersion>
            <creationTime>2015-01-15T08:18:23</creationTime>
            <name>Antoine Roybet</name>
            <contains>TCL:StopPoint:8429</contains>
            <contains>TCL:StopPoint:8430</contains>
            <centroidOfArea>TCL:AreaCentroid:46600</centroidOfArea>
            <StopAreaExtension>
                <areaType>BoardingPosition</areaType>
                <fareCode>0</fareCode>
                <mobilityRestrictedSuitability>0</mobilityRestrictedSuitability>
            </StopAreaExtension>
        </StopArea>
        <StopArea>
            <objectId>TCL:StopArea:S34436</objectId>
            <objectVersion>1</objectVersion>
            <creationTime>2015-01-15T08:18:23</creationTime>
            <name>Antoine Roybet</name>
            <contains>TCL:StopArea:46600</contains>
            <contains>TCL:StopArea:46601</contains>
            <centroidOfArea>TCL:AreaCentroid:S34436</centroidOfArea>
            <StopAreaExtension>
                <areaType>CommercialStopPoint</areaType>
                <fareCode>0</fareCode>
                <mobilityRestrictedSuitability>0</mobilityRestrictedSuitability>
            </StopAreaExtension>
        </StopArea>
        <StopArea>
            <objectId>TCL:StopArea:46602</objectId>
            <objectVersion>1</objectVersion>
            <creationTime>2015-01-15T08:18:23</creationTime>
            <name>Reaux Roybet</name>
            <contains>TCL:StopPoint:8433</contains>
            <contains>TCL:StopPoint:8434</contains>
            <centroidOfArea>TCL:AreaCentroid:46602</centroidOfArea>
            <StopAreaExtension>
                <areaType>BoardingPosition</areaType>
                <fareCode>0</fareCode>
                <mobilityRestrictedSuitability>0</mobilityRestrictedSuitability>
            </StopAreaExtension>
        </StopArea>
        <StopArea>
            <objectId>TCL:StopArea:S34437</objectId>
            <objectVersion>1</objectVersion>
            <creationTime>2015-01-15T08:18:23</creationTime>
            <name>Reaux Roybet</name>
            <contains>TCL:StopArea:46602</contains>
            <contains>TCL:StopArea:46603</contains>
            <centroidOfArea>TCL:AreaCentroid:S34437</centroidOfArea>
            <StopAreaExtension>
                <areaType>CommercialStopPoint</areaType>
                <fareCode>0</fareCode>
                <mobilityRestrictedSuitability>0</mobilityRestrictedSuitability>
            </StopAreaExtension>
        </StopArea>
        <StopArea>
            <objectId>TCL:StopArea:1608</objectId>
            <objectVersion>1</objectVersion>
            <creationTime>2015-01-15T08:18:23</creationTime>
            <name>Les Anemones</name>
            <contains>TCL:StopPoint:1665</contains>
            <contains>TCL:StopPoint:1666</contains>
            <centroidOfArea>TCL:AreaCentroid:1608</centroidOfArea>
            <StopAreaExtension>
                <areaType>BoardingPosition</areaType>
                <fareCode>0</fareCode>
                <mobilityRestrictedSuitability>1</mobilityRestrictedSuitability>
            </StopAreaExtension>
        </StopArea>
        <StopArea>
            <objectId>TCL:StopArea:S10763</objectId>
            <objectVersion>1</objectVersion>
            <creationTime>2015-01-15T08:18:23</creationTime>
            <name>Les Anemones</name>
            <contains>TCL:StopArea:1608</contains>
            <contains>TCL:StopArea:1609</contains>
            <centroidOfArea>TCL:AreaCentroid:S10763</centroidOfArea>
            <StopAreaExtension>
                <areaType>CommercialStopPoint</areaType>
                <fareCode>0</fareCode>
                <mobilityRestrictedSuitability>0</mobilityRestrictedSuitability>
            </StopAreaExtension>
        </StopArea>
        <StopArea>
            <objectId>TCL:StopArea:3157</objectId>
            <objectVersion>1</objectVersion>
            <creationTime>2015-01-15T08:18:23</creationTime>
            <name>Place du Vercors</name>
            <contains>TCL:StopPoint:3183</contains>
            <contains>TCL:StopPoint:3184</contains>
            <centroidOfArea>TCL:AreaCentroid:3157</centroidOfArea>
            <StopAreaExtension>
                <areaType>BoardingPosition</areaType>
                <fareCode>0</fareCode>
                <mobilityRestrictedSuitability>0</mobilityRestrictedSuitability>
            </StopAreaExtension>
        </StopArea>
        <StopArea>
            <objectId>TCL:StopArea:S11474</objectId>
            <objectVersion>1</objectVersion>
            <creationTime>2015-01-15T08:18:23</creationTime>
            <name>Place du Vercors</name>
            <contains>TCL:StopArea:3157</contains>
            <centroidOfArea>TCL:AreaCentroid:S11474</centroidOfArea>
            <StopAreaExtension>
                <areaType>CommercialStopPoint</areaType>
                <fareCode>0</fareCode>
                <mobilityRestrictedSuitability>0</mobilityRestrictedSuitability>
            </StopAreaExtension>
        </StopArea>
        <StopArea>
            <objectId>TCL:StopArea:46335</objectId>
            <objectVersion>1</objectVersion>
            <creationTime>2015-01-15T08:18:23</creationTime>
            <name>Olivier de Serres</name>
            <contains>TCL:StopPoint:8199</contains>
            <contains>TCL:StopPoint:8200</contains>
            <centroidOfArea>TCL:AreaCentroid:46335</centroidOfArea>
            <StopAreaExtension>
                <areaType>BoardingPosition</areaType>
                <fareCode>0</fareCode>
                <mobilityRestrictedSuitability>0</mobilityRestrictedSuitability>
            </StopAreaExtension>
        </StopArea>
        <StopArea>
            <objectId>TCL:StopArea:S34324</objectId>
            <objectVersion>1</objectVersion>
            <creationTime>2015-01-15T08:18:23</creationTime>
            <name>Olivier de Serres</name>
            <contains>TCL:StopArea:46335</contains>
            <centroidOfArea>TCL:AreaCentroid:S34324</centroidOfArea>
            <StopAreaExtension>
                <areaType>CommercialStopPoint</areaType>
                <fareCode>0</fareCode>
                <mobilityRestrictedSuitability>0</mobilityRestrictedSuitability>
            </StopAreaExtension>
        </StopArea>
        <StopArea>
            <objectId>TCL:StopArea:46333</objectId>
            <objectVersion>1</objectVersion>
            <creationTime>2015-01-15T08:18:23</creationTime>
            <name>Carnot</name>
            <contains>TCL:StopPoint:8195</contains>
            <contains>TCL:StopPoint:8196</contains>
            <centroidOfArea>TCL:AreaCentroid:46333</centroidOfArea>
            <StopAreaExtension>
                <areaType>BoardingPosition</areaType>
                <fareCode>0</fareCode>
                <mobilityRestrictedSuitability>0</mobilityRestrictedSuitability>
            </StopAreaExtension>
        </StopArea>
        <StopArea>
            <objectId>TCL:StopArea:S34322</objectId>
            <objectVersion>1</objectVersion>
            <creationTime>2015-01-15T08:18:23</creationTime>
            <name>Carnot</name>
            <contains>TCL:StopArea:46333</contains>
            <centroidOfArea>TCL:AreaCentroid:S34322</centroidOfArea>
            <StopAreaExtension>
                <areaType>CommercialStopPoint</areaType>
                <fareCode>0</fareCode>
                <mobilityRestrictedSuitability>0</mobilityRestrictedSuitability>
            </StopAreaExtension>
        </StopArea>
        <StopArea>
            <objectId>TCL:StopArea:46364</objectId>
            <objectVersion>1</objectVersion>
            <creationTime>2015-01-15T08:18:23</creationTime>
            <name>Bornicat</name>
            <contains>TCL:StopPoint:8251</contains>
            <contains>TCL:StopPoint:8252</contains>
            <centroidOfArea>TCL:AreaCentroid:46364</centroidOfArea>
            <StopAreaExtension>
                <areaType>BoardingPosition</areaType>
                <fareCode>0</fareCode>
                <mobilityRestrictedSuitability>0</mobilityRestrictedSuitability>
            </StopAreaExtension>
        </StopArea>
        <StopArea>
            <objectId>TCL:StopArea:S34321</objectId>
            <objectVersion>1</objectVersion>
            <creationTime>2015-01-15T08:18:23</creationTime>
            <name>Bornicat</name>
            <contains>TCL:StopArea:46364</contains>
            <contains>TCL:StopArea:46331</contains>
            <centroidOfArea>TCL:AreaCentroid:S34321</centroidOfArea>
            <StopAreaExtension>
                <areaType>CommercialStopPoint</areaType>
                <fareCode>0</fareCode>
                <mobilityRestrictedSuitability>0</mobilityRestrictedSuitability>
            </StopAreaExtension>
        </StopArea>
        <StopArea>
            <objectId>TCL:StopArea:47248</objectId>
            <objectVersion>1</objectVersion>
            <creationTime>2015-01-15T08:18:23</creationTime>
            <name>Ratabizet</name>
            <contains>TCL:StopPoint:8861</contains>
            <contains>TCL:StopPoint:8862</contains>
            <centroidOfArea>TCL:AreaCentroid:47248</centroidOfArea>
            <StopAreaExtension>
                <areaType>BoardingPosition</areaType>
                <fareCode>0</fareCode>
                <mobilityRestrictedSuitability>0</mobilityRestrictedSuitability>
            </StopAreaExtension>
        </StopArea>
        <StopArea>
            <objectId>TCL:StopArea:S34377</objectId>
            <objectVersion>1</objectVersion>
            <creationTime>2015-01-15T08:18:23</creationTime>
            <name>Ratabizet</name>
            <contains>TCL:StopArea:47248</contains>
            <contains>TCL:StopArea:46458</contains>
            <centroidOfArea>TCL:AreaCentroid:S34377</centroidOfArea>
            <StopAreaExtension>
                <areaType>CommercialStopPoint</areaType>
                <fareCode>0</fareCode>
                <mobilityRestrictedSuitability>0</mobilityRestrictedSuitability>
            </StopAreaExtension>
        </StopArea>
        <StopArea>
            <objectId>TCL:StopArea:42354</objectId>
            <objectVersion>1</objectVersion>
            <creationTime>2015-01-15T08:18:23</creationTime>
            <name>R.N.6 - A. Pare</name>
            <contains>TCL:StopPoint:6985</contains>
            <contains>TCL:StopPoint:6986</contains>
            <centroidOfArea>TCL:AreaCentroid:42354</centroidOfArea>
            <StopAreaExtension>
                <areaType>BoardingPosition</areaType>
                <fareCode>0</fareCode>
                <mobilityRestrictedSuitability>0</mobilityRestrictedSuitability>
            </StopAreaExtension>
        </StopArea>
        <StopArea>
            <objectId>TCL:StopArea:S10723</objectId>
            <objectVersion>1</objectVersion>
            <creationTime>2015-01-15T08:18:23</creationTime>
            <name>R.N.6 - A. Pare</name>
            <contains>TCL:StopArea:42354</contains>
            <contains>TCL:StopArea:1529</contains>
            <centroidOfArea>TCL:AreaCentroid:S10723</centroidOfArea>
            <StopAreaExtension>
                <areaType>CommercialStopPoint</areaType>
                <fareCode>0</fareCode>
                <mobilityRestrictedSuitability>0</mobilityRestrictedSuitability>
            </StopAreaExtension>
        </StopArea>
        <StopArea>
            <objectId>TCL:StopArea:1529</objectId>
            <objectVersion>1</objectVersion>
            <creationTime>2015-01-15T08:18:23</creationTime>
            <name>R.N.6 - A. Pare</name>
            <contains>TCL:StopPoint:1571</contains>
            <contains>TCL:StopPoint:1572</contains>
            <centroidOfArea>TCL:AreaCentroid:1529</centroidOfArea>
            <StopAreaExtension>
                <areaType>BoardingPosition</areaType>
                <fareCode>0</fareCode>
                <mobilityRestrictedSuitability>0</mobilityRestrictedSuitability>
            </StopAreaExtension>
        </StopArea>
        <StopArea>
            <objectId>TCL:StopArea:46458</objectId>
            <objectVersion>1</objectVersion>
            <creationTime>2015-01-15T08:18:23</creationTime>
            <name>Ratabizet</name>
            <contains>TCL:StopPoint:8383</contains>
            <contains>TCL:StopPoint:8384</contains>
            <centroidOfArea>TCL:AreaCentroid:46458</centroidOfArea>
            <StopAreaExtension>
                <areaType>BoardingPosition</areaType>
                <fareCode>0</fareCode>
                <mobilityRestrictedSuitability>0</mobilityRestrictedSuitability>
            </StopAreaExtension>
        </StopArea>
        <StopArea>
            <objectId>TCL:StopArea:46331</objectId>
            <objectVersion>1</objectVersion>
            <creationTime>2015-01-15T08:18:23</creationTime>
            <name>Bornicat</name>
            <contains>TCL:StopPoint:8193</contains>
            <contains>TCL:StopPoint:8194</contains>
            <centroidOfArea>TCL:AreaCentroid:46331</centroidOfArea>
            <StopAreaExtension>
                <areaType>BoardingPosition</areaType>
                <fareCode>0</fareCode>
                <mobilityRestrictedSuitability>0</mobilityRestrictedSuitability>
            </StopAreaExtension>
        </StopArea>
        <StopArea>
            <objectId>TCL:StopArea:1609</objectId>
            <objectVersion>1</objectVersion>
            <creationTime>2015-01-15T08:18:23</creationTime>
            <name>Les Anemones</name>
            <contains>TCL:StopPoint:1667</contains>
            <contains>TCL:StopPoint:1668</contains>
            <centroidOfArea>TCL:AreaCentroid:1609</centroidOfArea>
            <StopAreaExtension>
                <areaType>BoardingPosition</areaType>
                <fareCode>0</fareCode>
                <mobilityRestrictedSuitability>1</mobilityRestrictedSuitability>
            </StopAreaExtension>
        </StopArea>
        <StopArea>
            <objectId>TCL:StopArea:46603</objectId>
            <objectVersion>1</objectVersion>
            <creationTime>2015-01-15T08:18:23</creationTime>
            <name>Reaux Roybet</name>
            <contains>TCL:StopPoint:8435</contains>
            <contains>TCL:StopPoint:8436</contains>
            <centroidOfArea>TCL:AreaCentroid:46603</centroidOfArea>
            <StopAreaExtension>
                <areaType>BoardingPosition</areaType>
                <fareCode>0</fareCode>
                <mobilityRestrictedSuitability>0</mobilityRestrictedSuitability>
            </StopAreaExtension>
        </StopArea>
        <StopArea>
            <objectId>TCL:StopArea:46601</objectId>
            <objectVersion>1</objectVersion>
            <creationTime>2015-01-15T08:18:23</creationTime>
            <name>Antoine Roybet</name>
            <contains>TCL:StopPoint:8431</contains>
            <contains>TCL:StopPoint:8432</contains>
            <centroidOfArea>TCL:AreaCentroid:46601</centroidOfArea>
            <StopAreaExtension>
                <areaType>BoardingPosition</areaType>
                <fareCode>0</fareCode>
                <mobilityRestrictedSuitability>0</mobilityRestrictedSuitability>
            </StopAreaExtension>
        </StopArea>
        <StopArea>
            <objectId>TCL:StopArea:46471</objectId>
            <objectVersion>1</objectVersion>
            <creationTime>2015-01-15T08:18:23</creationTime>
            <name>Seigliere - Jaures</name>
            <contains>TCL:StopPoint:8385</contains>
            <contains>TCL:StopPoint:8386</contains>
            <centroidOfArea>TCL:AreaCentroid:46471</centroidOfArea>
            <StopAreaExtension>
                <areaType>BoardingPosition</areaType>
                <fareCode>0</fareCode>
                <mobilityRestrictedSuitability>0</mobilityRestrictedSuitability>
            </StopAreaExtension>
        </StopArea>
        <StopArea>
            <objectId>TCL:StopArea:36150</objectId>
            <objectVersion>1</objectVersion>
            <creationTime>2015-01-15T08:18:23</creationTime>
            <name>Meyzieu Av de Crottay</name>
            <contains>TCL:StopPoint:5955</contains>
            <contains>TCL:StopPoint:5956</contains>
            <centroidOfArea>TCL:AreaCentroid:36150</centroidOfArea>
            <StopAreaExtension>
                <areaType>BoardingPosition</areaType>
                <fareCode>0</fareCode>
                <mobilityRestrictedSuitability>1</mobilityRestrictedSuitability>
            </StopAreaExtension>
        </StopArea>
        <StopArea>
            <objectId>TCL:StopArea:36114</objectId>
            <objectVersion>1</objectVersion>
            <creationTime>2015-01-15T08:18:23</creationTime>
            <name>Meyzieu Z.i.</name>
            <contains>TCL:StopPoint:5927</contains>
            <contains>TCL:StopPoint:5928</contains>
            <centroidOfArea>TCL:AreaCentroid:36114</centroidOfArea>
            <StopAreaExtension>
                <areaType>BoardingPosition</areaType>
                <fareCode>0</fareCode>
                <mobilityRestrictedSuitability>1</mobilityRestrictedSuitability>
            </StopAreaExtension>
        </StopArea>
        <AreaCentroid>
            <objectId>TCL:AreaCentroid:36115</objectId>
            <objectVersion>1</objectVersion>
            <creationTime>2015-01-15T08:18:23</creationTime>
            <longitude>5.030423945075</longitude>
            <latitude>45.768378490277</latitude>
            <longLatType>WGS84</longLatType>
            <containedIn>TCL:StopArea:36115</containedIn>
            <name>Meyzieu Z.i.</name>
        </AreaCentroid>
        <AreaCentroid>
            <objectId>TCL:AreaCentroid:S5568</objectId>
            <objectVersion>1</objectVersion>
            <creationTime>2015-01-15T08:18:23</creationTime>
            <longitude>5.031245685063429</longitude>
            <latitude>45.767942198784006</latitude>
            <longLatType>WGS84</longLatType>
            <containedIn>TCL:StopArea:S5568</containedIn>
            <name>Meyzieu Z.i.</name>
        </AreaCentroid>
        <AreaCentroid>
            <objectId>TCL:AreaCentroid:36151</objectId>
            <objectVersion>1</objectVersion>
            <creationTime>2015-01-15T08:18:23</creationTime>
            <longitude>5.024740971164</longitude>
            <latitude>45.760403007932</latitude>
            <longLatType>WGS84</longLatType>
            <containedIn>TCL:StopArea:36151</containedIn>
            <name>Meyzieu Av de Crottay</name>
        </AreaCentroid>
        <AreaCentroid>
            <objectId>TCL:AreaCentroid:S31640</objectId>
            <objectVersion>1</objectVersion>
            <creationTime>2015-01-15T08:18:23</creationTime>
            <longitude>5.0248034586235</longitude>
            <latitude>45.760403987315996</latitude>
            <longLatType>WGS84</longLatType>
            <containedIn>TCL:StopArea:S31640</containedIn>
            <name>Meyzieu Av de Crottay</name>
        </AreaCentroid>
        <AreaCentroid>
            <objectId>TCL:AreaCentroid:44382</objectId>
            <objectVersion>1</objectVersion>
            <creationTime>2015-01-15T08:18:23</creationTime>
            <longitude>5.019005003272</longitude>
            <latitude>45.746541022774</latitude>
            <longLatType>WGS84</longLatType>
            <containedIn>TCL:StopArea:44382</containedIn>
            <name>Seigliere - Jaures</name>
        </AreaCentroid>
        <AreaCentroid>
            <objectId>TCL:AreaCentroid:S33951</objectId>
            <objectVersion>1</objectVersion>
            <creationTime>2015-01-15T08:18:23</creationTime>
            <longitude>5.019035971264</longitude>
            <latitude>45.74652349412</latitude>
            <longLatType>WGS84</longLatType>
            <containedIn>TCL:StopArea:S33951</containedIn>
            <name>Seigliere - Jaures</name>
        </AreaCentroid>
        <AreaCentroid>
            <objectId>TCL:AreaCentroid:1029</objectId>
            <objectVersion>1</objectVersion>
            <creationTime>2015-01-15T08:18:23</creationTime>
            <longitude>5.016602052759</longitude>
            <latitude>45.738257974203</latitude>
            <longLatType>WGS84</longLatType>
            <containedIn>TCL:StopArea:1029</containedIn>
            <name>Genas Place Jean Jaures</name>
        </AreaCentroid>
        <AreaCentroid>
            <objectId>TCL:AreaCentroid:S10495</objectId>
            <objectVersion>1</objectVersion>
            <creationTime>2015-01-15T08:18:23</creationTime>
            <longitude>5.016846514618</longitude>
            <latitude>45.7383914854705</latitude>
            <longLatType>WGS84</longLatType>
            <containedIn>TCL:StopArea:S10495</containedIn>
            <name>Genas Place Jean Jaures</name>
        </AreaCentroid>
        <AreaCentroid>
            <objectId>TCL:AreaCentroid:46600</objectId>
            <objectVersion>1</objectVersion>
            <creationTime>2015-01-15T08:18:23</creationTime>
            <longitude>5.011921951917</longitude>
            <latitude>45.735968023601</latitude>
            <longLatType>WGS84</longLatType>
            <containedIn>TCL:StopArea:46600</containedIn>
            <name>Antoine Roybet</name>
        </AreaCentroid>
        <AreaCentroid>
            <objectId>TCL:AreaCentroid:S34436</objectId>
            <objectVersion>1</objectVersion>
            <creationTime>2015-01-15T08:18:23</creationTime>
            <longitude>5.0120614712155</longitude>
            <latitude>45.736090498738506</latitude>
            <longLatType>WGS84</longLatType>
            <containedIn>TCL:StopArea:S34436</containedIn>
            <name>Antoine Roybet</name>
        </AreaCentroid>
        <AreaCentroid>
            <objectId>TCL:AreaCentroid:46602</objectId>
            <objectVersion>1</objectVersion>
            <creationTime>2015-01-15T08:18:23</creationTime>
            <longitude>5.008168953341</longitude>
            <latitude>45.730394986463</latitude>
            <longLatType>WGS84</longLatType>
            <containedIn>TCL:StopArea:46602</containedIn>
            <name>Reaux Roybet</name>
        </AreaCentroid>
        <AreaCentroid>
            <objectId>TCL:AreaCentroid:S34437</objectId>
            <objectVersion>1</objectVersion>
            <creationTime>2015-01-15T08:18:23</creationTime>
            <longitude>5.0082389513305</longitude>
            <latitude>45.7304679903435</latitude>
            <longLatType>WGS84</longLatType>
            <containedIn>TCL:StopArea:S34437</containedIn>
            <name>Reaux Roybet</name>
        </AreaCentroid>
        <AreaCentroid>
            <objectId>TCL:AreaCentroid:1608</objectId>
            <objectVersion>1</objectVersion>
            <creationTime>2015-01-15T08:18:23</creationTime>
            <longitude>5.005266099174</longitude>
            <latitude>45.727588599915</latitude>
            <longLatType>WGS84</longLatType>
            <containedIn>TCL:StopArea:1608</containedIn>
            <name>Les Anemones</name>
        </AreaCentroid>
        <AreaCentroid>
            <objectId>TCL:AreaCentroid:S10763</objectId>
            <objectVersion>1</objectVersion>
            <creationTime>2015-01-15T08:18:23</creationTime>
            <longitude>5.0054365395745</longitude>
            <latitude>45.727690812828996</latitude>
            <longLatType>WGS84</longLatType>
            <containedIn>TCL:StopArea:S10763</containedIn>
            <name>Les Anemones</name>
        </AreaCentroid>
        <AreaCentroid>
            <objectId>TCL:AreaCentroid:3157</objectId>
            <objectVersion>1</objectVersion>
            <creationTime>2015-01-15T08:18:23</creationTime>
            <longitude>5.006309529515</longitude>
            <latitude>45.719687166356</latitude>
            <longLatType>WGS84</longLatType>
            <containedIn>TCL:StopArea:3157</containedIn>
            <name>Place du Vercors</name>
        </AreaCentroid>
        <AreaCentroid>
            <objectId>TCL:AreaCentroid:S11474</objectId>
            <objectVersion>1</objectVersion>
            <creationTime>2015-01-15T08:18:23</creationTime>
            <longitude>5.006348038882</longitude>
            <latitude>45.719686249979006</latitude>
            <longLatType>WGS84</longLatType>
            <containedIn>TCL:StopArea:S11474</containedIn>
            <name>Place du Vercors</name>
        </AreaCentroid>
        <AreaCentroid>
            <objectId>TCL:AreaCentroid:46335</objectId>
            <objectVersion>1</objectVersion>
            <creationTime>2015-01-15T08:18:23</creationTime>
            <longitude>5.009307984612</longitude>
            <latitude>45.722228022502</latitude>
            <longLatType>WGS84</longLatType>
            <containedIn>TCL:StopArea:46335</containedIn>
            <name>Olivier de Serres</name>
        </AreaCentroid>
        <AreaCentroid>
            <objectId>TCL:AreaCentroid:S34324</objectId>
            <objectVersion>1</objectVersion>
            <creationTime>2015-01-15T08:18:23</creationTime>
            <longitude>5.0093</longitude>
            <latitude>45.7222</latitude>
            <longLatType>WGS84</longLatType>
            <containedIn>TCL:StopArea:S34324</containedIn>
            <name>Olivier de Serres</name>
        </AreaCentroid>
        <AreaCentroid>
            <objectId>TCL:AreaCentroid:46333</objectId>
            <objectVersion>1</objectVersion>
            <creationTime>2015-01-15T08:18:23</creationTime>
            <longitude>5.004206977419</longitude>
            <latitude>45.723413976987</latitude>
            <longLatType>WGS84</longLatType>
            <containedIn>TCL:StopArea:46333</containedIn>
            <name>Carnot</name>
        </AreaCentroid>
        <AreaCentroid>
            <objectId>TCL:AreaCentroid:S34322</objectId>
            <objectVersion>1</objectVersion>
            <creationTime>2015-01-15T08:18:23</creationTime>
            <longitude>5.0039784767145</longitude>
            <latitude>45.723636983548</latitude>
            <longLatType>WGS84</longLatType>
            <containedIn>TCL:StopArea:S34322</containedIn>
            <name>Carnot</name>
        </AreaCentroid>
        <AreaCentroid>
            <objectId>TCL:AreaCentroid:46364</objectId>
            <objectVersion>1</objectVersion>
            <creationTime>2015-01-15T08:18:23</creationTime>
            <longitude>5.000002013718</longitude>
            <latitude>45.722362000635</latitude>
            <longLatType>WGS84</longLatType>
            <containedIn>TCL:StopArea:46364</containedIn>
            <name>Bornicat</name>
        </AreaCentroid>
        <AreaCentroid>
            <objectId>TCL:AreaCentroid:S34321</objectId>
            <objectVersion>1</objectVersion>
            <creationTime>2015-01-15T08:18:23</creationTime>
            <longitude>5.000007493516</longitude>
            <latitude>45.722241516264006</latitude>
            <longLatType>WGS84</longLatType>
            <containedIn>TCL:StopArea:S34321</containedIn>
            <name>Bornicat</name>
        </AreaCentroid>
        <AreaCentroid>
            <objectId>TCL:AreaCentroid:47248</objectId>
            <objectVersion>1</objectVersion>
            <creationTime>2015-01-15T08:18:23</creationTime>
            <longitude>4.97701706531</longitude>
            <latitude>45.716410974379</latitude>
            <longLatType>WGS84</longLatType>
            <containedIn>TCL:StopArea:47248</containedIn>
            <name>Ratabizet</name>
        </AreaCentroid>
        <AreaCentroid>
            <objectId>TCL:AreaCentroid:S34377</objectId>
            <objectVersion>1</objectVersion>
            <creationTime>2015-01-15T08:18:23</creationTime>
            <longitude>4.977208035123001</longitude>
            <latitude>45.7165679702905</latitude>
            <longLatType>WGS84</longLatType>
            <containedIn>TCL:StopArea:S34377</containedIn>
            <name>Ratabizet</name>
        </AreaCentroid>
        <AreaCentroid>
            <objectId>TCL:AreaCentroid:42354</objectId>
            <objectVersion>1</objectVersion>
            <creationTime>2015-01-15T08:18:23</creationTime>
            <longitude>4.977055048716</longitude>
            <latitude>45.710588040443</latitude>
            <longLatType>WGS84</longLatType>
            <containedIn>TCL:StopArea:42354</containedIn>
            <name>R.N.6 - A. Pare</name>
        </AreaCentroid>
        <AreaCentroid>
            <objectId>TCL:AreaCentroid:S10723</objectId>
            <objectVersion>1</objectVersion>
            <creationTime>2015-01-15T08:18:23</creationTime>
            <longitude>4.977092028658</longitude>
            <latitude>45.71050900233967</latitude>
            <longLatType>WGS84</longLatType>
            <containedIn>TCL:StopArea:S10723</containedIn>
            <name>R.N.6 - A. Pare</name>
        </AreaCentroid>
        <AreaCentroid>
            <objectId>TCL:AreaCentroid:1529</objectId>
            <objectVersion>1</objectVersion>
            <creationTime>2015-01-15T08:18:23</creationTime>
            <longitude>4.976160051482</longitude>
            <latitude>45.710784997346</latitude>
            <longLatType>WGS84</longLatType>
            <containedIn>TCL:StopArea:1529</containedIn>
            <name>R.N.6 - A. Pare</name>
        </AreaCentroid>
        <AreaCentroid>
            <objectId>TCL:AreaCentroid:46458</objectId>
            <objectVersion>1</objectVersion>
            <creationTime>2015-01-15T08:18:23</creationTime>
            <longitude>4.977399004936</longitude>
            <latitude>45.716724966202</latitude>
            <longLatType>WGS84</longLatType>
            <containedIn>TCL:StopArea:46458</containedIn>
            <name>Ratabizet</name>
        </AreaCentroid>
        <AreaCentroid>
            <objectId>TCL:AreaCentroid:46331</objectId>
            <objectVersion>1</objectVersion>
            <creationTime>2015-01-15T08:18:23</creationTime>
            <longitude>5.000012973314</longitude>
            <latitude>45.722121031893</latitude>
            <longLatType>WGS84</longLatType>
            <containedIn>TCL:StopArea:46331</containedIn>
            <name>Bornicat</name>
        </AreaCentroid>
        <AreaCentroid>
            <objectId>TCL:AreaCentroid:1609</objectId>
            <objectVersion>1</objectVersion>
            <creationTime>2015-01-15T08:18:23</creationTime>
            <longitude>5.005606979975</longitude>
            <latitude>45.727793025743</latitude>
            <longLatType>WGS84</longLatType>
            <containedIn>TCL:StopArea:1609</containedIn>
            <name>Les Anemones</name>
        </AreaCentroid>
        <AreaCentroid>
            <objectId>TCL:AreaCentroid:46603</objectId>
            <objectVersion>1</objectVersion>
            <creationTime>2015-01-15T08:18:23</creationTime>
            <longitude>5.00830894932</longitude>
            <latitude>45.730540994224</latitude>
            <longLatType>WGS84</longLatType>
            <containedIn>TCL:StopArea:46603</containedIn>
            <name>Reaux Roybet</name>
        </AreaCentroid>
        <AreaCentroid>
            <objectId>TCL:AreaCentroid:46601</objectId>
            <objectVersion>1</objectVersion>
            <creationTime>2015-01-15T08:18:23</creationTime>
            <longitude>5.012200990514</longitude>
            <latitude>45.736212973876</latitude>
            <longLatType>WGS84</longLatType>
            <containedIn>TCL:StopArea:46601</containedIn>
            <name>Antoine Roybet</name>
        </AreaCentroid>
        <AreaCentroid>
            <objectId>TCL:AreaCentroid:46471</objectId>
            <objectVersion>1</objectVersion>
            <creationTime>2015-01-15T08:18:23</creationTime>
            <longitude>5.019066939256</longitude>
            <latitude>45.746505965466</latitude>
            <longLatType>WGS84</longLatType>
            <containedIn>TCL:StopArea:46471</containedIn>
            <name>Seigliere - Jaures</name>
        </AreaCentroid>
        <AreaCentroid>
            <objectId>TCL:AreaCentroid:36150</objectId>
            <objectVersion>1</objectVersion>
            <creationTime>2015-01-15T08:18:23</creationTime>
            <longitude>5.024865946083</longitude>
            <latitude>45.7604049667</latitude>
            <longLatType>WGS84</longLatType>
            <containedIn>TCL:StopArea:36150</containedIn>
            <name>Meyzieu Av de Crottay</name>
        </AreaCentroid>
        <AreaCentroid>
            <objectId>TCL:AreaCentroid:36114</objectId>
            <objectVersion>1</objectVersion>
            <creationTime>2015-01-15T08:18:23</creationTime>
            <longitude>5.030528047806</longitude>
            <latitude>45.768402998793</latitude>
            <longLatType>WGS84</longLatType>
            <containedIn>TCL:StopArea:36114</containedIn>
            <name>Meyzieu Z.i.</name>
        </AreaCentroid>
    </ChouetteArea>
    <ConnectionLink>
        <objectId>TCL:ConnectionLink:1608_1609</objectId>
        <objectVersion>1</objectVersion>
        <creationTime>2015-01-15T08:18:23</creationTime>
        <name>from Les Anemones to Les Anemones</name>
        <startOfLink>TCL:StopArea:1608</startOfLink>
        <endOfLink>TCL:StopArea:1609</endOfLink>
        <linkType>Overground</linkType>
        <defaultDuration>PT2M0S</defaultDuration>
    </ConnectionLink>
    <ConnectionLink>
        <objectId>TCL:ConnectionLink:36115_36114</objectId>
        <objectVersion>1</objectVersion>
        <creationTime>2015-01-15T08:18:23</creationTime>
        <name>from Meyzieu Z.i. to Meyzieu Z.i.</name>
        <startOfLink>TCL:StopArea:36115</startOfLink>
        <endOfLink>TCL:StopArea:36114</endOfLink>
        <linkType>Overground</linkType>
        <defaultDuration>PT1M0S</defaultDuration>
    </ConnectionLink>
    <ConnectionLink>
        <objectId>TCL:ConnectionLink:36151_36150</objectId>
        <objectVersion>1</objectVersion>
        <creationTime>2015-01-15T08:18:23</creationTime>
        <name>from Meyzieu Av de Crottay to Meyzieu Av de Crottay</name>
        <startOfLink>TCL:StopArea:36151</startOfLink>
        <endOfLink>TCL:StopArea:36150</endOfLink>
        <linkType>Overground</linkType>
        <defaultDuration>PT1M0S</defaultDuration>
    </ConnectionLink>
    <ConnectionLink>
        <objectId>TCL:ConnectionLink:42354_1529</objectId>
        <objectVersion>1</objectVersion>
        <creationTime>2015-01-15T08:18:23</creationTime>
        <name>from R.N.6 - A. Pare to R.N.6 - A. Pare</name>
        <startOfLink>TCL:StopArea:42354</startOfLink>
        <endOfLink>TCL:StopArea:1529</endOfLink>
        <linkType>Overground</linkType>
        <defaultDuration>PT1M0S</defaultDuration>
    </ConnectionLink>
    <ConnectionLink>
        <objectId>TCL:ConnectionLink:46364_46331</objectId>
        <objectVersion>1</objectVersion>
        <creationTime>2015-01-15T08:18:23</creationTime>
        <name>from Bornicat to Bornicat</name>
        <startOfLink>TCL:StopArea:46364</startOfLink>
        <endOfLink>TCL:StopArea:46331</endOfLink>
        <linkType>Overground</linkType>
        <defaultDuration>PT1M0S</defaultDuration>
    </ConnectionLink>
    <ConnectionLink>
        <objectId>TCL:ConnectionLink:46471_44382</objectId>
        <objectVersion>1</objectVersion>
        <creationTime>2015-01-15T08:18:23</creationTime>
        <name>from Seigliere - Jaures to Seigliere - Jaures</name>
        <startOfLink>TCL:StopArea:46471</startOfLink>
        <endOfLink>TCL:StopArea:44382</endOfLink>
        <linkType>Overground</linkType>
        <defaultDuration>PT1M0S</defaultDuration>
    </ConnectionLink>
    <ConnectionLink>
        <objectId>TCL:ConnectionLink:46601_46600</objectId>
        <objectVersion>1</objectVersion>
        <creationTime>2015-01-15T08:18:23</creationTime>
        <name>from Antoine Roybet to Antoine Roybet</name>
        <startOfLink>TCL:StopArea:46601</startOfLink>
        <endOfLink>TCL:StopArea:46600</endOfLink>
        <linkType>Overground</linkType>
        <defaultDuration>PT1M0S</defaultDuration>
    </ConnectionLink>
    <ConnectionLink>
        <objectId>TCL:ConnectionLink:46603_46602</objectId>
        <objectVersion>1</objectVersion>
        <creationTime>2015-01-15T08:18:23</creationTime>
        <name>from Reaux Roybet to Reaux Roybet</name>
        <startOfLink>TCL:StopArea:46603</startOfLink>
        <endOfLink>TCL:StopArea:46602</endOfLink>
        <linkType>Overground</linkType>
        <defaultDuration>PT1M0S</defaultDuration>
    </ConnectionLink>
    <ConnectionLink>
        <objectId>TCL:ConnectionLink:47248_46458</objectId>
        <objectVersion>1</objectVersion>
        <creationTime>2015-01-15T08:18:23</creationTime>
        <name>from Ratabizet to Ratabizet</name>
        <startOfLink>TCL:StopArea:47248</startOfLink>
        <endOfLink>TCL:StopArea:46458</endOfLink>
        <linkType>Overground</linkType>
        <defaultDuration>PT1M0S</defaultDuration>
    </ConnectionLink>
    <Timetable>
        <objectId>TCL:Timetable:29A-0283M</objectId>
        <objectVersion>4</objectVersion>
        <creationTime>2015-01-15T00:04:24</creationTime>
        <creatorId>chouette</creatorId>
        <version>29A-0283M</version>
        <period>
            <startOfPeriod>2019-11-06</startOfPeriod>
            <endOfPeriod>2019-12-18</endOfPeriod>
        </period>
        <dayType>Wednesday</dayType>
        <comment>29A-0283M</comment>
    </Timetable>
    <Timetable>
        <objectId>TCL:Timetable:29A-028BM</objectId>
        <objectVersion>4</objectVersion>
        <creationTime>2015-01-15T00:04:24</creationTime>
        <creatorId>chouette</creatorId>
        <version>29A-028BM</version>
        <period>
            <startOfPeriod>2019-11-07</startOfPeriod>
            <endOfPeriod>2020-01-03</endOfPeriod>
        </period>
        <dayType>Monday</dayType>
        <dayType>Tuesday</dayType>
        <dayType>Thursday</dayType>
        <dayType>Friday</dayType>
        <comment>29A-028BM</comment>
    </Timetable>
    <ChouetteLineDescription>
        <Line>
            <objectId>TCL:Line:29A</objectId>
            <objectVersion>4</objectVersion>
            <creationTime>2015-01-14T22:57:22</creationTime>
            <creatorId>chouette</creatorId>
            <name>Bus 29</name>
            <transportModeName>Bus</transportModeName>
            <registration>
                <registrationNumber>29A</registrationNumber>
            </registration>
            <ptNetworkIdShortcut>TCL:GroupOfLine:TCL</ptNetworkIdShortcut>
            <LineExtension>
                <mobilityRestrictedSuitability>true</mobilityRestrictedSuitability>
            </LineExtension>
        </Line>
        <StopPoint>
            <objectId>TCL:StopPoint:5929</objectId>
            <objectVersion>2</objectVersion>
            <creationTime>2015-01-14T22:27:54</creationTime>
            <creatorId>chouette</creatorId>
            <longitude>5.030423945075</longitude>
            <latitude>45.768378490277</latitude>
            <longLatType>WGS84</longLatType>
            <containedIn>TCL:StopArea:36115</containedIn>
            <name>Meyzieu Z.i.</name>
        </StopPoint>
        <StopPoint>
            <objectId>TCL:StopPoint:5930</objectId>
            <objectVersion>2</objectVersion>
            <creationTime>2015-01-14T22:27:54</creationTime>
            <creatorId>chouette</creatorId>
            <longitude>5.030423945075</longitude>
            <latitude>45.768378490277</latitude>
            <longLatType>WGS84</longLatType>
            <containedIn>TCL:StopArea:36115</containedIn>
            <name>Meyzieu Z.i.</name>
        </StopPoint>
        <StopPoint>
            <objectId>TCL:StopPoint:5957</objectId>
            <objectVersion>2</objectVersion>
            <creationTime>2015-01-14T22:27:54</creationTime>
            <creatorId>chouette</creatorId>
            <longitude>5.024740971164</longitude>
            <latitude>45.760403007932</latitude>
            <longLatType>WGS84</longLatType>
            <containedIn>TCL:StopArea:36151</containedIn>
            <name>Meyzieu Av de Crottay</name>
        </StopPoint>
        <StopPoint>
            <objectId>TCL:StopPoint:5958</objectId>
            <objectVersion>2</objectVersion>
            <creationTime>2015-01-14T22:27:54</creationTime>
            <creatorId>chouette</creatorId>
            <longitude>5.024740971164</longitude>
            <latitude>45.760403007932</latitude>
            <longLatType>WGS84</longLatType>
            <containedIn>TCL:StopArea:36151</containedIn>
            <name>Meyzieu Av de Crottay</name>
        </StopPoint>
        <StopPoint>
            <objectId>TCL:StopPoint:7497</objectId>
            <objectVersion>2</objectVersion>
            <creationTime>2015-01-14T22:27:54</creationTime>
            <creatorId>chouette</creatorId>
            <longitude>5.019005003272</longitude>
            <latitude>45.746541022774</latitude>
            <longLatType>WGS84</longLatType>
            <containedIn>TCL:StopArea:44382</containedIn>
            <name>Seigliere - Jaures</name>
        </StopPoint>
        <StopPoint>
            <objectId>TCL:StopPoint:7498</objectId>
            <objectVersion>2</objectVersion>
            <creationTime>2015-01-14T22:27:54</creationTime>
            <creatorId>chouette</creatorId>
            <longitude>5.019005003272</longitude>
            <latitude>45.746541022774</latitude>
            <longLatType>WGS84</longLatType>
            <containedIn>TCL:StopArea:44382</containedIn>
            <name>Seigliere - Jaures</name>
        </StopPoint>
        <StopPoint>
            <objectId>TCL:StopPoint:1013</objectId>
            <objectVersion>2</objectVersion>
            <creationTime>2015-01-14T22:27:54</creationTime>
            <creatorId>chouette</creatorId>
            <longitude>5.016602052759</longitude>
            <latitude>45.738257974203</latitude>
            <longLatType>WGS84</longLatType>
            <containedIn>TCL:StopArea:1029</containedIn>
            <name>Genas Place Jean Jaures</name>
        </StopPoint>
        <StopPoint>
            <objectId>TCL:StopPoint:1014</objectId>
            <objectVersion>2</objectVersion>
            <creationTime>2015-01-14T22:27:54</creationTime>
            <creatorId>chouette</creatorId>
            <longitude>5.016602052759</longitude>
            <latitude>45.738257974203</latitude>
            <longLatType>WGS84</longLatType>
            <containedIn>TCL:StopArea:1029</containedIn>
            <name>Genas Place Jean Jaures</name>
        </StopPoint>
        <StopPoint>
            <objectId>TCL:StopPoint:8429</objectId>
            <objectVersion>2</objectVersion>
            <creationTime>2015-01-14T22:27:54</creationTime>
            <creatorId>chouette</creatorId>
            <longitude>5.011921951917</longitude>
            <latitude>45.735968023601</latitude>
            <longLatType>WGS84</longLatType>
            <containedIn>TCL:StopArea:46600</containedIn>
            <name>Antoine Roybet</name>
        </StopPoint>
        <StopPoint>
            <objectId>TCL:StopPoint:8430</objectId>
            <objectVersion>2</objectVersion>
            <creationTime>2015-01-14T22:27:54</creationTime>
            <creatorId>chouette</creatorId>
            <longitude>5.011921951917</longitude>
            <latitude>45.735968023601</latitude>
            <longLatType>WGS84</longLatType>
            <containedIn>TCL:StopArea:46600</containedIn>
            <name>Antoine Roybet</name>
        </StopPoint>
        <StopPoint>
            <objectId>TCL:StopPoint:8433</objectId>
            <objectVersion>2</objectVersion>
            <creationTime>2015-01-14T22:27:54</creationTime>
            <creatorId>chouette</creatorId>
            <longitude>5.008168953341</longitude>
            <latitude>45.730394986463</latitude>
            <longLatType>WGS84</longLatType>
            <containedIn>TCL:StopArea:46602</containedIn>
            <name>Reaux Roybet</name>
        </StopPoint>
        <StopPoint>
            <objectId>TCL:StopPoint:8434</objectId>
            <objectVersion>2</objectVersion>
            <creationTime>2015-01-14T22:27:54</creationTime>
            <creatorId>chouette</creatorId>
            <longitude>5.008168953341</longitude>
            <latitude>45.730394986463</latitude>
            <longLatType>WGS84</longLatType>
            <containedIn>TCL:StopArea:46602</containedIn>
            <name>Reaux Roybet</name>
        </StopPoint>
        <StopPoint>
            <objectId>TCL:StopPoint:1665</objectId>
            <objectVersion>2</objectVersion>
            <creationTime>2015-01-14T22:27:54</creationTime>
            <creatorId>chouette</creatorId>
            <longitude>5.005266099174</longitude>
            <latitude>45.727588599915</latitude>
            <longLatType>WGS84</longLatType>
            <containedIn>TCL:StopArea:1608</containedIn>
            <name>Les Anemones</name>
        </StopPoint>
        <StopPoint>
            <objectId>TCL:StopPoint:1666</objectId>
            <objectVersion>2</objectVersion>
            <creationTime>2015-01-14T22:27:54</creationTime>
            <creatorId>chouette</creatorId>
            <longitude>5.005266099174</longitude>
            <latitude>45.727588599915</latitude>
            <longLatType>WGS84</longLatType>
            <containedIn>TCL:StopArea:1608</containedIn>
            <name>Les Anemones</name>
        </StopPoint>
        <StopPoint>
            <objectId>TCL:StopPoint:3183</objectId>
            <objectVersion>2</objectVersion>
            <creationTime>2015-01-14T22:27:54</creationTime>
            <creatorId>chouette</creatorId>
            <longitude>5.006309529515</longitude>
            <latitude>45.719687166356</latitude>
            <longLatType>WGS84</longLatType>
            <containedIn>TCL:StopArea:3157</containedIn>
            <name>Place du Vercors</name>
        </StopPoint>
        <StopPoint>
            <objectId>TCL:StopPoint:3184</objectId>
            <objectVersion>2</objectVersion>
            <creationTime>2015-01-14T22:27:54</creationTime>
            <creatorId>chouette</creatorId>
            <longitude>5.006309529515</longitude>
            <latitude>45.719687166356</latitude>
            <longLatType>WGS84</longLatType>
            <containedIn>TCL:StopArea:3157</containedIn>
            <name>Place du Vercors</name>
        </StopPoint>
        <StopPoint>
            <objectId>TCL:StopPoint:8199</objectId>
            <objectVersion>2</objectVersion>
            <creationTime>2015-01-14T22:27:54</creationTime>
            <creatorId>chouette</creatorId>
            <longitude>5.009307984612</longitude>
            <latitude>45.722228022502</latitude>
            <longLatType>WGS84</longLatType>
            <containedIn>TCL:StopArea:46335</containedIn>
            <name>Olivier de Serres</name>
        </StopPoint>
        <StopPoint>
            <objectId>TCL:StopPoint:8200</objectId>
            <objectVersion>2</objectVersion>
            <creationTime>2015-01-14T22:27:54</creationTime>
            <creatorId>chouette</creatorId>
            <longitude>5.009307984612</longitude>
            <latitude>45.722228022502</latitude>
            <longLatType>WGS84</longLatType>
            <containedIn>TCL:StopArea:46335</containedIn>
            <name>Olivier de Serres</name>
        </StopPoint>
        <StopPoint>
            <objectId>TCL:StopPoint:8195</objectId>
            <objectVersion>2</objectVersion>
            <creationTime>2015-01-14T22:27:54</creationTime>
            <creatorId>chouette</creatorId>
            <longitude>5.004206977419</longitude>
            <latitude>45.723413976987</latitude>
            <longLatType>WGS84</longLatType>
            <containedIn>TCL:StopArea:46333</containedIn>
            <name>Carnot</name>
        </StopPoint>
        <StopPoint>
            <objectId>TCL:StopPoint:8196</objectId>
            <objectVersion>2</objectVersion>
            <creationTime>2015-01-14T22:27:54</creationTime>
            <creatorId>chouette</creatorId>
            <longitude>5.004206977419</longitude>
            <latitude>45.723413976987</latitude>
            <longLatType>WGS84</longLatType>
            <containedIn>TCL:StopArea:46333</containedIn>
            <name>Carnot</name>
        </StopPoint>
        <StopPoint>
            <objectId>TCL:StopPoint:8251</objectId>
            <objectVersion>2</objectVersion>
            <creationTime>2015-01-14T22:27:54</creationTime>
            <creatorId>chouette</creatorId>
            <longitude>5.000002013718</longitude>
            <latitude>45.722362000635</latitude>
            <longLatType>WGS84</longLatType>
            <containedIn>TCL:StopArea:46364</containedIn>
            <name>Bornicat</name>
        </StopPoint>
        <StopPoint>
            <objectId>TCL:StopPoint:8252</objectId>
            <objectVersion>2</objectVersion>
            <creationTime>2015-01-14T22:27:54</creationTime>
            <creatorId>chouette</creatorId>
            <longitude>5.000002013718</longitude>
            <latitude>45.722362000635</latitude>
            <longLatType>WGS84</longLatType>
            <containedIn>TCL:StopArea:46364</containedIn>
            <name>Bornicat</name>
        </StopPoint>
        <StopPoint>
            <objectId>TCL:StopPoint:8861</objectId>
            <objectVersion>2</objectVersion>
            <creationTime>2015-01-14T22:27:54</creationTime>
            <creatorId>chouette</creatorId>
            <longitude>4.97701706531</longitude>
            <latitude>45.716410974379</latitude>
            <longLatType>WGS84</longLatType>
            <containedIn>TCL:StopArea:47248</containedIn>
            <name>Ratabizet</name>
        </StopPoint>
        <StopPoint>
            <objectId>TCL:StopPoint:8862</objectId>
            <objectVersion>2</objectVersion>
            <creationTime>2015-01-14T22:27:54</creationTime>
            <creatorId>chouette</creatorId>
            <longitude>4.97701706531</longitude>
            <latitude>45.716410974379</latitude>
            <longLatType>WGS84</longLatType>
            <containedIn>TCL:StopArea:47248</containedIn>
            <name>Ratabizet</name>
        </StopPoint>
        <StopPoint>
            <objectId>TCL:StopPoint:6985</objectId>
            <objectVersion>2</objectVersion>
            <creationTime>2015-01-14T22:27:54</creationTime>
            <creatorId>chouette</creatorId>
            <longitude>4.977055048716</longitude>
            <latitude>45.710588040443</latitude>
            <longLatType>WGS84</longLatType>
            <containedIn>TCL:StopArea:42354</containedIn>
            <name>R.N.6 - A. Pare</name>
        </StopPoint>
        <StopPoint>
            <objectId>TCL:StopPoint:6986</objectId>
            <objectVersion>2</objectVersion>
            <creationTime>2015-01-14T22:27:54</creationTime>
            <creatorId>chouette</creatorId>
            <longitude>4.977055048716</longitude>
            <latitude>45.710588040443</latitude>
            <longLatType>WGS84</longLatType>
            <containedIn>TCL:StopArea:42354</containedIn>
            <name>R.N.6 - A. Pare</name>
        </StopPoint>
        <StopPoint>
            <objectId>TCL:StopPoint:1571</objectId>
            <objectVersion>2</objectVersion>
            <creationTime>2015-01-14T22:27:54</creationTime>
            <creatorId>chouette</creatorId>
            <longitude>4.976160051482</longitude>
            <latitude>45.710784997346</latitude>
            <longLatType>WGS84</longLatType>
            <containedIn>TCL:StopArea:1529</containedIn>
            <name>R.N.6 - A. Pare</name>
        </StopPoint>
        <StopPoint>
            <objectId>TCL:StopPoint:1572</objectId>
            <objectVersion>2</objectVersion>
            <creationTime>2015-01-14T22:27:54</creationTime>
            <creatorId>chouette</creatorId>
            <longitude>4.976160051482</longitude>
            <latitude>45.710784997346</latitude>
            <longLatType>WGS84</longLatType>
            <containedIn>TCL:StopArea:1529</containedIn>
            <name>R.N.6 - A. Pare</name>
        </StopPoint>
        <StopPoint>
            <objectId>TCL:StopPoint:8383</objectId>
            <objectVersion>2</objectVersion>
            <creationTime>2015-01-14T22:27:54</creationTime>
            <creatorId>chouette</creatorId>
            <longitude>4.977399004936</longitude>
            <latitude>45.716724966202</latitude>
            <longLatType>WGS84</longLatType>
            <containedIn>TCL:StopArea:46458</containedIn>
            <name>Ratabizet</name>
        </StopPoint>
        <StopPoint>
            <objectId>TCL:StopPoint:8384</objectId>
            <objectVersion>2</objectVersion>
            <creationTime>2015-01-14T22:27:54</creationTime>
            <creatorId>chouette</creatorId>
            <longitude>4.977399004936</longitude>
            <latitude>45.716724966202</latitude>
            <longLatType>WGS84</longLatType>
            <containedIn>TCL:StopArea:46458</containedIn>
            <name>Ratabizet</name>
        </StopPoint>
        <StopPoint>
            <objectId>TCL:StopPoint:8193</objectId>
            <objectVersion>2</objectVersion>
            <creationTime>2015-01-14T22:27:54</creationTime>
            <creatorId>chouette</creatorId>
            <longitude>5.000012973314</longitude>
            <latitude>45.722121031893</latitude>
            <longLatType>WGS84</longLatType>
            <containedIn>TCL:StopArea:46331</containedIn>
            <name>Bornicat</name>
        </StopPoint>
        <StopPoint>
            <objectId>TCL:StopPoint:8194</objectId>
            <objectVersion>2</objectVersion>
            <creationTime>2015-01-14T22:27:54</creationTime>
            <creatorId>chouette</creatorId>
            <longitude>5.000012973314</longitude>
            <latitude>45.722121031893</latitude>
            <longLatType>WGS84</longLatType>
            <containedIn>TCL:StopArea:46331</containedIn>
            <name>Bornicat</name>
        </StopPoint>
        <StopPoint>
            <objectId>TCL:StopPoint:1667</objectId>
            <objectVersion>2</objectVersion>
            <creationTime>2015-01-14T22:27:54</creationTime>
            <creatorId>chouette</creatorId>
            <longitude>5.005606979975</longitude>
            <latitude>45.727793025743</latitude>
            <longLatType>WGS84</longLatType>
            <containedIn>TCL:StopArea:1609</containedIn>
            <name>Les Anemones</name>
        </StopPoint>
        <StopPoint>
            <objectId>TCL:StopPoint:1668</objectId>
            <objectVersion>2</objectVersion>
            <creationTime>2015-01-14T22:27:54</creationTime>
            <creatorId>chouette</creatorId>
            <longitude>5.005606979975</longitude>
            <latitude>45.727793025743</latitude>
            <longLatType>WGS84</longLatType>
            <containedIn>TCL:StopArea:1609</containedIn>
            <name>Les Anemones</name>
        </StopPoint>
        <StopPoint>
            <objectId>TCL:StopPoint:8435</objectId>
            <objectVersion>2</objectVersion>
            <creationTime>2015-01-14T22:27:54</creationTime>
            <creatorId>chouette</creatorId>
            <longitude>5.00830894932</longitude>
            <latitude>45.730540994224</latitude>
            <longLatType>WGS84</longLatType>
            <containedIn>TCL:StopArea:46603</containedIn>
            <name>Reaux Roybet</name>
        </StopPoint>
        <StopPoint>
            <objectId>TCL:StopPoint:8436</objectId>
            <objectVersion>2</objectVersion>
            <creationTime>2015-01-14T22:27:54</creationTime>
            <creatorId>chouette</creatorId>
            <longitude>5.00830894932</longitude>
            <latitude>45.730540994224</latitude>
            <longLatType>WGS84</longLatType>
            <containedIn>TCL:StopArea:46603</containedIn>
            <name>Reaux Roybet</name>
        </StopPoint>
        <StopPoint>
            <objectId>TCL:StopPoint:8431</objectId>
            <objectVersion>2</objectVersion>
            <creationTime>2015-01-14T22:27:54</creationTime>
            <creatorId>chouette</creatorId>
            <longitude>5.012200990514</longitude>
            <latitude>45.736212973876</latitude>
            <longLatType>WGS84</longLatType>
            <containedIn>TCL:StopArea:46601</containedIn>
            <name>Antoine Roybet</name>
        </StopPoint>
        <StopPoint>
            <objectId>TCL:StopPoint:8432</objectId>
            <objectVersion>2</objectVersion>
            <creationTime>2015-01-14T22:27:54</creationTime>
            <creatorId>chouette</creatorId>
            <longitude>5.012200990514</longitude>
            <latitude>45.736212973876</latitude>
            <longLatType>WGS84</longLatType>
            <containedIn>TCL:StopArea:46601</containedIn>
            <name>Antoine Roybet</name>
        </StopPoint>
        <StopPoint>
            <objectId>TCL:StopPoint:8385</objectId>
            <objectVersion>2</objectVersion>
            <creationTime>2015-01-14T22:27:54</creationTime>
            <creatorId>chouette</creatorId>
            <longitude>5.019066939256</longitude>
            <latitude>45.746505965466</latitude>
            <longLatType>WGS84</longLatType>
            <containedIn>TCL:StopArea:46471</containedIn>
            <name>Seigliere - Jaures</name>
        </StopPoint>
        <StopPoint>
            <objectId>TCL:StopPoint:8386</objectId>
            <objectVersion>2</objectVersion>
            <creationTime>2015-01-14T22:27:54</creationTime>
            <creatorId>chouette</creatorId>
            <longitude>5.019066939256</longitude>
            <latitude>45.746505965466</latitude>
            <longLatType>WGS84</longLatType>
            <containedIn>TCL:StopArea:46471</containedIn>
            <name>Seigliere - Jaures</name>
        </StopPoint>
        <StopPoint>
            <objectId>TCL:StopPoint:5955</objectId>
            <objectVersion>2</objectVersion>
            <creationTime>2015-01-14T22:27:54</creationTime>
            <creatorId>chouette</creatorId>
            <longitude>5.024865946083</longitude>
            <latitude>45.7604049667</latitude>
            <longLatType>WGS84</longLatType>
            <containedIn>TCL:StopArea:36150</containedIn>
            <name>Meyzieu Av de Crottay</name>
        </StopPoint>
        <StopPoint>
            <objectId>TCL:StopPoint:5956</objectId>
            <objectVersion>2</objectVersion>
            <creationTime>2015-01-14T22:27:54</creationTime>
            <creatorId>chouette</creatorId>
            <longitude>5.024865946083</longitude>
            <latitude>45.7604049667</latitude>
            <longLatType>WGS84</longLatType>
            <containedIn>TCL:StopArea:36150</containedIn>
            <name>Meyzieu Av de Crottay</name>
        </StopPoint>
        <StopPoint>
            <objectId>TCL:StopPoint:5927</objectId>
            <objectVersion>2</objectVersion>
            <creationTime>2015-01-14T22:27:54</creationTime>
            <creatorId>chouette</creatorId>
            <longitude>5.030528047806</longitude>
            <latitude>45.768402998793</latitude>
            <longLatType>WGS84</longLatType>
            <containedIn>TCL:StopArea:36114</containedIn>
            <name>Meyzieu Z.i.</name>
        </StopPoint>
        <StopPoint>
            <objectId>TCL:StopPoint:5928</objectId>
            <objectVersion>2</objectVersion>
            <creationTime>2015-01-14T22:27:54</creationTime>
            <creatorId>chouette</creatorId>
            <longitude>5.030528047806</longitude>
            <latitude>45.768402998793</latitude>
            <longLatType>WGS84</longLatType>
            <containedIn>TCL:StopArea:36114</containedIn>
            <name>Meyzieu Z.i.</name>
        </StopPoint>
    </ChouetteLineDescription>
</ChouettePTNetwork>
