<?xml version="1.0" encoding="UTF-8" standalone="yes"?>
<ChouettePTNetwork xmlns="http://www.trident.org/schema/trident" xmlns:acsb="http://www.ifopt.org.uk/acsb" xmlns:siri="http://www.siri.org.uk/siri">
    <PTNetwork>
        <objectId>TCL:GroupOfLine:TCL</objectId>
        <objectVersion>1</objectVersion>
        <creationTime>2015-01-14T22:01:59</creationTime>
        <versionDate>2015-01-14</versionDate>
        <name>TCL</name>
        <registration>
            <registrationNumber>TCL</registrationNumber>
        </registration>
        <sourceName>GTFS</sourceName>
        <lineId>TCL:Line:32A</lineId>
    </PTNetwork>
    <Company>
        <objectId>TCL:Company:1</objectId>
        <objectVersion>1</objectVersion>
        <creationTime>2015-01-14T22:01:59</creationTime>
        <name>TCL SYTRAL</name>
        <phone>01.01.01.01.01</phone>
        <registration>
            <registrationNumber>1</registrationNumber>
        </registration>
    </Company>
    <ChouetteArea>
        <StopArea>
            <objectId>TCL:StopArea:46356</objectId>
            <objectVersion>1</objectVersion>
            <creationTime>2015-01-15T08:18:23</creationTime>
            <name>Hameau de Bianne</name>
            <contains>TCL:StopPoint:8241</contains>
            <contains>TCL:StopPoint:8242</contains>
            <centroidOfArea>TCL:AreaCentroid:46356</centroidOfArea>
            <StopAreaExtension>
                <areaType>BoardingPosition</areaType>
                <fareCode>0</fareCode>
                <mobilityRestrictedSuitability>0</mobilityRestrictedSuitability>
            </StopAreaExtension>
        </StopArea>
        <StopArea>
            <objectId>TCL:StopArea:S34335</objectId>
            <objectVersion>1</objectVersion>
            <creationTime>2015-01-15T08:18:23</creationTime>
            <name>Hameau de Bianne</name>
            <contains>TCL:StopArea:46356</contains>
            <centroidOfArea>TCL:AreaCentroid:S34335</centroidOfArea>
            <StopAreaExtension>
                <areaType>CommercialStopPoint</areaType>
                <fareCode>0</fareCode>
                <mobilityRestrictedSuitability>0</mobilityRestrictedSuitability>
            </StopAreaExtension>
        </StopArea>
        <StopArea>
            <objectId>TCL:StopArea:46480</objectId>
            <objectVersion>1</objectVersion>
            <creationTime>2015-01-15T08:18:23</creationTime>
            <name>Montee de Bianne</name>
            <contains>TCL:StopPoint:8387</contains>
            <contains>TCL:StopPoint:8388</contains>
            <centroidOfArea>TCL:AreaCentroid:46480</centroidOfArea>
            <StopAreaExtension>
                <areaType>BoardingPosition</areaType>
                <fareCode>0</fareCode>
                <mobilityRestrictedSuitability>0</mobilityRestrictedSuitability>
            </StopAreaExtension>
        </StopArea>
        <StopArea>
            <objectId>TCL:StopArea:S34389</objectId>
            <objectVersion>1</objectVersion>
            <creationTime>2015-01-15T08:18:23</creationTime>
            <name>Montee de Bianne</name>
            <contains>TCL:StopArea:46480</contains>
            <centroidOfArea>TCL:AreaCentroid:S34389</centroidOfArea>
            <StopAreaExtension>
                <areaType>CommercialStopPoint</areaType>
                <fareCode>0</fareCode>
                <mobilityRestrictedSuitability>0</mobilityRestrictedSuitability>
            </StopAreaExtension>
        </StopArea>
        <StopArea>
            <objectId>TCL:StopArea:46357</objectId>
            <objectVersion>1</objectVersion>
            <creationTime>2015-01-15T08:18:23</creationTime>
            <name>La Petite Gare</name>
            <contains>TCL:StopPoint:8243</contains>
            <contains>TCL:StopPoint:8244</contains>
            <centroidOfArea>TCL:AreaCentroid:46357</centroidOfArea>
            <StopAreaExtension>
                <areaType>BoardingPosition</areaType>
                <fareCode>0</fareCode>
                <mobilityRestrictedSuitability>0</mobilityRestrictedSuitability>
            </StopAreaExtension>
        </StopArea>
        <StopArea>
            <objectId>TCL:StopArea:S34336</objectId>
            <objectVersion>1</objectVersion>
            <creationTime>2015-01-15T08:18:23</creationTime>
            <name>La Petite Gare</name>
            <contains>TCL:StopArea:46357</contains>
            <contains>TCL:StopArea:46358</contains>
            <centroidOfArea>TCL:AreaCentroid:S34336</centroidOfArea>
            <StopAreaExtension>
                <areaType>CommercialStopPoint</areaType>
                <fareCode>0</fareCode>
                <mobilityRestrictedSuitability>0</mobilityRestrictedSuitability>
            </StopAreaExtension>
        </StopArea>
        <StopArea>
            <objectId>TCL:StopArea:46359</objectId>
            <objectVersion>1</objectVersion>
            <creationTime>2015-01-15T08:18:23</creationTime>
            <name>Pommier</name>
            <contains>TCL:StopPoint:8247</contains>
            <contains>TCL:StopPoint:8248</contains>
            <centroidOfArea>TCL:AreaCentroid:46359</centroidOfArea>
            <StopAreaExtension>
                <areaType>BoardingPosition</areaType>
                <fareCode>0</fareCode>
                <mobilityRestrictedSuitability>0</mobilityRestrictedSuitability>
            </StopAreaExtension>
        </StopArea>
        <StopArea>
            <objectId>TCL:StopArea:S34337</objectId>
            <objectVersion>1</objectVersion>
            <creationTime>2015-01-15T08:18:23</creationTime>
            <name>Pommier</name>
            <contains>TCL:StopArea:46359</contains>
            <contains>TCL:StopArea:46360</contains>
            <centroidOfArea>TCL:AreaCentroid:S34337</centroidOfArea>
            <StopAreaExtension>
                <areaType>CommercialStopPoint</areaType>
                <fareCode>0</fareCode>
                <mobilityRestrictedSuitability>0</mobilityRestrictedSuitability>
            </StopAreaExtension>
        </StopArea>
        <StopArea>
            <objectId>TCL:StopArea:36115</objectId>
            <objectVersion>1</objectVersion>
            <creationTime>2015-01-15T08:18:23</creationTime>
            <name>Meyzieu Z.i.</name>
            <contains>TCL:StopPoint:5929</contains>
            <contains>TCL:StopPoint:5930</contains>
            <centroidOfArea>TCL:AreaCentroid:36115</centroidOfArea>
            <StopAreaExtension>
                <areaType>BoardingPosition</areaType>
                <fareCode>0</fareCode>
                <mobilityRestrictedSuitability>1</mobilityRestrictedSuitability>
            </StopAreaExtension>
        </StopArea>
        <StopArea>
            <objectId>TCL:StopArea:S5568</objectId>
            <objectVersion>1</objectVersion>
            <creationTime>2015-01-15T08:18:23</creationTime>
            <name>Meyzieu Z.i.</name>
            <contains>TCL:StopArea:36115</contains>
            <contains>TCL:StopArea:36114</contains>
            <centroidOfArea>TCL:AreaCentroid:S5568</centroidOfArea>
            <StopAreaExtension>
                <areaType>CommercialStopPoint</areaType>
                <fareCode>0</fareCode>
                <mobilityRestrictedSuitability>0</mobilityRestrictedSuitability>
            </StopAreaExtension>
        </StopArea>
        <StopArea>
            <objectId>TCL:StopArea:36114</objectId>
            <objectVersion>1</objectVersion>
            <creationTime>2015-01-15T08:18:23</creationTime>
            <name>Meyzieu Z.i.</name>
            <contains>TCL:StopPoint:5927</contains>
            <contains>TCL:StopPoint:5928</contains>
            <centroidOfArea>TCL:AreaCentroid:36114</centroidOfArea>
            <StopAreaExtension>
                <areaType>BoardingPosition</areaType>
                <fareCode>0</fareCode>
                <mobilityRestrictedSuitability>1</mobilityRestrictedSuitability>
            </StopAreaExtension>
        </StopArea>
        <StopArea>
            <objectId>TCL:StopArea:47221</objectId>
            <objectVersion>1</objectVersion>
            <creationTime>2015-01-15T08:18:23</creationTime>
            <name>Pusignan - Bruyeres</name>
            <contains>TCL:StopPoint:8815</contains>
            <contains>TCL:StopPoint:8816</contains>
            <centroidOfArea>TCL:AreaCentroid:47221</centroidOfArea>
            <StopAreaExtension>
                <areaType>BoardingPosition</areaType>
                <fareCode>0</fareCode>
                <mobilityRestrictedSuitability>0</mobilityRestrictedSuitability>
            </StopAreaExtension>
        </StopArea>
        <StopArea>
            <objectId>TCL:StopArea:S34511</objectId>
            <objectVersion>1</objectVersion>
            <creationTime>2015-01-15T08:18:23</creationTime>
            <name>Pusignan - Bruyeres</name>
            <contains>TCL:StopArea:47221</contains>
            <centroidOfArea>TCL:AreaCentroid:S34511</centroidOfArea>
            <StopAreaExtension>
                <areaType>CommercialStopPoint</areaType>
                <fareCode>0</fareCode>
                <mobilityRestrictedSuitability>0</mobilityRestrictedSuitability>
            </StopAreaExtension>
        </StopArea>
        <StopArea>
            <objectId>TCL:StopArea:47222</objectId>
            <objectVersion>1</objectVersion>
            <creationTime>2015-01-15T08:18:23</creationTime>
            <name>Pusignan - Ampere</name>
            <contains>TCL:StopPoint:8817</contains>
            <contains>TCL:StopPoint:8818</contains>
            <centroidOfArea>TCL:AreaCentroid:47222</centroidOfArea>
            <StopAreaExtension>
                <areaType>BoardingPosition</areaType>
                <fareCode>0</fareCode>
                <mobilityRestrictedSuitability>0</mobilityRestrictedSuitability>
            </StopAreaExtension>
        </StopArea>
        <StopArea>
            <objectId>TCL:StopArea:S34512</objectId>
            <objectVersion>1</objectVersion>
            <creationTime>2015-01-15T08:18:23</creationTime>
            <name>Pusignan - Ampere</name>
            <contains>TCL:StopArea:47222</contains>
            <centroidOfArea>TCL:AreaCentroid:S34512</centroidOfArea>
            <StopAreaExtension>
                <areaType>CommercialStopPoint</areaType>
                <fareCode>0</fareCode>
                <mobilityRestrictedSuitability>0</mobilityRestrictedSuitability>
            </StopAreaExtension>
        </StopArea>
        <StopArea>
            <objectId>TCL:StopArea:47223</objectId>
            <objectVersion>1</objectVersion>
            <creationTime>2015-01-15T08:18:23</creationTime>
            <name>Pusignan - Auriol</name>
            <contains>TCL:StopPoint:8819</contains>
            <contains>TCL:StopPoint:8820</contains>
            <centroidOfArea>TCL:AreaCentroid:47223</centroidOfArea>
            <StopAreaExtension>
                <areaType>BoardingPosition</areaType>
                <fareCode>0</fareCode>
                <mobilityRestrictedSuitability>0</mobilityRestrictedSuitability>
            </StopAreaExtension>
        </StopArea>
        <StopArea>
            <objectId>TCL:StopArea:S34513</objectId>
            <objectVersion>1</objectVersion>
            <creationTime>2015-01-15T08:18:23</creationTime>
            <name>Pusignan - Auriol</name>
            <contains>TCL:StopArea:47223</contains>
            <centroidOfArea>TCL:AreaCentroid:S34513</centroidOfArea>
            <StopAreaExtension>
                <areaType>CommercialStopPoint</areaType>
                <fareCode>0</fareCode>
                <mobilityRestrictedSuitability>0</mobilityRestrictedSuitability>
            </StopAreaExtension>
        </StopArea>
        <StopArea>
            <objectId>TCL:StopArea:46360</objectId>
            <objectVersion>1</objectVersion>
            <creationTime>2015-01-15T08:18:23</creationTime>
            <name>Pommier</name>
            <contains>TCL:StopPoint:8249</contains>
            <contains>TCL:StopPoint:8250</contains>
            <centroidOfArea>TCL:AreaCentroid:46360</centroidOfArea>
            <StopAreaExtension>
                <areaType>BoardingPosition</areaType>
                <fareCode>0</fareCode>
                <mobilityRestrictedSuitability>0</mobilityRestrictedSuitability>
            </StopAreaExtension>
        </StopArea>
        <StopArea>
            <objectId>TCL:StopArea:46358</objectId>
            <objectVersion>1</objectVersion>
            <creationTime>2015-01-15T08:18:23</creationTime>
            <name>La Petite Gare</name>
            <contains>TCL:StopPoint:8245</contains>
            <contains>TCL:StopPoint:8246</contains>
            <centroidOfArea>TCL:AreaCentroid:46358</centroidOfArea>
            <StopAreaExtension>
                <areaType>BoardingPosition</areaType>
                <fareCode>0</fareCode>
                <mobilityRestrictedSuitability>0</mobilityRestrictedSuitability>
            </StopAreaExtension>
        </StopArea>
        <StopArea>
            <objectId>TCL:StopArea:46489</objectId>
            <objectVersion>1</objectVersion>
            <creationTime>2015-01-15T08:18:23</creationTime>
            <name>Route de Bianne</name>
            <contains>TCL:StopPoint:8389</contains>
            <contains>TCL:StopPoint:8390</contains>
            <centroidOfArea>TCL:AreaCentroid:46489</centroidOfArea>
            <StopAreaExtension>
                <areaType>BoardingPosition</areaType>
                <fareCode>0</fareCode>
                <mobilityRestrictedSuitability>0</mobilityRestrictedSuitability>
            </StopAreaExtension>
        </StopArea>
        <StopArea>
            <objectId>TCL:StopArea:S34396</objectId>
            <objectVersion>1</objectVersion>
            <creationTime>2015-01-15T08:18:23</creationTime>
            <name>Route de Bianne</name>
            <contains>TCL:StopArea:46489</contains>
            <centroidOfArea>TCL:AreaCentroid:S34396</centroidOfArea>
            <StopAreaExtension>
                <areaType>CommercialStopPoint</areaType>
                <fareCode>0</fareCode>
                <mobilityRestrictedSuitability>0</mobilityRestrictedSuitability>
            </StopAreaExtension>
        </StopArea>
        <AreaCentroid>
            <objectId>TCL:AreaCentroid:46356</objectId>
            <objectVersion>1</objectVersion>
            <creationTime>2015-01-15T08:18:23</creationTime>
            <longitude>5.088494058188</longitude>
            <latitude>45.808084955073</latitude>
            <longLatType>WGS84</longLatType>
            <containedIn>TCL:StopArea:46356</containedIn>
            <name>Hameau de Bianne</name>
        </AreaCentroid>
        <AreaCentroid>
            <objectId>TCL:AreaCentroid:S34335</objectId>
            <objectVersion>1</objectVersion>
            <creationTime>2015-01-15T08:18:23</creationTime>
            <longitude>5.0884</longitude>
            <latitude>45.808</latitude>
            <longLatType>WGS84</longLatType>
            <containedIn>TCL:StopArea:S34335</containedIn>
            <name>Hameau de Bianne</name>
        </AreaCentroid>
        <AreaCentroid>
            <objectId>TCL:AreaCentroid:46480</objectId>
            <objectVersion>1</objectVersion>
            <creationTime>2015-01-15T08:18:23</creationTime>
            <longitude>5.087364994342</longitude>
            <latitude>45.803751003496</latitude>
            <longLatType>WGS84</longLatType>
            <containedIn>TCL:StopArea:46480</containedIn>
            <name>Montee de Bianne</name>
        </AreaCentroid>
        <AreaCentroid>
            <objectId>TCL:AreaCentroid:S34389</objectId>
            <objectVersion>1</objectVersion>
            <creationTime>2015-01-15T08:18:23</creationTime>
            <longitude>5.0873</longitude>
            <latitude>45.8037</latitude>
            <longLatType>WGS84</longLatType>
            <containedIn>TCL:StopArea:S34389</containedIn>
            <name>Montee de Bianne</name>
        </AreaCentroid>
        <AreaCentroid>
            <objectId>TCL:AreaCentroid:46357</objectId>
            <objectVersion>1</objectVersion>
            <creationTime>2015-01-15T08:18:23</creationTime>
            <longitude>5.084811034978</longitude>
            <latitude>45.801058001696</latitude>
            <longLatType>WGS84</longLatType>
            <containedIn>TCL:StopArea:46357</containedIn>
            <name>La Petite Gare</name>
        </AreaCentroid>
        <AreaCentroid>
            <objectId>TCL:AreaCentroid:S34336</objectId>
            <objectVersion>1</objectVersion>
            <creationTime>2015-01-15T08:18:23</creationTime>
            <longitude>5.084591496232</longitude>
            <latitude>45.800887512387504</latitude>
            <longLatType>WGS84</longLatType>
            <containedIn>TCL:StopArea:S34336</containedIn>
            <name>La Petite Gare</name>
        </AreaCentroid>
        <AreaCentroid>
            <objectId>TCL:AreaCentroid:46359</objectId>
            <objectVersion>1</objectVersion>
            <creationTime>2015-01-15T08:18:23</creationTime>
            <longitude>5.08461900373</longitude>
            <latitude>45.795881006869</latitude>
            <longLatType>WGS84</longLatType>
            <containedIn>TCL:StopArea:46359</containedIn>
            <name>Pommier</name>
        </AreaCentroid>
        <AreaCentroid>
            <objectId>TCL:AreaCentroid:S34337</objectId>
            <objectVersion>1</objectVersion>
            <creationTime>2015-01-15T08:18:23</creationTime>
            <longitude>5.0843765264670004</longitude>
            <latitude>45.7953065182215</latitude>
            <longLatType>WGS84</longLatType>
            <containedIn>TCL:StopArea:S34337</containedIn>
            <name>Pommier</name>
        </AreaCentroid>
        <AreaCentroid>
            <objectId>TCL:AreaCentroid:36115</objectId>
            <objectVersion>1</objectVersion>
            <creationTime>2015-01-15T08:18:23</creationTime>
            <longitude>5.030423945075</longitude>
            <latitude>45.768378490277</latitude>
            <longLatType>WGS84</longLatType>
            <containedIn>TCL:StopArea:36115</containedIn>
            <name>Meyzieu Z.i.</name>
        </AreaCentroid>
        <AreaCentroid>
            <objectId>TCL:AreaCentroid:S5568</objectId>
            <objectVersion>1</objectVersion>
            <creationTime>2015-01-15T08:18:23</creationTime>
            <longitude>5.031245685063429</longitude>
            <latitude>45.767942198784006</latitude>
            <longLatType>WGS84</longLatType>
            <containedIn>TCL:StopArea:S5568</containedIn>
            <name>Meyzieu Z.i.</name>
        </AreaCentroid>
        <AreaCentroid>
            <objectId>TCL:AreaCentroid:36114</objectId>
            <objectVersion>1</objectVersion>
            <creationTime>2015-01-15T08:18:23</creationTime>
            <longitude>5.030528047806</longitude>
            <latitude>45.768402998793</latitude>
            <longLatType>WGS84</longLatType>
            <containedIn>TCL:StopArea:36114</containedIn>
            <name>Meyzieu Z.i.</name>
        </AreaCentroid>
        <AreaCentroid>
            <objectId>TCL:AreaCentroid:47221</objectId>
            <objectVersion>1</objectVersion>
            <creationTime>2015-01-15T08:18:23</creationTime>
            <longitude>5.078233947524</longitude>
            <latitude>45.764692977361</latitude>
            <longLatType>WGS84</longLatType>
            <containedIn>TCL:StopArea:47221</containedIn>
            <name>Pusignan - Bruyeres</name>
        </AreaCentroid>
        <AreaCentroid>
            <objectId>TCL:AreaCentroid:S34511</objectId>
            <objectVersion>1</objectVersion>
            <creationTime>2015-01-15T08:18:23</creationTime>
            <longitude>5.0782</longitude>
            <latitude>45.7646</latitude>
            <longLatType>WGS84</longLatType>
            <containedIn>TCL:StopArea:S34511</containedIn>
            <name>Pusignan - Bruyeres</name>
        </AreaCentroid>
        <AreaCentroid>
            <objectId>TCL:AreaCentroid:47222</objectId>
            <objectVersion>1</objectVersion>
            <creationTime>2015-01-15T08:18:23</creationTime>
            <longitude>5.08170899188</longitude>
            <latitude>45.762880009814</latitude>
            <longLatType>WGS84</longLatType>
            <containedIn>TCL:StopArea:47222</containedIn>
            <name>Pusignan - Ampere</name>
        </AreaCentroid>
        <AreaCentroid>
            <objectId>TCL:AreaCentroid:S34512</objectId>
            <objectVersion>1</objectVersion>
            <creationTime>2015-01-15T08:18:23</creationTime>
            <longitude>5.0817</longitude>
            <latitude>45.7628</latitude>
            <longLatType>WGS84</longLatType>
            <containedIn>TCL:StopArea:S34512</containedIn>
            <name>Pusignan - Ampere</name>
        </AreaCentroid>
        <AreaCentroid>
            <objectId>TCL:AreaCentroid:47223</objectId>
            <objectVersion>1</objectVersion>
            <creationTime>2015-01-15T08:18:23</creationTime>
            <longitude>5.088243042995</longitude>
            <latitude>45.762699989541</latitude>
            <longLatType>WGS84</longLatType>
            <containedIn>TCL:StopArea:47223</containedIn>
            <name>Pusignan - Auriol</name>
        </AreaCentroid>
        <AreaCentroid>
            <objectId>TCL:AreaCentroid:S34513</objectId>
            <objectVersion>1</objectVersion>
            <creationTime>2015-01-15T08:18:23</creationTime>
            <longitude>5.0882</longitude>
            <latitude>45.7626</latitude>
            <longLatType>WGS84</longLatType>
            <containedIn>TCL:StopArea:S34513</containedIn>
            <name>Pusignan - Auriol</name>
        </AreaCentroid>
        <AreaCentroid>
            <objectId>TCL:AreaCentroid:46360</objectId>
            <objectVersion>1</objectVersion>
            <creationTime>2015-01-15T08:18:23</creationTime>
            <longitude>5.084134049204</longitude>
            <latitude>45.794732029574</latitude>
            <longLatType>WGS84</longLatType>
            <containedIn>TCL:StopArea:46360</containedIn>
            <name>Pommier</name>
        </AreaCentroid>
        <AreaCentroid>
            <objectId>TCL:AreaCentroid:46358</objectId>
            <objectVersion>1</objectVersion>
            <creationTime>2015-01-15T08:18:23</creationTime>
            <longitude>5.084371957486</longitude>
            <latitude>45.800717023079</latitude>
            <longLatType>WGS84</longLatType>
            <containedIn>TCL:StopArea:46358</containedIn>
            <name>La Petite Gare</name>
        </AreaCentroid>
        <AreaCentroid>
            <objectId>TCL:AreaCentroid:46489</objectId>
            <objectVersion>1</objectVersion>
            <creationTime>2015-01-15T08:18:23</creationTime>
            <longitude>5.087272066136</longitude>
            <latitude>45.803138964262</latitude>
            <longLatType>WGS84</longLatType>
            <containedIn>TCL:StopArea:46489</containedIn>
            <name>Route de Bianne</name>
        </AreaCentroid>
        <AreaCentroid>
            <objectId>TCL:AreaCentroid:S34396</objectId>
            <objectVersion>1</objectVersion>
            <creationTime>2015-01-15T08:18:23</creationTime>
            <longitude>5.0872</longitude>
            <latitude>45.8031</latitude>
            <longLatType>WGS84</longLatType>
            <containedIn>TCL:StopArea:S34396</containedIn>
            <name>Route de Bianne</name>
        </AreaCentroid>
    </ChouetteArea>
    <ConnectionLink>
        <objectId>TCL:ConnectionLink:36115_36114</objectId>
        <objectVersion>1</objectVersion>
        <creationTime>2015-01-15T08:18:23</creationTime>
        <name>from Meyzieu Z.i. to Meyzieu Z.i.</name>
        <startOfLink>TCL:StopArea:36115</startOfLink>
        <endOfLink>TCL:StopArea:36114</endOfLink>
        <linkType>Overground</linkType>
        <defaultDuration>PT1M0S</defaultDuration>
    </ConnectionLink>
    <ConnectionLink>
        <objectId>TCL:ConnectionLink:46358_46357</objectId>
        <objectVersion>1</objectVersion>
        <creationTime>2015-01-15T08:18:23</creationTime>
        <name>from La Petite Gare to La Petite Gare</name>
        <startOfLink>TCL:StopArea:46358</startOfLink>
        <endOfLink>TCL:StopArea:46357</endOfLink>
        <linkType>Overground</linkType>
        <defaultDuration>PT1M0S</defaultDuration>
    </ConnectionLink>
    <ConnectionLink>
        <objectId>TCL:ConnectionLink:46360_46359</objectId>
        <objectVersion>1</objectVersion>
        <creationTime>2015-01-15T08:18:23</creationTime>
        <name>from Pommier to Pommier</name>
        <startOfLink>TCL:StopArea:46360</startOfLink>
        <endOfLink>TCL:StopArea:46359</endOfLink>
        <linkType>Overground</linkType>
        <defaultDuration>PT1M0S</defaultDuration>
    </ConnectionLink>
    <Timetable>
        <objectId>TCL:Timetable:32A-010AM</objectId>
        <objectVersion>4</objectVersion>
        <creationTime>2015-01-15T00:04:24</creationTime>
        <creatorId>chouette</creatorId>
        <version>32A-010AM</version>
        <period>
            <startOfPeriod>2019-11-06</startOfPeriod>
            <endOfPeriod>2020-01-03</endOfPeriod>
        </period>
        <dayType>Monday</dayType>
        <dayType>Tuesday</dayType>
        <dayType>Wednesday</dayType>
        <dayType>Thursday</dayType>
        <dayType>Friday</dayType>
        <vehicleJourneyId>TCL:VehicleJourney:32A_5_2_010AM_011004</vehicleJourneyId>
        <vehicleJourneyId>TCL:VehicleJourney:32A_5_2_010AM_011007</vehicleJourneyId>
        <vehicleJourneyId>TCL:VehicleJourney:32A_5_2_010AM_011010</vehicleJourneyId>
        <vehicleJourneyId>TCL:VehicleJourney:32A_5_2_010AM_012004</vehicleJourneyId>
        <vehicleJourneyId>TCL:VehicleJourney:32A_5_2_010AM_013014</vehicleJourneyId>
        <vehicleJourneyId>TCL:VehicleJourney:32A_5_1_010AM_011011</vehicleJourneyId>
        <vehicleJourneyId>TCL:VehicleJourney:32A_5_1_010AM_012002</vehicleJourneyId>
        <vehicleJourneyId>TCL:VehicleJourney:32A_5_1_010AM_013006</vehicleJourneyId>
        <vehicleJourneyId>TCL:VehicleJourney:32A_5_1_010AM_013009</vehicleJourneyId>
        <vehicleJourneyId>TCL:VehicleJourney:32A_5_1_010AM_013012</vehicleJourneyId>
        <comment>32A-010AM</comment>
    </Timetable>
    <Timetable>
        <objectId>TCL:Timetable:32A-9007M</objectId>
        <objectVersion>4</objectVersion>
        <creationTime>2015-01-15T00:04:24</creationTime>
        <creatorId>chouette</creatorId>
        <version>32A-9007M</version>
        <period>
            <startOfPeriod>2020-01-01</startOfPeriod>
            <endOfPeriod>2020-01-04</endOfPeriod>
        </period>
        <dayType>Sunday</dayType>
        <comment>32A-9007M</comment>
    </Timetable>
    <Timetable>
        <objectId>TCL:Timetable:32A-9006M</objectId>
        <objectVersion>4</objectVersion>
        <creationTime>2015-01-15T00:04:24</creationTime>
        <creatorId>chouette</creatorId>
        <version>32A-9006M</version>
        <period>
            <startOfPeriod>2020-01-04</startOfPeriod>
            <endOfPeriod>2020-01-04</endOfPeriod>
        </period>
        <dayType>Saturday</dayType>
        <comment>32A-9006M</comment>
    </Timetable>
    <ChouetteLineDescription>
        <Line>
            <objectId>TCL:Line:32A</objectId>
            <objectVersion>4</objectVersion>
            <creationTime>2015-01-14T22:57:22</creationTime>
            <creatorId>chouette</creatorId>
            <name>Bus 32</name>
            <transportModeName>Bus</transportModeName>
            <lineEnd>TCL:StopPoint:8241</lineEnd>
            <lineEnd>TCL:StopPoint:8242</lineEnd>
            <lineEnd>TCL:StopPoint:5929</lineEnd>
            <lineEnd>TCL:StopPoint:5930</lineEnd>
            <lineEnd>TCL:StopPoint:5927</lineEnd>
            <lineEnd>TCL:StopPoint:5928</lineEnd>
            <routeId>TCL:Route:32Ar2</routeId>
            <routeId>TCL:Route:32Aa1</routeId>
            <registration>
                <registrationNumber>32A</registrationNumber>
            </registration>
            <ptNetworkIdShortcut>TCL:GroupOfLine:TCL</ptNetworkIdShortcut>
            <LineExtension>
                <mobilityRestrictedSuitability>true</mobilityRestrictedSuitability>
            </LineExtension>
        </Line>
        <ChouetteRoute>
            <objectId>TCL:Route:32Ar2</objectId>
            <objectVersion>5</objectVersion>
            <creationTime>2015-01-14T22:56:40</creationTime>
            <creatorId>chouette</creatorId>
            <name>RETOUR</name>
            <publishedName>32Ar2</publishedName>
            <number>32Ar2</number>
            <direction>R</direction>
            <ptLinkId>TCL:PtLink:5927A8816</ptLinkId>
            <ptLinkId>TCL:PtLink:8816A8818</ptLinkId>
            <ptLinkId>TCL:PtLink:8818A8820</ptLinkId>
            <ptLinkId>TCL:PtLink:8820A8250</ptLinkId>
            <ptLinkId>TCL:PtLink:8250A8246</ptLinkId>
            <ptLinkId>TCL:PtLink:8246A8390</ptLinkId>
            <ptLinkId>TCL:PtLink:8390A8242</ptLinkId>
            <journeyPatternId>TCL:JourneyPattern:32A_5_2_010AM_01</journeyPatternId>
            <comment>32Ar2</comment>
        </ChouetteRoute>
        <ChouetteRoute>
            <objectId>TCL:Route:32Aa1</objectId>
            <objectVersion>5</objectVersion>
            <creationTime>2015-01-14T22:56:40</creationTime>
            <creatorId>chouette</creatorId>
            <name>ALLER</name>
            <publishedName>32Aa1</publishedName>
            <number>32Aa1</number>
            <direction>A</direction>
            <ptLinkId>TCL:PtLink:8241A8387</ptLinkId>
            <ptLinkId>TCL:PtLink:8387A8243</ptLinkId>
            <ptLinkId>TCL:PtLink:8243A8247</ptLinkId>
            <ptLinkId>TCL:PtLink:8247A8815</ptLinkId>
            <ptLinkId>TCL:PtLink:8815A8817</ptLinkId>
            <ptLinkId>TCL:PtLink:8817A8819</ptLinkId>
            <ptLinkId>TCL:PtLink:8819A5930</ptLinkId>
            <journeyPatternId>TCL:JourneyPattern:32A_5_1_010AM_01</journeyPatternId>
            <comment>32Aa1</comment>
        </ChouetteRoute>
        <StopPoint>
            <objectId>TCL:StopPoint:8241</objectId>
            <objectVersion>2</objectVersion>
            <creationTime>2015-01-14T22:27:54</creationTime>
            <creatorId>chouette</creatorId>
            <longitude>5.088494058188</longitude>
            <latitude>45.808084955073</latitude>
            <longLatType>WGS84</longLatType>
            <containedIn>TCL:StopArea:46356</containedIn>
            <name>Hameau de Bianne</name>
        </StopPoint>
        <StopPoint>
            <objectId>TCL:StopPoint:8242</objectId>
            <objectVersion>2</objectVersion>
            <creationTime>2015-01-14T22:27:54</creationTime>
            <creatorId>chouette</creatorId>
            <longitude>5.088494058188</longitude>
            <latitude>45.808084955073</latitude>
            <longLatType>WGS84</longLatType>
            <containedIn>TCL:StopArea:46356</containedIn>
            <name>Hameau de Bianne</name>
        </StopPoint>
        <StopPoint>
            <objectId>TCL:StopPoint:8387</objectId>
            <objectVersion>2</objectVersion>
            <creationTime>2015-01-14T22:27:54</creationTime>
            <creatorId>chouette</creatorId>
            <longitude>5.087364994342</longitude>
            <latitude>45.803751003496</latitude>
            <longLatType>WGS84</longLatType>
            <containedIn>TCL:StopArea:46480</containedIn>
            <name>Montee de Bianne</name>
        </StopPoint>
        <StopPoint>
            <objectId>TCL:StopPoint:8388</objectId>
            <objectVersion>2</objectVersion>
            <creationTime>2015-01-14T22:27:54</creationTime>
            <creatorId>chouette</creatorId>
            <longitude>5.087364994342</longitude>
            <latitude>45.803751003496</latitude>
            <longLatType>WGS84</longLatType>
            <containedIn>TCL:StopArea:46480</containedIn>
            <name>Montee de Bianne</name>
        </StopPoint>
        <StopPoint>
            <objectId>TCL:StopPoint:8243</objectId>
            <objectVersion>2</objectVersion>
            <creationTime>2015-01-14T22:27:54</creationTime>
            <creatorId>chouette</creatorId>
            <longitude>5.084811034978</longitude>
            <latitude>45.801058001696</latitude>
            <longLatType>WGS84</longLatType>
            <containedIn>TCL:StopArea:46357</containedIn>
            <name>La Petite Gare</name>
        </StopPoint>
        <StopPoint>
            <objectId>TCL:StopPoint:8244</objectId>
            <objectVersion>2</objectVersion>
            <creationTime>2015-01-14T22:27:54</creationTime>
            <creatorId>chouette</creatorId>
            <longitude>5.084811034978</longitude>
            <latitude>45.801058001696</latitude>
            <longLatType>WGS84</longLatType>
            <containedIn>TCL:StopArea:46357</containedIn>
            <name>La Petite Gare</name>
        </StopPoint>
        <StopPoint>
            <objectId>TCL:StopPoint:8247</objectId>
            <objectVersion>2</objectVersion>
            <creationTime>2015-01-14T22:27:54</creationTime>
            <creatorId>chouette</creatorId>
            <longitude>5.08461900373</longitude>
            <latitude>45.795881006869</latitude>
            <longLatType>WGS84</longLatType>
            <containedIn>TCL:StopArea:46359</containedIn>
            <name>Pommier</name>
        </StopPoint>
        <StopPoint>
            <objectId>TCL:StopPoint:8248</objectId>
            <objectVersion>2</objectVersion>
            <creationTime>2015-01-14T22:27:54</creationTime>
            <creatorId>chouette</creatorId>
            <longitude>5.08461900373</longitude>
            <latitude>45.795881006869</latitude>
            <longLatType>WGS84</longLatType>
            <containedIn>TCL:StopArea:46359</containedIn>
            <name>Pommier</name>
        </StopPoint>
        <StopPoint>
            <objectId>TCL:StopPoint:5929</objectId>
            <objectVersion>2</objectVersion>
            <creationTime>2015-01-14T22:27:54</creationTime>
            <creatorId>chouette</creatorId>
            <longitude>5.030423945075</longitude>
            <latitude>45.768378490277</latitude>
            <longLatType>WGS84</longLatType>
            <containedIn>TCL:StopArea:36115</containedIn>
            <name>Meyzieu Z.i.</name>
        </StopPoint>
        <StopPoint>
            <objectId>TCL:StopPoint:5930</objectId>
            <objectVersion>2</objectVersion>
            <creationTime>2015-01-14T22:27:54</creationTime>
            <creatorId>chouette</creatorId>
            <longitude>5.030423945075</longitude>
            <latitude>45.768378490277</latitude>
            <longLatType>WGS84</longLatType>
            <containedIn>TCL:StopArea:36115</containedIn>
            <name>Meyzieu Z.i.</name>
        </StopPoint>
        <StopPoint>
            <objectId>TCL:StopPoint:5927</objectId>
            <objectVersion>2</objectVersion>
            <creationTime>2015-01-14T22:27:54</creationTime>
            <creatorId>chouette</creatorId>
            <longitude>5.030528047806</longitude>
            <latitude>45.768402998793</latitude>
            <longLatType>WGS84</longLatType>
            <containedIn>TCL:StopArea:36114</containedIn>
            <name>Meyzieu Z.i.</name>
        </StopPoint>
        <StopPoint>
            <objectId>TCL:StopPoint:5928</objectId>
            <objectVersion>2</objectVersion>
            <creationTime>2015-01-14T22:27:54</creationTime>
            <creatorId>chouette</creatorId>
            <longitude>5.030528047806</longitude>
            <latitude>45.768402998793</latitude>
            <longLatType>WGS84</longLatType>
            <containedIn>TCL:StopArea:36114</containedIn>
            <name>Meyzieu Z.i.</name>
        </StopPoint>
        <StopPoint>
            <objectId>TCL:StopPoint:8815</objectId>
            <objectVersion>2</objectVersion>
            <creationTime>2015-01-14T22:27:54</creationTime>
            <creatorId>chouette</creatorId>
            <longitude>5.078233947524</longitude>
            <latitude>45.764692977361</latitude>
            <longLatType>WGS84</longLatType>
            <containedIn>TCL:StopArea:47221</containedIn>
            <name>Pusignan - Bruyeres</name>
        </StopPoint>
        <StopPoint>
            <objectId>TCL:StopPoint:8816</objectId>
            <objectVersion>2</objectVersion>
            <creationTime>2015-01-14T22:27:54</creationTime>
            <creatorId>chouette</creatorId>
            <longitude>5.078233947524</longitude>
            <latitude>45.764692977361</latitude>
            <longLatType>WGS84</longLatType>
            <containedIn>TCL:StopArea:47221</containedIn>
            <name>Pusignan - Bruyeres</name>
        </StopPoint>
        <StopPoint>
            <objectId>TCL:StopPoint:8817</objectId>
            <objectVersion>2</objectVersion>
            <creationTime>2015-01-14T22:27:54</creationTime>
            <creatorId>chouette</creatorId>
            <longitude>5.08170899188</longitude>
            <latitude>45.762880009814</latitude>
            <longLatType>WGS84</longLatType>
            <containedIn>TCL:StopArea:47222</containedIn>
            <name>Pusignan - Ampere</name>
        </StopPoint>
        <StopPoint>
            <objectId>TCL:StopPoint:8818</objectId>
            <objectVersion>2</objectVersion>
            <creationTime>2015-01-14T22:27:54</creationTime>
            <creatorId>chouette</creatorId>
            <longitude>5.08170899188</longitude>
            <latitude>45.762880009814</latitude>
            <longLatType>WGS84</longLatType>
            <containedIn>TCL:StopArea:47222</containedIn>
            <name>Pusignan - Ampere</name>
        </StopPoint>
        <StopPoint>
            <objectId>TCL:StopPoint:8819</objectId>
            <objectVersion>2</objectVersion>
            <creationTime>2015-01-14T22:27:54</creationTime>
            <creatorId>chouette</creatorId>
            <longitude>5.088243042995</longitude>
            <latitude>45.762699989541</latitude>
            <longLatType>WGS84</longLatType>
            <containedIn>TCL:StopArea:47223</containedIn>
            <name>Pusignan - Auriol</name>
        </StopPoint>
        <StopPoint>
            <objectId>TCL:StopPoint:8820</objectId>
            <objectVersion>2</objectVersion>
            <creationTime>2015-01-14T22:27:54</creationTime>
            <creatorId>chouette</creatorId>
            <longitude>5.088243042995</longitude>
            <latitude>45.762699989541</latitude>
            <longLatType>WGS84</longLatType>
            <containedIn>TCL:StopArea:47223</containedIn>
            <name>Pusignan - Auriol</name>
        </StopPoint>
        <StopPoint>
            <objectId>TCL:StopPoint:8249</objectId>
            <objectVersion>2</objectVersion>
            <creationTime>2015-01-14T22:27:54</creationTime>
            <creatorId>chouette</creatorId>
            <longitude>5.084134049204</longitude>
            <latitude>45.794732029574</latitude>
            <longLatType>WGS84</longLatType>
            <containedIn>TCL:StopArea:46360</containedIn>
            <name>Pommier</name>
        </StopPoint>
        <StopPoint>
            <objectId>TCL:StopPoint:8250</objectId>
            <objectVersion>2</objectVersion>
            <creationTime>2015-01-14T22:27:54</creationTime>
            <creatorId>chouette</creatorId>
            <longitude>5.084134049204</longitude>
            <latitude>45.794732029574</latitude>
            <longLatType>WGS84</longLatType>
            <containedIn>TCL:StopArea:46360</containedIn>
            <name>Pommier</name>
        </StopPoint>
        <StopPoint>
            <objectId>TCL:StopPoint:8245</objectId>
            <objectVersion>2</objectVersion>
            <creationTime>2015-01-14T22:27:54</creationTime>
            <creatorId>chouette</creatorId>
            <longitude>5.084371957486</longitude>
            <latitude>45.800717023079</latitude>
            <longLatType>WGS84</longLatType>
            <containedIn>TCL:StopArea:46358</containedIn>
            <name>La Petite Gare</name>
        </StopPoint>
        <StopPoint>
            <objectId>TCL:StopPoint:8246</objectId>
            <objectVersion>2</objectVersion>
            <creationTime>2015-01-14T22:27:54</creationTime>
            <creatorId>chouette</creatorId>
            <longitude>5.084371957486</longitude>
            <latitude>45.800717023079</latitude>
            <longLatType>WGS84</longLatType>
            <containedIn>TCL:StopArea:46358</containedIn>
            <name>La Petite Gare</name>
        </StopPoint>
        <StopPoint>
            <objectId>TCL:StopPoint:8389</objectId>
            <objectVersion>2</objectVersion>
            <creationTime>2015-01-14T22:27:54</creationTime>
            <creatorId>chouette</creatorId>
            <longitude>5.087272066136</longitude>
            <latitude>45.803138964262</latitude>
            <longLatType>WGS84</longLatType>
            <containedIn>TCL:StopArea:46489</containedIn>
            <name>Route de Bianne</name>
        </StopPoint>
        <StopPoint>
            <objectId>TCL:StopPoint:8390</objectId>
            <objectVersion>2</objectVersion>
            <creationTime>2015-01-14T22:27:54</creationTime>
            <creatorId>chouette</creatorId>
            <longitude>5.087272066136</longitude>
            <latitude>45.803138964262</latitude>
            <longLatType>WGS84</longLatType>
            <containedIn>TCL:StopArea:46489</containedIn>
            <name>Route de Bianne</name>
        </StopPoint>
        <PtLink>
            <objectId>TCL:PtLink:5927A8816</objectId>
            <objectVersion>1</objectVersion>
            <creationTime>2015-01-15T08:42:56</creationTime>
            <startOfLink>TCL:StopPoint:5927</startOfLink>
            <endOfLink>TCL:StopPoint:8816</endOfLink>
        </PtLink>
        <PtLink>
            <objectId>TCL:PtLink:8816A8818</objectId>
            <objectVersion>1</objectVersion>
            <creationTime>2015-01-15T08:42:56</creationTime>
            <startOfLink>TCL:StopPoint:8816</startOfLink>
            <endOfLink>TCL:StopPoint:8818</endOfLink>
        </PtLink>
        <PtLink>
            <objectId>TCL:PtLink:8818A8820</objectId>
            <objectVersion>1</objectVersion>
            <creationTime>2015-01-15T08:42:56</creationTime>
            <startOfLink>TCL:StopPoint:8818</startOfLink>
            <endOfLink>TCL:StopPoint:8820</endOfLink>
        </PtLink>
        <PtLink>
            <objectId>TCL:PtLink:8820A8250</objectId>
            <objectVersion>1</objectVersion>
            <creationTime>2015-01-15T08:42:56</creationTime>
            <startOfLink>TCL:StopPoint:8820</startOfLink>
            <endOfLink>TCL:StopPoint:8250</endOfLink>
        </PtLink>
        <PtLink>
            <objectId>TCL:PtLink:8250A8246</objectId>
            <objectVersion>1</objectVersion>
            <creationTime>2015-01-15T08:42:56</creationTime>
            <startOfLink>TCL:StopPoint:8250</startOfLink>
            <endOfLink>TCL:StopPoint:8246</endOfLink>
        </PtLink>
        <PtLink>
            <objectId>TCL:PtLink:8246A8390</objectId>
            <objectVersion>1</objectVersion>
            <creationTime>2015-01-15T08:42:56</creationTime>
            <startOfLink>TCL:StopPoint:8246</startOfLink>
            <endOfLink>TCL:StopPoint:8390</endOfLink>
        </PtLink>
        <PtLink>
            <objectId>TCL:PtLink:8390A8242</objectId>
            <objectVersion>1</objectVersion>
            <creationTime>2015-01-15T08:42:56</creationTime>
            <startOfLink>TCL:StopPoint:8390</startOfLink>
            <endOfLink>TCL:StopPoint:8242</endOfLink>
        </PtLink>
        <PtLink>
            <objectId>TCL:PtLink:8241A8387</objectId>
            <objectVersion>1</objectVersion>
            <creationTime>2015-01-15T08:42:56</creationTime>
            <startOfLink>TCL:StopPoint:8241</startOfLink>
            <endOfLink>TCL:StopPoint:8387</endOfLink>
        </PtLink>
        <PtLink>
            <objectId>TCL:PtLink:8387A8243</objectId>
            <objectVersion>1</objectVersion>
            <creationTime>2015-01-15T08:42:56</creationTime>
            <startOfLink>TCL:StopPoint:8387</startOfLink>
            <endOfLink>TCL:StopPoint:8243</endOfLink>
        </PtLink>
        <PtLink>
            <objectId>TCL:PtLink:8243A8247</objectId>
            <objectVersion>1</objectVersion>
            <creationTime>2015-01-15T08:42:56</creationTime>
            <startOfLink>TCL:StopPoint:8243</startOfLink>
            <endOfLink>TCL:StopPoint:8247</endOfLink>
        </PtLink>
        <PtLink>
            <objectId>TCL:PtLink:8247A8815</objectId>
            <objectVersion>1</objectVersion>
            <creationTime>2015-01-15T08:42:56</creationTime>
            <startOfLink>TCL:StopPoint:8247</startOfLink>
            <endOfLink>TCL:StopPoint:8815</endOfLink>
        </PtLink>
        <PtLink>
            <objectId>TCL:PtLink:8815A8817</objectId>
            <objectVersion>1</objectVersion>
            <creationTime>2015-01-15T08:42:56</creationTime>
            <startOfLink>TCL:StopPoint:8815</startOfLink>
            <endOfLink>TCL:StopPoint:8817</endOfLink>
        </PtLink>
        <PtLink>
            <objectId>TCL:PtLink:8817A8819</objectId>
            <objectVersion>1</objectVersion>
            <creationTime>2015-01-15T08:42:56</creationTime>
            <startOfLink>TCL:StopPoint:8817</startOfLink>
            <endOfLink>TCL:StopPoint:8819</endOfLink>
        </PtLink>
        <PtLink>
            <objectId>TCL:PtLink:8819A5930</objectId>
            <objectVersion>1</objectVersion>
            <creationTime>2015-01-15T08:42:56</creationTime>
            <startOfLink>TCL:StopPoint:8819</startOfLink>
            <endOfLink>TCL:StopPoint:5930</endOfLink>
        </PtLink>
        <JourneyPattern>
            <objectId>TCL:JourneyPattern:32A_5_2_010AM_01</objectId>
            <objectVersion>12</objectVersion>
            <creationTime>2015-01-15T00:18:11</creationTime>
            <creatorId>chouette</creatorId>
            <name>32A_5_2_010AM_01</name>
            <publishedName></publishedName>
            <routeId>TCL:Route:32Ar2</routeId>
            <origin>TCL:StopPoint:5927</origin>
            <destination>TCL:StopPoint:8242</destination>
            <stopPointList>TCL:StopPoint:5927</stopPointList>
            <stopPointList>TCL:StopPoint:8816</stopPointList>
            <stopPointList>TCL:StopPoint:8818</stopPointList>
            <stopPointList>TCL:StopPoint:8820</stopPointList>
            <stopPointList>TCL:StopPoint:8250</stopPointList>
            <stopPointList>TCL:StopPoint:8246</stopPointList>
            <stopPointList>TCL:StopPoint:8390</stopPointList>
            <stopPointList>TCL:StopPoint:8242</stopPointList>
            <lineIdShortcut>TCL:Line:32A</lineIdShortcut>
            <comment></comment>
        </JourneyPattern>
        <JourneyPattern>
            <objectId>TCL:JourneyPattern:32A_5_1_010AM_01</objectId>
            <objectVersion>12</objectVersion>
            <creationTime>2015-01-15T00:18:11</creationTime>
            <creatorId>chouette</creatorId>
            <name>32A_5_1_010AM_01</name>
            <publishedName></publishedName>
            <routeId>TCL:Route:32Aa1</routeId>
            <origin>TCL:StopPoint:8241</origin>
            <destination>TCL:StopPoint:5930</destination>
            <stopPointList>TCL:StopPoint:8241</stopPointList>
            <stopPointList>TCL:StopPoint:8387</stopPointList>
            <stopPointList>TCL:StopPoint:8243</stopPointList>
            <stopPointList>TCL:StopPoint:8247</stopPointList>
            <stopPointList>TCL:StopPoint:8815</stopPointList>
            <stopPointList>TCL:StopPoint:8817</stopPointList>
            <stopPointList>TCL:StopPoint:8819</stopPointList>
            <stopPointList>TCL:StopPoint:5930</stopPointList>
            <lineIdShortcut>TCL:Line:32A</lineIdShortcut>
            <comment></comment>
        </JourneyPattern>
        <VehicleJourney>
            <objectId>TCL:VehicleJourney:32A_5_2_010AM_011004</objectId>
            <objectVersion>6</objectVersion>
            <creationTime>2015-01-14T23:15:04</creationTime>
            <creatorId>chouette</creatorId>
            <routeId>TCL:Route:32Ar2</routeId>
            <journeyPatternId>TCL:JourneyPattern:32A_5_2_010AM_01</journeyPatternId>
            <transportMode>Other</transportMode>
            <operatorId>TCL:Company:1</operatorId>
            <number>1004</number>
            <vehicleJourneyAtStop>
                <stopPointId>TCL:StopPoint:5927</stopPointId>
                <vehicleJourneyId>TCL:VehicleJourney:32A_5_2_010AM_011004</vehicleJourneyId>
                <arrivalTime>06:45:00</arrivalTime>
                <departureTime>06:45:00</departureTime>
                <order>1</order>
            </vehicleJourneyAtStop>
            <vehicleJourneyAtStop>
                <stopPointId>TCL:StopPoint:8816</stopPointId>
                <vehicleJourneyId>TCL:VehicleJourney:32A_5_2_010AM_011004</vehicleJourneyId>
                <arrivalTime>06:51:00</arrivalTime>
                <departureTime>06:51:00</departureTime>
                <order>1</order>
            </vehicleJourneyAtStop>
            <vehicleJourneyAtStop>
                <stopPointId>TCL:StopPoint:8818</stopPointId>
                <vehicleJourneyId>TCL:VehicleJourney:32A_5_2_010AM_011004</vehicleJourneyId>
                <arrivalTime>06:53:00</arrivalTime>
                <departureTime>06:53:00</departureTime>
                <order>1</order>
            </vehicleJourneyAtStop>
            <vehicleJourneyAtStop>
                <stopPointId>TCL:StopPoint:8820</stopPointId>
                <vehicleJourneyId>TCL:VehicleJourney:32A_5_2_010AM_011004</vehicleJourneyId>
                <arrivalTime>06:54:00</arrivalTime>
                <departureTime>06:54:00</departureTime>
                <order>1</order>
            </vehicleJourneyAtStop>
            <vehicleJourneyAtStop>
                <stopPointId>TCL:StopPoint:8250</stopPointId>
                <vehicleJourneyId>TCL:VehicleJourney:32A_5_2_010AM_011004</vehicleJourneyId>
                <arrivalTime>07:01:00</arrivalTime>
                <departureTime>07:01:00</departureTime>
                <order>1</order>
            </vehicleJourneyAtStop>
            <vehicleJourneyAtStop>
                <stopPointId>TCL:StopPoint:8246</stopPointId>
                <vehicleJourneyId>TCL:VehicleJourney:32A_5_2_010AM_011004</vehicleJourneyId>
                <arrivalTime>07:03:00</arrivalTime>
                <departureTime>07:03:00</departureTime>
                <order>1</order>
            </vehicleJourneyAtStop>
            <vehicleJourneyAtStop>
                <stopPointId>TCL:StopPoint:8390</stopPointId>
                <vehicleJourneyId>TCL:VehicleJourney:32A_5_2_010AM_011004</vehicleJourneyId>
                <arrivalTime>07:04:00</arrivalTime>
                <departureTime>07:04:00</departureTime>
                <order>1</order>
            </vehicleJourneyAtStop>
            <vehicleJourneyAtStop>
                <stopPointId>TCL:StopPoint:8242</stopPointId>
                <vehicleJourneyId>TCL:VehicleJourney:32A_5_2_010AM_011004</vehicleJourneyId>
                <arrivalTime>07:05:00</arrivalTime>
                <departureTime>07:05:00</departureTime>
                <order>1</order>
            </vehicleJourneyAtStop>
        </VehicleJourney>
        <VehicleJourney>
            <objectId>TCL:VehicleJourney:32A_5_2_010AM_011007</objectId>
            <objectVersion>6</objectVersion>
            <creationTime>2015-01-14T23:15:04</creationTime>
            <creatorId>chouette</creatorId>
            <routeId>TCL:Route:32Ar2</routeId>
            <journeyPatternId>TCL:JourneyPattern:32A_5_2_010AM_01</journeyPatternId>
            <transportMode>Other</transportMode>
            <operatorId>TCL:Company:1</operatorId>
            <number>1007</number>
            <vehicleJourneyAtStop>
                <stopPointId>TCL:StopPoint:5927</stopPointId>
                <vehicleJourneyId>TCL:VehicleJourney:32A_5_2_010AM_011007</vehicleJourneyId>
                <arrivalTime>07:33:00</arrivalTime>
                <departureTime>07:33:00</departureTime>
                <order>1</order>
            </vehicleJourneyAtStop>
            <vehicleJourneyAtStop>
                <stopPointId>TCL:StopPoint:8816</stopPointId>
                <vehicleJourneyId>TCL:VehicleJourney:32A_5_2_010AM_011007</vehicleJourneyId>
                <arrivalTime>07:39:00</arrivalTime>
                <departureTime>07:39:00</departureTime>
                <order>1</order>
            </vehicleJourneyAtStop>
            <vehicleJourneyAtStop>
                <stopPointId>TCL:StopPoint:8818</stopPointId>
                <vehicleJourneyId>TCL:VehicleJourney:32A_5_2_010AM_011007</vehicleJourneyId>
                <arrivalTime>07:41:00</arrivalTime>
                <departureTime>07:41:00</departureTime>
                <order>1</order>
            </vehicleJourneyAtStop>
            <vehicleJourneyAtStop>
                <stopPointId>TCL:StopPoint:8820</stopPointId>
                <vehicleJourneyId>TCL:VehicleJourney:32A_5_2_010AM_011007</vehicleJourneyId>
                <arrivalTime>07:42:00</arrivalTime>
                <departureTime>07:42:00</departureTime>
                <order>1</order>
            </vehicleJourneyAtStop>
            <vehicleJourneyAtStop>
                <stopPointId>TCL:StopPoint:8250</stopPointId>
                <vehicleJourneyId>TCL:VehicleJourney:32A_5_2_010AM_011007</vehicleJourneyId>
                <arrivalTime>07:49:00</arrivalTime>
                <departureTime>07:49:00</departureTime>
                <order>1</order>
            </vehicleJourneyAtStop>
            <vehicleJourneyAtStop>
                <stopPointId>TCL:StopPoint:8246</stopPointId>
                <vehicleJourneyId>TCL:VehicleJourney:32A_5_2_010AM_011007</vehicleJourneyId>
                <arrivalTime>07:51:00</arrivalTime>
                <departureTime>07:51:00</departureTime>
                <order>1</order>
            </vehicleJourneyAtStop>
            <vehicleJourneyAtStop>
                <stopPointId>TCL:StopPoint:8390</stopPointId>
                <vehicleJourneyId>TCL:VehicleJourney:32A_5_2_010AM_011007</vehicleJourneyId>
                <arrivalTime>07:52:00</arrivalTime>
                <departureTime>07:52:00</departureTime>
                <order>1</order>
            </vehicleJourneyAtStop>
            <vehicleJourneyAtStop>
                <stopPointId>TCL:StopPoint:8242</stopPointId>
                <vehicleJourneyId>TCL:VehicleJourney:32A_5_2_010AM_011007</vehicleJourneyId>
                <arrivalTime>07:54:00</arrivalTime>
                <departureTime>07:54:00</departureTime>
                <order>1</order>
            </vehicleJourneyAtStop>
        </VehicleJourney>
        <VehicleJourney>
            <objectId>TCL:VehicleJourney:32A_5_2_010AM_011010</objectId>
            <objectVersion>6</objectVersion>
            <creationTime>2015-01-14T23:15:04</creationTime>
            <creatorId>chouette</creatorId>
            <routeId>TCL:Route:32Ar2</routeId>
            <journeyPatternId>TCL:JourneyPattern:32A_5_2_010AM_01</journeyPatternId>
            <transportMode>Other</transportMode>
            <operatorId>TCL:Company:1</operatorId>
            <number>1010</number>
            <vehicleJourneyAtStop>
                <stopPointId>TCL:StopPoint:5927</stopPointId>
                <vehicleJourneyId>TCL:VehicleJourney:32A_5_2_010AM_011010</vehicleJourneyId>
                <arrivalTime>08:19:00</arrivalTime>
                <departureTime>08:19:00</departureTime>
                <order>1</order>
            </vehicleJourneyAtStop>
            <vehicleJourneyAtStop>
                <stopPointId>TCL:StopPoint:8816</stopPointId>
                <vehicleJourneyId>TCL:VehicleJourney:32A_5_2_010AM_011010</vehicleJourneyId>
                <arrivalTime>08:25:00</arrivalTime>
                <departureTime>08:25:00</departureTime>
                <order>1</order>
            </vehicleJourneyAtStop>
            <vehicleJourneyAtStop>
                <stopPointId>TCL:StopPoint:8818</stopPointId>
                <vehicleJourneyId>TCL:VehicleJourney:32A_5_2_010AM_011010</vehicleJourneyId>
                <arrivalTime>08:27:00</arrivalTime>
                <departureTime>08:27:00</departureTime>
                <order>1</order>
            </vehicleJourneyAtStop>
            <vehicleJourneyAtStop>
                <stopPointId>TCL:StopPoint:8820</stopPointId>
                <vehicleJourneyId>TCL:VehicleJourney:32A_5_2_010AM_011010</vehicleJourneyId>
                <arrivalTime>08:28:00</arrivalTime>
                <departureTime>08:28:00</departureTime>
                <order>1</order>
            </vehicleJourneyAtStop>
            <vehicleJourneyAtStop>
                <stopPointId>TCL:StopPoint:8250</stopPointId>
                <vehicleJourneyId>TCL:VehicleJourney:32A_5_2_010AM_011010</vehicleJourneyId>
                <arrivalTime>08:35:00</arrivalTime>
                <departureTime>08:35:00</departureTime>
                <order>1</order>
            </vehicleJourneyAtStop>
            <vehicleJourneyAtStop>
                <stopPointId>TCL:StopPoint:8246</stopPointId>
                <vehicleJourneyId>TCL:VehicleJourney:32A_5_2_010AM_011010</vehicleJourneyId>
                <arrivalTime>08:37:00</arrivalTime>
                <departureTime>08:37:00</departureTime>
                <order>1</order>
            </vehicleJourneyAtStop>
            <vehicleJourneyAtStop>
                <stopPointId>TCL:StopPoint:8390</stopPointId>
                <vehicleJourneyId>TCL:VehicleJourney:32A_5_2_010AM_011010</vehicleJourneyId>
                <arrivalTime>08:38:00</arrivalTime>
                <departureTime>08:38:00</departureTime>
                <order>1</order>
            </vehicleJourneyAtStop>
            <vehicleJourneyAtStop>
                <stopPointId>TCL:StopPoint:8242</stopPointId>
                <vehicleJourneyId>TCL:VehicleJourney:32A_5_2_010AM_011010</vehicleJourneyId>
                <arrivalTime>08:40:00</arrivalTime>
                <departureTime>08:40:00</departureTime>
                <order>1</order>
            </vehicleJourneyAtStop>
        </VehicleJourney>
        <VehicleJourney>
            <objectId>TCL:VehicleJourney:32A_5_2_010AM_012004</objectId>
            <objectVersion>6</objectVersion>
            <creationTime>2015-01-14T23:15:04</creationTime>
            <creatorId>chouette</creatorId>
            <routeId>TCL:Route:32Ar2</routeId>
            <journeyPatternId>TCL:JourneyPattern:32A_5_2_010AM_01</journeyPatternId>
            <transportMode>Other</transportMode>
            <operatorId>TCL:Company:1</operatorId>
            <number>2004</number>
            <vehicleJourneyAtStop>
                <stopPointId>TCL:StopPoint:5927</stopPointId>
                <vehicleJourneyId>TCL:VehicleJourney:32A_5_2_010AM_012004</vehicleJourneyId>
                <arrivalTime>12:24:00</arrivalTime>
                <departureTime>12:24:00</departureTime>
                <order>1</order>
            </vehicleJourneyAtStop>
            <vehicleJourneyAtStop>
                <stopPointId>TCL:StopPoint:8816</stopPointId>
                <vehicleJourneyId>TCL:VehicleJourney:32A_5_2_010AM_012004</vehicleJourneyId>
                <arrivalTime>12:30:00</arrivalTime>
                <departureTime>12:30:00</departureTime>
                <order>1</order>
            </vehicleJourneyAtStop>
            <vehicleJourneyAtStop>
                <stopPointId>TCL:StopPoint:8818</stopPointId>
                <vehicleJourneyId>TCL:VehicleJourney:32A_5_2_010AM_012004</vehicleJourneyId>
                <arrivalTime>12:32:00</arrivalTime>
                <departureTime>12:32:00</departureTime>
                <order>1</order>
            </vehicleJourneyAtStop>
            <vehicleJourneyAtStop>
                <stopPointId>TCL:StopPoint:8820</stopPointId>
                <vehicleJourneyId>TCL:VehicleJourney:32A_5_2_010AM_012004</vehicleJourneyId>
                <arrivalTime>12:33:00</arrivalTime>
                <departureTime>12:33:00</departureTime>
                <order>1</order>
            </vehicleJourneyAtStop>
            <vehicleJourneyAtStop>
                <stopPointId>TCL:StopPoint:8250</stopPointId>
                <vehicleJourneyId>TCL:VehicleJourney:32A_5_2_010AM_012004</vehicleJourneyId>
                <arrivalTime>12:40:00</arrivalTime>
                <departureTime>12:40:00</departureTime>
                <order>1</order>
            </vehicleJourneyAtStop>
            <vehicleJourneyAtStop>
                <stopPointId>TCL:StopPoint:8246</stopPointId>
                <vehicleJourneyId>TCL:VehicleJourney:32A_5_2_010AM_012004</vehicleJourneyId>
                <arrivalTime>12:42:00</arrivalTime>
                <departureTime>12:42:00</departureTime>
                <order>1</order>
            </vehicleJourneyAtStop>
            <vehicleJourneyAtStop>
                <stopPointId>TCL:StopPoint:8390</stopPointId>
                <vehicleJourneyId>TCL:VehicleJourney:32A_5_2_010AM_012004</vehicleJourneyId>
                <arrivalTime>12:43:00</arrivalTime>
                <departureTime>12:43:00</departureTime>
                <order>1</order>
            </vehicleJourneyAtStop>
            <vehicleJourneyAtStop>
                <stopPointId>TCL:StopPoint:8242</stopPointId>
                <vehicleJourneyId>TCL:VehicleJourney:32A_5_2_010AM_012004</vehicleJourneyId>
                <arrivalTime>12:45:00</arrivalTime>
                <departureTime>12:45:00</departureTime>
                <order>1</order>
            </vehicleJourneyAtStop>
        </VehicleJourney>
        <VehicleJourney>
            <objectId>TCL:VehicleJourney:32A_5_2_010AM_013014</objectId>
            <objectVersion>6</objectVersion>
            <creationTime>2015-01-14T23:15:04</creationTime>
            <creatorId>chouette</creatorId>
            <routeId>TCL:Route:32Ar2</routeId>
            <journeyPatternId>TCL:JourneyPattern:32A_5_2_010AM_01</journeyPatternId>
            <transportMode>Other</transportMode>
            <operatorId>TCL:Company:1</operatorId>
            <number>3014</number>
            <vehicleJourneyAtStop>
                <stopPointId>TCL:StopPoint:5927</stopPointId>
                <vehicleJourneyId>TCL:VehicleJourney:32A_5_2_010AM_013014</vehicleJourneyId>
                <arrivalTime>18:53:00</arrivalTime>
                <departureTime>18:53:00</departureTime>
                <order>1</order>
            </vehicleJourneyAtStop>
            <vehicleJourneyAtStop>
                <stopPointId>TCL:StopPoint:8816</stopPointId>
                <vehicleJourneyId>TCL:VehicleJourney:32A_5_2_010AM_013014</vehicleJourneyId>
                <arrivalTime>18:59:00</arrivalTime>
                <departureTime>18:59:00</departureTime>
                <order>1</order>
            </vehicleJourneyAtStop>
            <vehicleJourneyAtStop>
                <stopPointId>TCL:StopPoint:8818</stopPointId>
                <vehicleJourneyId>TCL:VehicleJourney:32A_5_2_010AM_013014</vehicleJourneyId>
                <arrivalTime>19:01:00</arrivalTime>
                <departureTime>19:01:00</departureTime>
                <order>1</order>
            </vehicleJourneyAtStop>
            <vehicleJourneyAtStop>
                <stopPointId>TCL:StopPoint:8820</stopPointId>
                <vehicleJourneyId>TCL:VehicleJourney:32A_5_2_010AM_013014</vehicleJourneyId>
                <arrivalTime>19:02:00</arrivalTime>
                <departureTime>19:02:00</departureTime>
                <order>1</order>
            </vehicleJourneyAtStop>
            <vehicleJourneyAtStop>
                <stopPointId>TCL:StopPoint:8250</stopPointId>
                <vehicleJourneyId>TCL:VehicleJourney:32A_5_2_010AM_013014</vehicleJourneyId>
                <arrivalTime>19:09:00</arrivalTime>
                <departureTime>19:09:00</departureTime>
                <order>1</order>
            </vehicleJourneyAtStop>
            <vehicleJourneyAtStop>
                <stopPointId>TCL:StopPoint:8246</stopPointId>
                <vehicleJourneyId>TCL:VehicleJourney:32A_5_2_010AM_013014</vehicleJourneyId>
                <arrivalTime>19:11:00</arrivalTime>
                <departureTime>19:11:00</departureTime>
                <order>1</order>
            </vehicleJourneyAtStop>
            <vehicleJourneyAtStop>
                <stopPointId>TCL:StopPoint:8390</stopPointId>
                <vehicleJourneyId>TCL:VehicleJourney:32A_5_2_010AM_013014</vehicleJourneyId>
                <arrivalTime>19:12:00</arrivalTime>
                <departureTime>19:12:00</departureTime>
                <order>1</order>
            </vehicleJourneyAtStop>
            <vehicleJourneyAtStop>
                <stopPointId>TCL:StopPoint:8242</stopPointId>
                <vehicleJourneyId>TCL:VehicleJourney:32A_5_2_010AM_013014</vehicleJourneyId>
                <arrivalTime>19:14:00</arrivalTime>
                <departureTime>19:14:00</departureTime>
                <order>1</order>
            </vehicleJourneyAtStop>
        </VehicleJourney>
        <VehicleJourney>
            <objectId>TCL:VehicleJourney:32A_5_1_010AM_011011</objectId>
            <objectVersion>6</objectVersion>
            <creationTime>2015-01-14T23:15:04</creationTime>
            <creatorId>chouette</creatorId>
            <routeId>TCL:Route:32Aa1</routeId>
            <journeyPatternId>TCL:JourneyPattern:32A_5_1_010AM_01</journeyPatternId>
            <transportMode>Other</transportMode>
            <operatorId>TCL:Company:1</operatorId>
            <number>1011</number>
            <vehicleJourneyAtStop>
                <stopPointId>TCL:StopPoint:8241</stopPointId>
                <vehicleJourneyId>TCL:VehicleJourney:32A_5_1_010AM_011011</vehicleJourneyId>
                <arrivalTime>08:44:00</arrivalTime>
                <departureTime>08:44:00</departureTime>
                <order>1</order>
            </vehicleJourneyAtStop>
            <vehicleJourneyAtStop>
                <stopPointId>TCL:StopPoint:8387</stopPointId>
                <vehicleJourneyId>TCL:VehicleJourney:32A_5_1_010AM_011011</vehicleJourneyId>
                <arrivalTime>08:46:00</arrivalTime>
                <departureTime>08:46:00</departureTime>
                <order>1</order>
            </vehicleJourneyAtStop>
            <vehicleJourneyAtStop>
                <stopPointId>TCL:StopPoint:8243</stopPointId>
                <vehicleJourneyId>TCL:VehicleJourney:32A_5_1_010AM_011011</vehicleJourneyId>
                <arrivalTime>08:48:00</arrivalTime>
                <departureTime>08:48:00</departureTime>
                <order>1</order>
            </vehicleJourneyAtStop>
            <vehicleJourneyAtStop>
                <stopPointId>TCL:StopPoint:8247</stopPointId>
                <vehicleJourneyId>TCL:VehicleJourney:32A_5_1_010AM_011011</vehicleJourneyId>
                <arrivalTime>08:50:00</arrivalTime>
                <departureTime>08:50:00</departureTime>
                <order>1</order>
            </vehicleJourneyAtStop>
            <vehicleJourneyAtStop>
                <stopPointId>TCL:StopPoint:8815</stopPointId>
                <vehicleJourneyId>TCL:VehicleJourney:32A_5_1_010AM_011011</vehicleJourneyId>
                <arrivalTime>08:56:00</arrivalTime>
                <departureTime>08:56:00</departureTime>
                <order>1</order>
            </vehicleJourneyAtStop>
            <vehicleJourneyAtStop>
                <stopPointId>TCL:StopPoint:8817</stopPointId>
                <vehicleJourneyId>TCL:VehicleJourney:32A_5_1_010AM_011011</vehicleJourneyId>
                <arrivalTime>08:58:00</arrivalTime>
                <departureTime>08:58:00</departureTime>
                <order>1</order>
            </vehicleJourneyAtStop>
            <vehicleJourneyAtStop>
                <stopPointId>TCL:StopPoint:8819</stopPointId>
                <vehicleJourneyId>TCL:VehicleJourney:32A_5_1_010AM_011011</vehicleJourneyId>
                <arrivalTime>08:59:00</arrivalTime>
                <departureTime>08:59:00</departureTime>
                <order>1</order>
            </vehicleJourneyAtStop>
            <vehicleJourneyAtStop>
                <stopPointId>TCL:StopPoint:5930</stopPointId>
                <vehicleJourneyId>TCL:VehicleJourney:32A_5_1_010AM_011011</vehicleJourneyId>
                <arrivalTime>09:07:00</arrivalTime>
                <departureTime>09:07:00</departureTime>
                <order>1</order>
            </vehicleJourneyAtStop>
        </VehicleJourney>
        <VehicleJourney>
            <objectId>TCL:VehicleJourney:32A_5_1_010AM_012002</objectId>
            <objectVersion>6</objectVersion>
            <creationTime>2015-01-14T23:15:04</creationTime>
            <creatorId>chouette</creatorId>
            <routeId>TCL:Route:32Aa1</routeId>
            <journeyPatternId>TCL:JourneyPattern:32A_5_1_010AM_01</journeyPatternId>
            <transportMode>Other</transportMode>
            <operatorId>TCL:Company:1</operatorId>
            <number>2002</number>
            <vehicleJourneyAtStop>
                <stopPointId>TCL:StopPoint:8241</stopPointId>
                <vehicleJourneyId>TCL:VehicleJourney:32A_5_1_010AM_012002</vehicleJourneyId>
                <arrivalTime>11:59:00</arrivalTime>
                <departureTime>11:59:00</departureTime>
                <order>1</order>
            </vehicleJourneyAtStop>
            <vehicleJourneyAtStop>
                <stopPointId>TCL:StopPoint:8387</stopPointId>
                <vehicleJourneyId>TCL:VehicleJourney:32A_5_1_010AM_012002</vehicleJourneyId>
                <arrivalTime>12:01:00</arrivalTime>
                <departureTime>12:01:00</departureTime>
                <order>1</order>
            </vehicleJourneyAtStop>
            <vehicleJourneyAtStop>
                <stopPointId>TCL:StopPoint:8243</stopPointId>
                <vehicleJourneyId>TCL:VehicleJourney:32A_5_1_010AM_012002</vehicleJourneyId>
                <arrivalTime>12:03:00</arrivalTime>
                <departureTime>12:03:00</departureTime>
                <order>1</order>
            </vehicleJourneyAtStop>
            <vehicleJourneyAtStop>
                <stopPointId>TCL:StopPoint:8247</stopPointId>
                <vehicleJourneyId>TCL:VehicleJourney:32A_5_1_010AM_012002</vehicleJourneyId>
                <arrivalTime>12:05:00</arrivalTime>
                <departureTime>12:05:00</departureTime>
                <order>1</order>
            </vehicleJourneyAtStop>
            <vehicleJourneyAtStop>
                <stopPointId>TCL:StopPoint:8815</stopPointId>
                <vehicleJourneyId>TCL:VehicleJourney:32A_5_1_010AM_012002</vehicleJourneyId>
                <arrivalTime>12:12:00</arrivalTime>
                <departureTime>12:12:00</departureTime>
                <order>1</order>
            </vehicleJourneyAtStop>
            <vehicleJourneyAtStop>
                <stopPointId>TCL:StopPoint:8817</stopPointId>
                <vehicleJourneyId>TCL:VehicleJourney:32A_5_1_010AM_012002</vehicleJourneyId>
                <arrivalTime>12:14:00</arrivalTime>
                <departureTime>12:14:00</departureTime>
                <order>1</order>
            </vehicleJourneyAtStop>
            <vehicleJourneyAtStop>
                <stopPointId>TCL:StopPoint:8819</stopPointId>
                <vehicleJourneyId>TCL:VehicleJourney:32A_5_1_010AM_012002</vehicleJourneyId>
                <arrivalTime>12:15:00</arrivalTime>
                <departureTime>12:15:00</departureTime>
                <order>1</order>
            </vehicleJourneyAtStop>
            <vehicleJourneyAtStop>
                <stopPointId>TCL:StopPoint:5930</stopPointId>
                <vehicleJourneyId>TCL:VehicleJourney:32A_5_1_010AM_012002</vehicleJourneyId>
                <arrivalTime>12:22:00</arrivalTime>
                <departureTime>12:22:00</departureTime>
                <order>1</order>
            </vehicleJourneyAtStop>
        </VehicleJourney>
        <VehicleJourney>
            <objectId>TCL:VehicleJourney:32A_5_1_010AM_013006</objectId>
            <objectVersion>6</objectVersion>
            <creationTime>2015-01-14T23:15:04</creationTime>
            <creatorId>chouette</creatorId>
            <routeId>TCL:Route:32Aa1</routeId>
            <journeyPatternId>TCL:JourneyPattern:32A_5_1_010AM_01</journeyPatternId>
            <transportMode>Other</transportMode>
            <operatorId>TCL:Company:1</operatorId>
            <number>3006</number>
            <vehicleJourneyAtStop>
                <stopPointId>TCL:StopPoint:8241</stopPointId>
                <vehicleJourneyId>TCL:VehicleJourney:32A_5_1_010AM_013006</vehicleJourneyId>
                <arrivalTime>16:53:00</arrivalTime>
                <departureTime>16:53:00</departureTime>
                <order>1</order>
            </vehicleJourneyAtStop>
            <vehicleJourneyAtStop>
                <stopPointId>TCL:StopPoint:8387</stopPointId>
                <vehicleJourneyId>TCL:VehicleJourney:32A_5_1_010AM_013006</vehicleJourneyId>
                <arrivalTime>16:55:00</arrivalTime>
                <departureTime>16:55:00</departureTime>
                <order>1</order>
            </vehicleJourneyAtStop>
            <vehicleJourneyAtStop>
                <stopPointId>TCL:StopPoint:8243</stopPointId>
                <vehicleJourneyId>TCL:VehicleJourney:32A_5_1_010AM_013006</vehicleJourneyId>
                <arrivalTime>16:57:00</arrivalTime>
                <departureTime>16:57:00</departureTime>
                <order>1</order>
            </vehicleJourneyAtStop>
            <vehicleJourneyAtStop>
                <stopPointId>TCL:StopPoint:8247</stopPointId>
                <vehicleJourneyId>TCL:VehicleJourney:32A_5_1_010AM_013006</vehicleJourneyId>
                <arrivalTime>16:59:00</arrivalTime>
                <departureTime>16:59:00</departureTime>
                <order>1</order>
            </vehicleJourneyAtStop>
            <vehicleJourneyAtStop>
                <stopPointId>TCL:StopPoint:8815</stopPointId>
                <vehicleJourneyId>TCL:VehicleJourney:32A_5_1_010AM_013006</vehicleJourneyId>
                <arrivalTime>17:07:00</arrivalTime>
                <departureTime>17:07:00</departureTime>
                <order>1</order>
            </vehicleJourneyAtStop>
            <vehicleJourneyAtStop>
                <stopPointId>TCL:StopPoint:8817</stopPointId>
                <vehicleJourneyId>TCL:VehicleJourney:32A_5_1_010AM_013006</vehicleJourneyId>
                <arrivalTime>17:09:00</arrivalTime>
                <departureTime>17:09:00</departureTime>
                <order>1</order>
            </vehicleJourneyAtStop>
            <vehicleJourneyAtStop>
                <stopPointId>TCL:StopPoint:8819</stopPointId>
                <vehicleJourneyId>TCL:VehicleJourney:32A_5_1_010AM_013006</vehicleJourneyId>
                <arrivalTime>17:10:00</arrivalTime>
                <departureTime>17:10:00</departureTime>
                <order>1</order>
            </vehicleJourneyAtStop>
            <vehicleJourneyAtStop>
                <stopPointId>TCL:StopPoint:5930</stopPointId>
                <vehicleJourneyId>TCL:VehicleJourney:32A_5_1_010AM_013006</vehicleJourneyId>
                <arrivalTime>17:17:00</arrivalTime>
                <departureTime>17:17:00</departureTime>
                <order>1</order>
            </vehicleJourneyAtStop>
        </VehicleJourney>
        <VehicleJourney>
            <objectId>TCL:VehicleJourney:32A_5_1_010AM_013009</objectId>
            <objectVersion>6</objectVersion>
            <creationTime>2015-01-14T23:15:04</creationTime>
            <creatorId>chouette</creatorId>
            <routeId>TCL:Route:32Aa1</routeId>
            <journeyPatternId>TCL:JourneyPattern:32A_5_1_010AM_01</journeyPatternId>
            <transportMode>Other</transportMode>
            <operatorId>TCL:Company:1</operatorId>
            <number>3009</number>
            <vehicleJourneyAtStop>
                <stopPointId>TCL:StopPoint:8241</stopPointId>
                <vehicleJourneyId>TCL:VehicleJourney:32A_5_1_010AM_013009</vehicleJourneyId>
                <arrivalTime>17:38:00</arrivalTime>
                <departureTime>17:38:00</departureTime>
                <order>1</order>
            </vehicleJourneyAtStop>
            <vehicleJourneyAtStop>
                <stopPointId>TCL:StopPoint:8387</stopPointId>
                <vehicleJourneyId>TCL:VehicleJourney:32A_5_1_010AM_013009</vehicleJourneyId>
                <arrivalTime>17:40:00</arrivalTime>
                <departureTime>17:40:00</departureTime>
                <order>1</order>
            </vehicleJourneyAtStop>
            <vehicleJourneyAtStop>
                <stopPointId>TCL:StopPoint:8243</stopPointId>
                <vehicleJourneyId>TCL:VehicleJourney:32A_5_1_010AM_013009</vehicleJourneyId>
                <arrivalTime>17:42:00</arrivalTime>
                <departureTime>17:42:00</departureTime>
                <order>1</order>
            </vehicleJourneyAtStop>
            <vehicleJourneyAtStop>
                <stopPointId>TCL:StopPoint:8247</stopPointId>
                <vehicleJourneyId>TCL:VehicleJourney:32A_5_1_010AM_013009</vehicleJourneyId>
                <arrivalTime>17:44:00</arrivalTime>
                <departureTime>17:44:00</departureTime>
                <order>1</order>
            </vehicleJourneyAtStop>
            <vehicleJourneyAtStop>
                <stopPointId>TCL:StopPoint:8815</stopPointId>
                <vehicleJourneyId>TCL:VehicleJourney:32A_5_1_010AM_013009</vehicleJourneyId>
                <arrivalTime>17:52:00</arrivalTime>
                <departureTime>17:52:00</departureTime>
                <order>1</order>
            </vehicleJourneyAtStop>
            <vehicleJourneyAtStop>
                <stopPointId>TCL:StopPoint:8817</stopPointId>
                <vehicleJourneyId>TCL:VehicleJourney:32A_5_1_010AM_013009</vehicleJourneyId>
                <arrivalTime>17:54:00</arrivalTime>
                <departureTime>17:54:00</departureTime>
                <order>1</order>
            </vehicleJourneyAtStop>
            <vehicleJourneyAtStop>
                <stopPointId>TCL:StopPoint:8819</stopPointId>
                <vehicleJourneyId>TCL:VehicleJourney:32A_5_1_010AM_013009</vehicleJourneyId>
                <arrivalTime>17:55:00</arrivalTime>
                <departureTime>17:55:00</departureTime>
                <order>1</order>
            </vehicleJourneyAtStop>
            <vehicleJourneyAtStop>
                <stopPointId>TCL:StopPoint:5930</stopPointId>
                <vehicleJourneyId>TCL:VehicleJourney:32A_5_1_010AM_013009</vehicleJourneyId>
                <arrivalTime>18:02:00</arrivalTime>
                <departureTime>18:02:00</departureTime>
                <order>1</order>
            </vehicleJourneyAtStop>
        </VehicleJourney>
        <VehicleJourney>
            <objectId>TCL:VehicleJourney:32A_5_1_010AM_013012</objectId>
            <objectVersion>6</objectVersion>
            <creationTime>2015-01-14T23:15:04</creationTime>
            <creatorId>chouette</creatorId>
            <routeId>TCL:Route:32Aa1</routeId>
            <journeyPatternId>TCL:JourneyPattern:32A_5_1_010AM_01</journeyPatternId>
            <transportMode>Other</transportMode>
            <operatorId>TCL:Company:1</operatorId>
            <number>3012</number>
            <vehicleJourneyAtStop>
                <stopPointId>TCL:StopPoint:8241</stopPointId>
                <vehicleJourneyId>TCL:VehicleJourney:32A_5_1_010AM_013012</vehicleJourneyId>
                <arrivalTime>18:25:00</arrivalTime>
                <departureTime>18:25:00</departureTime>
                <order>1</order>
            </vehicleJourneyAtStop>
            <vehicleJourneyAtStop>
                <stopPointId>TCL:StopPoint:8387</stopPointId>
                <vehicleJourneyId>TCL:VehicleJourney:32A_5_1_010AM_013012</vehicleJourneyId>
                <arrivalTime>18:27:00</arrivalTime>
                <departureTime>18:27:00</departureTime>
                <order>1</order>
            </vehicleJourneyAtStop>
            <vehicleJourneyAtStop>
                <stopPointId>TCL:StopPoint:8243</stopPointId>
                <vehicleJourneyId>TCL:VehicleJourney:32A_5_1_010AM_013012</vehicleJourneyId>
                <arrivalTime>18:29:00</arrivalTime>
                <departureTime>18:29:00</departureTime>
                <order>1</order>
            </vehicleJourneyAtStop>
            <vehicleJourneyAtStop>
                <stopPointId>TCL:StopPoint:8247</stopPointId>
                <vehicleJourneyId>TCL:VehicleJourney:32A_5_1_010AM_013012</vehicleJourneyId>
                <arrivalTime>18:31:00</arrivalTime>
                <departureTime>18:31:00</departureTime>
                <order>1</order>
            </vehicleJourneyAtStop>
            <vehicleJourneyAtStop>
                <stopPointId>TCL:StopPoint:8815</stopPointId>
                <vehicleJourneyId>TCL:VehicleJourney:32A_5_1_010AM_013012</vehicleJourneyId>
                <arrivalTime>18:39:00</arrivalTime>
                <departureTime>18:39:00</departureTime>
                <order>1</order>
            </vehicleJourneyAtStop>
            <vehicleJourneyAtStop>
                <stopPointId>TCL:StopPoint:8817</stopPointId>
                <vehicleJourneyId>TCL:VehicleJourney:32A_5_1_010AM_013012</vehicleJourneyId>
                <arrivalTime>18:41:00</arrivalTime>
                <departureTime>18:41:00</departureTime>
                <order>1</order>
            </vehicleJourneyAtStop>
            <vehicleJourneyAtStop>
                <stopPointId>TCL:StopPoint:8819</stopPointId>
                <vehicleJourneyId>TCL:VehicleJourney:32A_5_1_010AM_013012</vehicleJourneyId>
                <arrivalTime>18:42:00</arrivalTime>
                <departureTime>18:42:00</departureTime>
                <order>1</order>
            </vehicleJourneyAtStop>
            <vehicleJourneyAtStop>
                <stopPointId>TCL:StopPoint:5930</stopPointId>
                <vehicleJourneyId>TCL:VehicleJourney:32A_5_1_010AM_013012</vehicleJourneyId>
                <arrivalTime>18:49:00</arrivalTime>
                <departureTime>18:49:00</departureTime>
                <order>1</order>
            </vehicleJourneyAtStop>
        </VehicleJourney>
    </ChouetteLineDescription>
</ChouettePTNetwork>
