<?xml version="1.0" encoding="UTF-8" standalone="yes"?>
<ChouettePTNetwork xmlns="http://www.trident.org/schema/trident" xmlns:acsb="http://www.ifopt.org.uk/acsb" xmlns:siri="http://www.siri.org.uk/siri">
    <PTNetwork>
        <objectId>TCL:GroupOfLine:TCL</objectId>
        <objectVersion>1</objectVersion>
        <creationTime>2015-01-14T22:01:59</creationTime>
        <versionDate>2015-01-14</versionDate>
        <name>TCL</name>
        <registration>
            <registrationNumber>TCL</registrationNumber>
        </registration>
        <sourceName>GTFS</sourceName>
        <lineId>TCL:Line:89E</lineId>
    </PTNetwork>
    <Company>
        <objectId>TCL:Company:1</objectId>
        <objectVersion>1</objectVersion>
        <creationTime>2015-01-14T22:01:59</creationTime>
        <name>TCL SYTRAL</name>
        <phone>01.01.01.01.01</phone>
        <registration>
            <registrationNumber>1</registrationNumber>
        </registration>
    </Company>
    <ChouetteArea>
        <StopArea>
            <objectId>TCL:StopArea:43435</objectId>
            <objectVersion>1</objectVersion>
            <creationTime>2015-01-15T08:18:23</creationTime>
            <name>Techlid Le Paisy</name>
            <contains>TCL:StopPoint:7305</contains>
            <contains>TCL:StopPoint:7306</contains>
            <centroidOfArea>TCL:AreaCentroid:43435</centroidOfArea>
            <StopAreaExtension>
                <areaType>BoardingPosition</areaType>
                <fareCode>0</fareCode>
                <mobilityRestrictedSuitability>1</mobilityRestrictedSuitability>
            </StopAreaExtension>
        </StopArea>
        <StopArea>
            <objectId>TCL:StopArea:S33710</objectId>
            <objectVersion>1</objectVersion>
            <creationTime>2015-01-15T08:18:23</creationTime>
            <name>Techlid Le Paisy</name>
            <contains>TCL:StopArea:43435</contains>
            <contains>TCL:StopArea:43434</contains>
            <centroidOfArea>TCL:AreaCentroid:S33710</centroidOfArea>
            <StopAreaExtension>
                <areaType>CommercialStopPoint</areaType>
                <fareCode>0</fareCode>
                <mobilityRestrictedSuitability>0</mobilityRestrictedSuitability>
            </StopAreaExtension>
        </StopArea>
        <StopArea>
            <objectId>TCL:StopArea:12047</objectId>
            <objectVersion>1</objectVersion>
            <creationTime>2015-01-15T08:18:23</creationTime>
            <name>Moulin Berger</name>
            <contains>TCL:StopPoint:4549</contains>
            <contains>TCL:StopPoint:4550</contains>
            <centroidOfArea>TCL:AreaCentroid:12047</centroidOfArea>
            <StopAreaExtension>
                <areaType>BoardingPosition</areaType>
                <fareCode>0</fareCode>
                <mobilityRestrictedSuitability>1</mobilityRestrictedSuitability>
            </StopAreaExtension>
        </StopArea>
        <StopArea>
            <objectId>TCL:StopArea:S11883</objectId>
            <objectVersion>1</objectVersion>
            <creationTime>2015-01-15T08:18:23</creationTime>
            <name>Moulin Berger</name>
            <contains>TCL:StopArea:12047</contains>
            <centroidOfArea>TCL:AreaCentroid:S11883</centroidOfArea>
            <StopAreaExtension>
                <areaType>CommercialStopPoint</areaType>
                <fareCode>0</fareCode>
                <mobilityRestrictedSuitability>0</mobilityRestrictedSuitability>
            </StopAreaExtension>
        </StopArea>
        <StopArea>
            <objectId>TCL:StopArea:46014</objectId>
            <objectVersion>1</objectVersion>
            <creationTime>2015-01-15T08:18:23</creationTime>
            <name>Technoparc</name>
            <contains>TCL:StopPoint:7881</contains>
            <contains>TCL:StopPoint:7882</contains>
            <centroidOfArea>TCL:AreaCentroid:46014</centroidOfArea>
            <StopAreaExtension>
                <areaType>BoardingPosition</areaType>
                <fareCode>0</fareCode>
                <mobilityRestrictedSuitability>1</mobilityRestrictedSuitability>
            </StopAreaExtension>
        </StopArea>
        <StopArea>
            <objectId>TCL:StopArea:S34226</objectId>
            <objectVersion>1</objectVersion>
            <creationTime>2015-01-15T08:18:23</creationTime>
            <name>Technoparc</name>
            <contains>TCL:StopArea:46014</contains>
            <centroidOfArea>TCL:AreaCentroid:S34226</centroidOfArea>
            <StopAreaExtension>
                <areaType>CommercialStopPoint</areaType>
                <fareCode>0</fareCode>
                <mobilityRestrictedSuitability>0</mobilityRestrictedSuitability>
            </StopAreaExtension>
        </StopArea>
        <StopArea>
            <objectId>TCL:StopArea:551</objectId>
            <objectVersion>1</objectVersion>
            <creationTime>2015-01-15T08:18:23</creationTime>
            <name>Clinique Sauvegarde</name>
            <contains>TCL:StopPoint:573</contains>
            <contains>TCL:StopPoint:574</contains>
            <centroidOfArea>TCL:AreaCentroid:551</centroidOfArea>
            <StopAreaExtension>
                <areaType>BoardingPosition</areaType>
                <fareCode>0</fareCode>
                <mobilityRestrictedSuitability>1</mobilityRestrictedSuitability>
            </StopAreaExtension>
        </StopArea>
        <StopArea>
            <objectId>TCL:StopArea:S10261</objectId>
            <objectVersion>1</objectVersion>
            <creationTime>2015-01-15T08:18:23</creationTime>
            <name>Clinique Sauvegarde</name>
            <contains>TCL:StopArea:551</contains>
            <contains>TCL:StopArea:550</contains>
            <centroidOfArea>TCL:AreaCentroid:S10261</centroidOfArea>
            <StopAreaExtension>
                <areaType>CommercialStopPoint</areaType>
                <fareCode>0</fareCode>
                <mobilityRestrictedSuitability>0</mobilityRestrictedSuitability>
            </StopAreaExtension>
        </StopArea>
        <StopArea>
            <objectId>TCL:StopArea:12045</objectId>
            <objectVersion>1</objectVersion>
            <creationTime>2015-01-15T08:18:23</creationTime>
            <name>Gare de Vaise</name>
            <contains>TCL:StopPoint:4545</contains>
            <contains>TCL:StopPoint:4546</contains>
            <centroidOfArea>TCL:AreaCentroid:12045</centroidOfArea>
            <StopAreaExtension>
                <areaType>BoardingPosition</areaType>
                <fareCode>0</fareCode>
                <mobilityRestrictedSuitability>1</mobilityRestrictedSuitability>
            </StopAreaExtension>
        </StopArea>
        <StopArea>
            <objectId>TCL:StopArea:S5103</objectId>
            <objectVersion>1</objectVersion>
            <creationTime>2015-01-15T08:18:23</creationTime>
            <name>Gare de Vaise</name>
            <contains>TCL:StopArea:12045</contains>
            <contains>TCL:StopArea:12266</contains>
            <centroidOfArea>TCL:AreaCentroid:S5103</centroidOfArea>
            <StopAreaExtension>
                <areaType>CommercialStopPoint</areaType>
                <fareCode>0</fareCode>
                <mobilityRestrictedSuitability>0</mobilityRestrictedSuitability>
            </StopAreaExtension>
        </StopArea>
        <StopArea>
            <objectId>TCL:StopArea:2427</objectId>
            <objectVersion>1</objectVersion>
            <creationTime>2015-01-15T08:18:23</creationTime>
            <name>Porte de Lyon</name>
            <contains>TCL:StopPoint:2501</contains>
            <contains>TCL:StopPoint:2502</contains>
            <centroidOfArea>TCL:AreaCentroid:2427</centroidOfArea>
            <StopAreaExtension>
                <areaType>BoardingPosition</areaType>
                <fareCode>0</fareCode>
                <mobilityRestrictedSuitability>1</mobilityRestrictedSuitability>
            </StopAreaExtension>
        </StopArea>
        <StopArea>
            <objectId>TCL:StopArea:S11147</objectId>
            <objectVersion>1</objectVersion>
            <creationTime>2015-01-15T08:18:23</creationTime>
            <name>Porte de Lyon</name>
            <contains>TCL:StopArea:2427</contains>
            <contains>TCL:StopArea:37506</contains>
            <centroidOfArea>TCL:AreaCentroid:S11147</centroidOfArea>
            <StopAreaExtension>
                <areaType>CommercialStopPoint</areaType>
                <fareCode>0</fareCode>
                <mobilityRestrictedSuitability>0</mobilityRestrictedSuitability>
            </StopAreaExtension>
        </StopArea>
        <StopArea>
            <objectId>TCL:StopArea:342</objectId>
            <objectVersion>1</objectVersion>
            <creationTime>2015-01-15T08:18:23</creationTime>
            <name>Camping International</name>
            <contains>TCL:StopPoint:341</contains>
            <contains>TCL:StopPoint:342</contains>
            <centroidOfArea>TCL:AreaCentroid:342</centroidOfArea>
            <StopAreaExtension>
                <areaType>BoardingPosition</areaType>
                <fareCode>0</fareCode>
                <mobilityRestrictedSuitability>0</mobilityRestrictedSuitability>
            </StopAreaExtension>
        </StopArea>
        <StopArea>
            <objectId>TCL:StopArea:S10161</objectId>
            <objectVersion>1</objectVersion>
            <creationTime>2015-01-15T08:18:23</creationTime>
            <name>Camping International</name>
            <contains>TCL:StopArea:342</contains>
            <contains>TCL:StopArea:341</contains>
            <centroidOfArea>TCL:AreaCentroid:S10161</centroidOfArea>
            <StopAreaExtension>
                <areaType>CommercialStopPoint</areaType>
                <fareCode>0</fareCode>
                <mobilityRestrictedSuitability>0</mobilityRestrictedSuitability>
            </StopAreaExtension>
        </StopArea>
        <StopArea>
            <objectId>TCL:StopArea:2170</objectId>
            <objectVersion>1</objectVersion>
            <creationTime>2015-01-15T08:18:23</creationTime>
            <name>Gargantua</name>
            <contains>TCL:StopPoint:2319</contains>
            <contains>TCL:StopPoint:2320</contains>
            <centroidOfArea>TCL:AreaCentroid:2170</centroidOfArea>
            <StopAreaExtension>
                <areaType>BoardingPosition</areaType>
                <fareCode>0</fareCode>
                <mobilityRestrictedSuitability>1</mobilityRestrictedSuitability>
            </StopAreaExtension>
        </StopArea>
        <StopArea>
            <objectId>TCL:StopArea:S11042</objectId>
            <objectVersion>1</objectVersion>
            <creationTime>2015-01-15T08:18:23</creationTime>
            <name>Gargantua</name>
            <contains>TCL:StopArea:2170</contains>
            <contains>TCL:StopArea:2171</contains>
            <centroidOfArea>TCL:AreaCentroid:S11042</centroidOfArea>
            <StopAreaExtension>
                <areaType>CommercialStopPoint</areaType>
                <fareCode>0</fareCode>
                <mobilityRestrictedSuitability>0</mobilityRestrictedSuitability>
            </StopAreaExtension>
        </StopArea>
        <StopArea>
            <objectId>TCL:StopArea:11726</objectId>
            <objectVersion>1</objectVersion>
            <creationTime>2015-01-15T08:18:23</creationTime>
            <name>Dardilly Le Jubin</name>
            <contains>TCL:StopPoint:4363</contains>
            <contains>TCL:StopPoint:4364</contains>
            <centroidOfArea>TCL:AreaCentroid:11726</centroidOfArea>
            <StopAreaExtension>
                <areaType>BoardingPosition</areaType>
                <fareCode>0</fareCode>
                <mobilityRestrictedSuitability>1</mobilityRestrictedSuitability>
            </StopAreaExtension>
        </StopArea>
        <StopArea>
            <objectId>TCL:StopArea:S20189</objectId>
            <objectVersion>1</objectVersion>
            <creationTime>2015-01-15T08:18:23</creationTime>
            <name>Dardilly Le Jubin</name>
            <contains>TCL:StopArea:11726</contains>
            <centroidOfArea>TCL:AreaCentroid:S20189</centroidOfArea>
            <StopAreaExtension>
                <areaType>CommercialStopPoint</areaType>
                <fareCode>0</fareCode>
                <mobilityRestrictedSuitability>0</mobilityRestrictedSuitability>
            </StopAreaExtension>
        </StopArea>
        <StopArea>
            <objectId>TCL:StopArea:2196</objectId>
            <objectVersion>1</objectVersion>
            <creationTime>2015-01-15T08:18:23</creationTime>
            <name>Les Saules</name>
            <contains>TCL:StopPoint:2337</contains>
            <contains>TCL:StopPoint:2338</contains>
            <centroidOfArea>TCL:AreaCentroid:2196</centroidOfArea>
            <StopAreaExtension>
                <areaType>BoardingPosition</areaType>
                <fareCode>0</fareCode>
                <mobilityRestrictedSuitability>1</mobilityRestrictedSuitability>
            </StopAreaExtension>
        </StopArea>
        <StopArea>
            <objectId>TCL:StopArea:S11055</objectId>
            <objectVersion>1</objectVersion>
            <creationTime>2015-01-15T08:18:23</creationTime>
            <name>Les Saules</name>
            <contains>TCL:StopArea:2196</contains>
            <contains>TCL:StopArea:2195</contains>
            <centroidOfArea>TCL:AreaCentroid:S11055</centroidOfArea>
            <StopAreaExtension>
                <areaType>CommercialStopPoint</areaType>
                <fareCode>0</fareCode>
                <mobilityRestrictedSuitability>0</mobilityRestrictedSuitability>
            </StopAreaExtension>
        </StopArea>
        <StopArea>
            <objectId>TCL:StopArea:10451</objectId>
            <objectVersion>1</objectVersion>
            <creationTime>2015-01-15T08:18:23</creationTime>
            <name>Dardilly Peupliers</name>
            <contains>TCL:StopPoint:3757</contains>
            <contains>TCL:StopPoint:3758</contains>
            <centroidOfArea>TCL:AreaCentroid:10451</centroidOfArea>
            <StopAreaExtension>
                <areaType>BoardingPosition</areaType>
                <fareCode>0</fareCode>
                <mobilityRestrictedSuitability>1</mobilityRestrictedSuitability>
            </StopAreaExtension>
        </StopArea>
        <StopArea>
            <objectId>TCL:StopArea:S20190</objectId>
            <objectVersion>1</objectVersion>
            <creationTime>2015-01-15T08:18:23</creationTime>
            <name>Dardilly Peupliers</name>
            <contains>TCL:StopArea:10451</contains>
            <contains>TCL:StopArea:10450</contains>
            <centroidOfArea>TCL:AreaCentroid:S20190</centroidOfArea>
            <StopAreaExtension>
                <areaType>CommercialStopPoint</areaType>
                <fareCode>0</fareCode>
                <mobilityRestrictedSuitability>0</mobilityRestrictedSuitability>
            </StopAreaExtension>
        </StopArea>
        <StopArea>
            <objectId>TCL:StopArea:1615</objectId>
            <objectVersion>1</objectVersion>
            <creationTime>2015-01-15T08:18:23</creationTime>
            <name>Les Aulnes</name>
            <contains>TCL:StopPoint:1679</contains>
            <contains>TCL:StopPoint:1680</contains>
            <centroidOfArea>TCL:AreaCentroid:1615</centroidOfArea>
            <StopAreaExtension>
                <areaType>BoardingPosition</areaType>
                <fareCode>0</fareCode>
                <mobilityRestrictedSuitability>1</mobilityRestrictedSuitability>
            </StopAreaExtension>
        </StopArea>
        <StopArea>
            <objectId>TCL:StopArea:S10766</objectId>
            <objectVersion>1</objectVersion>
            <creationTime>2015-01-15T08:18:23</creationTime>
            <name>Les Aulnes</name>
            <contains>TCL:StopArea:1615</contains>
            <contains>TCL:StopArea:1614</contains>
            <centroidOfArea>TCL:AreaCentroid:S10766</centroidOfArea>
            <StopAreaExtension>
                <areaType>CommercialStopPoint</areaType>
                <fareCode>0</fareCode>
                <mobilityRestrictedSuitability>0</mobilityRestrictedSuitability>
            </StopAreaExtension>
        </StopArea>
        <StopArea>
            <objectId>TCL:StopArea:824</objectId>
            <objectVersion>1</objectVersion>
            <creationTime>2015-01-15T08:18:23</creationTime>
            <name>Dardilly Les Gorges</name>
            <contains>TCL:StopPoint:831</contains>
            <contains>TCL:StopPoint:832</contains>
            <centroidOfArea>TCL:AreaCentroid:824</centroidOfArea>
            <StopAreaExtension>
                <areaType>BoardingPosition</areaType>
                <fareCode>0</fareCode>
                <mobilityRestrictedSuitability>1</mobilityRestrictedSuitability>
            </StopAreaExtension>
        </StopArea>
        <StopArea>
            <objectId>TCL:StopArea:S10390</objectId>
            <objectVersion>1</objectVersion>
            <creationTime>2015-01-15T08:18:23</creationTime>
            <name>Dardilly Les Gorges</name>
            <contains>TCL:StopArea:824</contains>
            <contains>TCL:StopArea:823</contains>
            <centroidOfArea>TCL:AreaCentroid:S10390</centroidOfArea>
            <StopAreaExtension>
                <areaType>CommercialStopPoint</areaType>
                <fareCode>0</fareCode>
                <mobilityRestrictedSuitability>0</mobilityRestrictedSuitability>
            </StopAreaExtension>
        </StopArea>
        <StopArea>
            <objectId>TCL:StopArea:12266</objectId>
            <objectVersion>1</objectVersion>
            <creationTime>2015-01-15T08:18:23</creationTime>
            <name>Gare de Vaise</name>
            <contains>TCL:StopPoint:4655</contains>
            <contains>TCL:StopPoint:4656</contains>
            <centroidOfArea>TCL:AreaCentroid:12266</centroidOfArea>
            <StopAreaExtension>
                <areaType>BoardingPosition</areaType>
                <fareCode>0</fareCode>
                <mobilityRestrictedSuitability>1</mobilityRestrictedSuitability>
            </StopAreaExtension>
        </StopArea>
        <StopArea>
            <objectId>TCL:StopArea:550</objectId>
            <objectVersion>1</objectVersion>
            <creationTime>2015-01-15T08:18:23</creationTime>
            <name>Clinique Sauvegarde</name>
            <contains>TCL:StopPoint:571</contains>
            <contains>TCL:StopPoint:572</contains>
            <centroidOfArea>TCL:AreaCentroid:550</centroidOfArea>
            <StopAreaExtension>
                <areaType>BoardingPosition</areaType>
                <fareCode>0</fareCode>
                <mobilityRestrictedSuitability>1</mobilityRestrictedSuitability>
            </StopAreaExtension>
        </StopArea>
        <StopArea>
            <objectId>TCL:StopArea:43434</objectId>
            <objectVersion>1</objectVersion>
            <creationTime>2015-01-15T08:18:23</creationTime>
            <name>Techlid Le Paisy</name>
            <contains>TCL:StopPoint:7303</contains>
            <contains>TCL:StopPoint:7304</contains>
            <centroidOfArea>TCL:AreaCentroid:43434</centroidOfArea>
            <StopAreaExtension>
                <areaType>BoardingPosition</areaType>
                <fareCode>0</fareCode>
                <mobilityRestrictedSuitability>0</mobilityRestrictedSuitability>
            </StopAreaExtension>
        </StopArea>
        <StopArea>
            <objectId>TCL:StopArea:823</objectId>
            <objectVersion>1</objectVersion>
            <creationTime>2015-01-15T08:18:23</creationTime>
            <name>Dardilly Les Gorges</name>
            <contains>TCL:StopPoint:829</contains>
            <contains>TCL:StopPoint:830</contains>
            <centroidOfArea>TCL:AreaCentroid:823</centroidOfArea>
            <StopAreaExtension>
                <areaType>BoardingPosition</areaType>
                <fareCode>0</fareCode>
                <mobilityRestrictedSuitability>1</mobilityRestrictedSuitability>
            </StopAreaExtension>
        </StopArea>
        <StopArea>
            <objectId>TCL:StopArea:1614</objectId>
            <objectVersion>1</objectVersion>
            <creationTime>2015-01-15T08:18:23</creationTime>
            <name>Les Aulnes</name>
            <contains>TCL:StopPoint:1677</contains>
            <contains>TCL:StopPoint:1678</contains>
            <centroidOfArea>TCL:AreaCentroid:1614</centroidOfArea>
            <StopAreaExtension>
                <areaType>BoardingPosition</areaType>
                <fareCode>0</fareCode>
                <mobilityRestrictedSuitability>1</mobilityRestrictedSuitability>
            </StopAreaExtension>
        </StopArea>
        <StopArea>
            <objectId>TCL:StopArea:10450</objectId>
            <objectVersion>1</objectVersion>
            <creationTime>2015-01-15T08:18:23</creationTime>
            <name>Dardilly Peupliers</name>
            <contains>TCL:StopPoint:3755</contains>
            <contains>TCL:StopPoint:3756</contains>
            <centroidOfArea>TCL:AreaCentroid:10450</centroidOfArea>
            <StopAreaExtension>
                <areaType>BoardingPosition</areaType>
                <fareCode>0</fareCode>
                <mobilityRestrictedSuitability>1</mobilityRestrictedSuitability>
            </StopAreaExtension>
        </StopArea>
        <StopArea>
            <objectId>TCL:StopArea:2195</objectId>
            <objectVersion>1</objectVersion>
            <creationTime>2015-01-15T08:18:23</creationTime>
            <name>Les Saules</name>
            <contains>TCL:StopPoint:2335</contains>
            <contains>TCL:StopPoint:2336</contains>
            <centroidOfArea>TCL:AreaCentroid:2195</centroidOfArea>
            <StopAreaExtension>
                <areaType>BoardingPosition</areaType>
                <fareCode>0</fareCode>
                <mobilityRestrictedSuitability>1</mobilityRestrictedSuitability>
            </StopAreaExtension>
        </StopArea>
        <StopArea>
            <objectId>TCL:StopArea:2171</objectId>
            <objectVersion>1</objectVersion>
            <creationTime>2015-01-15T08:18:23</creationTime>
            <name>Gargantua</name>
            <contains>TCL:StopPoint:2321</contains>
            <contains>TCL:StopPoint:2322</contains>
            <centroidOfArea>TCL:AreaCentroid:2171</centroidOfArea>
            <StopAreaExtension>
                <areaType>BoardingPosition</areaType>
                <fareCode>0</fareCode>
                <mobilityRestrictedSuitability>1</mobilityRestrictedSuitability>
            </StopAreaExtension>
        </StopArea>
        <StopArea>
            <objectId>TCL:StopArea:341</objectId>
            <objectVersion>1</objectVersion>
            <creationTime>2015-01-15T08:18:23</creationTime>
            <name>Camping International</name>
            <contains>TCL:StopPoint:339</contains>
            <contains>TCL:StopPoint:340</contains>
            <centroidOfArea>TCL:AreaCentroid:341</centroidOfArea>
            <StopAreaExtension>
                <areaType>BoardingPosition</areaType>
                <fareCode>0</fareCode>
                <mobilityRestrictedSuitability>0</mobilityRestrictedSuitability>
            </StopAreaExtension>
        </StopArea>
        <StopArea>
            <objectId>TCL:StopArea:37506</objectId>
            <objectVersion>1</objectVersion>
            <creationTime>2015-01-15T08:18:23</creationTime>
            <name>Porte de Lyon</name>
            <contains>TCL:StopPoint:6357</contains>
            <contains>TCL:StopPoint:6358</contains>
            <centroidOfArea>TCL:AreaCentroid:37506</centroidOfArea>
            <StopAreaExtension>
                <areaType>BoardingPosition</areaType>
                <fareCode>0</fareCode>
                <mobilityRestrictedSuitability>1</mobilityRestrictedSuitability>
            </StopAreaExtension>
        </StopArea>
        <AreaCentroid>
            <objectId>TCL:AreaCentroid:43435</objectId>
            <objectVersion>1</objectVersion>
            <creationTime>2015-01-15T08:18:23</creationTime>
            <longitude>4.76455669539</longitude>
            <latitude>45.804315668039</latitude>
            <longLatType>WGS84</longLatType>
            <containedIn>TCL:StopArea:43435</containedIn>
            <name>Techlid Le Paisy</name>
        </AreaCentroid>
        <AreaCentroid>
            <objectId>TCL:AreaCentroid:S33710</objectId>
            <objectVersion>1</objectVersion>
            <creationTime>2015-01-15T08:18:23</creationTime>
            <longitude>4.76478961060925</longitude>
            <latitude>45.804562664443246</latitude>
            <longLatType>WGS84</longLatType>
            <containedIn>TCL:StopArea:S33710</containedIn>
            <name>Techlid Le Paisy</name>
        </AreaCentroid>
        <AreaCentroid>
            <objectId>TCL:AreaCentroid:12047</objectId>
            <objectVersion>1</objectVersion>
            <creationTime>2015-01-15T08:18:23</creationTime>
            <longitude>4.767616627149</longitude>
            <latitude>45.801045138414</latitude>
            <longLatType>WGS84</longLatType>
            <containedIn>TCL:StopArea:12047</containedIn>
            <name>Moulin Berger</name>
        </AreaCentroid>
        <AreaCentroid>
            <objectId>TCL:AreaCentroid:S11883</objectId>
            <objectVersion>1</objectVersion>
            <creationTime>2015-01-15T08:18:23</creationTime>
            <longitude>4.767419468299</longitude>
            <latitude>45.801242926092</latitude>
            <longLatType>WGS84</longLatType>
            <containedIn>TCL:StopArea:S11883</containedIn>
            <name>Moulin Berger</name>
        </AreaCentroid>
        <AreaCentroid>
            <objectId>TCL:AreaCentroid:46014</objectId>
            <objectVersion>1</objectVersion>
            <creationTime>2015-01-15T08:18:23</creationTime>
            <longitude>4.769022004387</longitude>
            <latitude>45.800093016738</latitude>
            <longLatType>WGS84</longLatType>
            <containedIn>TCL:StopArea:46014</containedIn>
            <name>Technoparc</name>
        </AreaCentroid>
        <AreaCentroid>
            <objectId>TCL:AreaCentroid:S34226</objectId>
            <objectVersion>1</objectVersion>
            <creationTime>2015-01-15T08:18:23</creationTime>
            <longitude>4.7690388045195</longitude>
            <latitude>45.799815420579</latitude>
            <longLatType>WGS84</longLatType>
            <containedIn>TCL:StopArea:S34226</containedIn>
            <name>Technoparc</name>
        </AreaCentroid>
        <AreaCentroid>
            <objectId>TCL:AreaCentroid:551</objectId>
            <objectVersion>1</objectVersion>
            <creationTime>2015-01-15T08:18:23</creationTime>
            <longitude>4.788574057207</longitude>
            <latitude>45.788625037969</latitude>
            <longLatType>WGS84</longLatType>
            <containedIn>TCL:StopArea:551</containedIn>
            <name>Clinique Sauvegarde</name>
        </AreaCentroid>
        <AreaCentroid>
            <objectId>TCL:AreaCentroid:S10261</objectId>
            <objectVersion>1</objectVersion>
            <creationTime>2015-01-15T08:18:23</creationTime>
            <longitude>4.7886245121295</longitude>
            <latitude>45.78876250882</latitude>
            <longLatType>WGS84</longLatType>
            <containedIn>TCL:StopArea:S10261</containedIn>
            <name>Clinique Sauvegarde</name>
        </AreaCentroid>
        <AreaCentroid>
            <objectId>TCL:AreaCentroid:12045</objectId>
            <objectVersion>1</objectVersion>
            <creationTime>2015-01-15T08:18:23</creationTime>
            <longitude>4.805233229194</longitude>
            <latitude>45.780989501854</latitude>
            <longLatType>WGS84</longLatType>
            <containedIn>TCL:StopArea:12045</containedIn>
            <name>Gare de Vaise</name>
        </AreaCentroid>
        <AreaCentroid>
            <objectId>TCL:AreaCentroid:S5103</objectId>
            <objectVersion>1</objectVersion>
            <creationTime>2015-01-15T08:18:23</creationTime>
            <longitude>4.804653256824315</longitude>
            <latitude>45.78070132321238</latitude>
            <longLatType>WGS84</longLatType>
            <containedIn>TCL:StopArea:S5103</containedIn>
            <name>Gare de Vaise</name>
        </AreaCentroid>
        <AreaCentroid>
            <objectId>TCL:AreaCentroid:2427</objectId>
            <objectVersion>1</objectVersion>
            <creationTime>2015-01-15T08:18:23</creationTime>
            <longitude>4.762862943008</longitude>
            <latitude>45.821661984235</latitude>
            <longLatType>WGS84</longLatType>
            <containedIn>TCL:StopArea:2427</containedIn>
            <name>Porte de Lyon</name>
        </AreaCentroid>
        <AreaCentroid>
            <objectId>TCL:AreaCentroid:S11147</objectId>
            <objectVersion>1</objectVersion>
            <creationTime>2015-01-15T08:18:23</creationTime>
            <longitude>4.762969963838</longitude>
            <latitude>45.821591733358396</latitude>
            <longLatType>WGS84</longLatType>
            <containedIn>TCL:StopArea:S11147</containedIn>
            <name>Porte de Lyon</name>
        </AreaCentroid>
        <AreaCentroid>
            <objectId>TCL:AreaCentroid:342</objectId>
            <objectVersion>1</objectVersion>
            <creationTime>2015-01-15T08:18:23</creationTime>
            <longitude>4.76072973932</longitude>
            <latitude>45.82142825496</latitude>
            <longLatType>WGS84</longLatType>
            <containedIn>TCL:StopArea:342</containedIn>
            <name>Camping International</name>
        </AreaCentroid>
        <AreaCentroid>
            <objectId>TCL:AreaCentroid:S10161</objectId>
            <objectVersion>1</objectVersion>
            <creationTime>2015-01-15T08:18:23</creationTime>
            <longitude>4.7608390622595</longitude>
            <latitude>45.821425897266494</latitude>
            <longLatType>WGS84</longLatType>
            <containedIn>TCL:StopArea:S10161</containedIn>
            <name>Camping International</name>
        </AreaCentroid>
        <AreaCentroid>
            <objectId>TCL:AreaCentroid:2170</objectId>
            <objectVersion>1</objectVersion>
            <creationTime>2015-01-15T08:18:23</creationTime>
            <longitude>4.757812302392</longitude>
            <latitude>45.820663037076</latitude>
            <longLatType>WGS84</longLatType>
            <containedIn>TCL:StopArea:2170</containedIn>
            <name>Gargantua</name>
        </AreaCentroid>
        <AreaCentroid>
            <objectId>TCL:AreaCentroid:S11042</objectId>
            <objectVersion>1</objectVersion>
            <creationTime>2015-01-15T08:18:23</creationTime>
            <longitude>4.7576484480335</longitude>
            <latitude>45.82125388384925</latitude>
            <longLatType>WGS84</longLatType>
            <containedIn>TCL:StopArea:S11042</containedIn>
            <name>Gargantua</name>
        </AreaCentroid>
        <AreaCentroid>
            <objectId>TCL:AreaCentroid:11726</objectId>
            <objectVersion>1</objectVersion>
            <creationTime>2015-01-15T08:18:23</creationTime>
            <longitude>4.761579361487</longitude>
            <latitude>45.817926523087</latitude>
            <longLatType>WGS84</longLatType>
            <containedIn>TCL:StopArea:11726</containedIn>
            <name>Dardilly Le Jubin</name>
        </AreaCentroid>
        <AreaCentroid>
            <objectId>TCL:AreaCentroid:S20189</objectId>
            <objectVersion>1</objectVersion>
            <creationTime>2015-01-15T08:18:23</creationTime>
            <longitude>4.761447184909</longitude>
            <latitude>45.8178177615645</latitude>
            <longLatType>WGS84</longLatType>
            <containedIn>TCL:StopArea:S20189</containedIn>
            <name>Dardilly Le Jubin</name>
        </AreaCentroid>
        <AreaCentroid>
            <objectId>TCL:AreaCentroid:2196</objectId>
            <objectVersion>1</objectVersion>
            <creationTime>2015-01-15T08:18:23</creationTime>
            <longitude>4.758518076148</longitude>
            <latitude>45.817398457911</latitude>
            <longLatType>WGS84</longLatType>
            <containedIn>TCL:StopArea:2196</containedIn>
            <name>Les Saules</name>
        </AreaCentroid>
        <AreaCentroid>
            <objectId>TCL:AreaCentroid:S11055</objectId>
            <objectVersion>1</objectVersion>
            <creationTime>2015-01-15T08:18:23</creationTime>
            <longitude>4.758943390783751</longitude>
            <latitude>45.81762102333125</latitude>
            <longLatType>WGS84</longLatType>
            <containedIn>TCL:StopArea:S11055</containedIn>
            <name>Les Saules</name>
        </AreaCentroid>
        <AreaCentroid>
            <objectId>TCL:AreaCentroid:10451</objectId>
            <objectVersion>1</objectVersion>
            <creationTime>2015-01-15T08:18:23</creationTime>
            <longitude>4.758498821699</longitude>
            <latitude>45.81345641976</latitude>
            <longLatType>WGS84</longLatType>
            <containedIn>TCL:StopArea:10451</containedIn>
            <name>Dardilly Peupliers</name>
        </AreaCentroid>
        <AreaCentroid>
            <objectId>TCL:AreaCentroid:S20190</objectId>
            <objectVersion>1</objectVersion>
            <creationTime>2015-01-15T08:18:23</creationTime>
            <longitude>4.7584242578405</longitude>
            <latitude>45.8138090667055</latitude>
            <longLatType>WGS84</longLatType>
            <containedIn>TCL:StopArea:S20190</containedIn>
            <name>Dardilly Peupliers</name>
        </AreaCentroid>
        <AreaCentroid>
            <objectId>TCL:AreaCentroid:1615</objectId>
            <objectVersion>1</objectVersion>
            <creationTime>2015-01-15T08:18:23</creationTime>
            <longitude>4.759873026453</longitude>
            <latitude>45.809856988675</latitude>
            <longLatType>WGS84</longLatType>
            <containedIn>TCL:StopArea:1615</containedIn>
            <name>Les Aulnes</name>
        </AreaCentroid>
        <AreaCentroid>
            <objectId>TCL:AreaCentroid:S10766</objectId>
            <objectVersion>1</objectVersion>
            <creationTime>2015-01-15T08:18:23</creationTime>
            <longitude>4.759694834988</longitude>
            <latitude>45.810061553611504</latitude>
            <longLatType>WGS84</longLatType>
            <containedIn>TCL:StopArea:S10766</containedIn>
            <name>Les Aulnes</name>
        </AreaCentroid>
        <AreaCentroid>
            <objectId>TCL:AreaCentroid:824</objectId>
            <objectVersion>1</objectVersion>
            <creationTime>2015-01-15T08:18:23</creationTime>
            <longitude>4.763743981704</longitude>
            <latitude>45.807489980254</latitude>
            <longLatType>WGS84</longLatType>
            <containedIn>TCL:StopArea:824</containedIn>
            <name>Dardilly Les Gorges</name>
        </AreaCentroid>
        <AreaCentroid>
            <objectId>TCL:AreaCentroid:S10390</objectId>
            <objectVersion>1</objectVersion>
            <creationTime>2015-01-15T08:18:23</creationTime>
            <longitude>4.763884942879</longitude>
            <latitude>45.8074702387115</latitude>
            <longLatType>WGS84</longLatType>
            <containedIn>TCL:StopArea:S10390</containedIn>
            <name>Dardilly Les Gorges</name>
        </AreaCentroid>
        <AreaCentroid>
            <objectId>TCL:AreaCentroid:12266</objectId>
            <objectVersion>1</objectVersion>
            <creationTime>2015-01-15T08:18:23</creationTime>
            <longitude>4.804679792783</longitude>
            <latitude>45.780983661409</latitude>
            <longLatType>WGS84</longLatType>
            <containedIn>TCL:StopArea:12266</containedIn>
            <name>Gare de Vaise</name>
        </AreaCentroid>
        <AreaCentroid>
            <objectId>TCL:AreaCentroid:550</objectId>
            <objectVersion>1</objectVersion>
            <creationTime>2015-01-15T08:18:23</creationTime>
            <longitude>4.788674967052</longitude>
            <latitude>45.788899979671</latitude>
            <longLatType>WGS84</longLatType>
            <containedIn>TCL:StopArea:550</containedIn>
            <name>Clinique Sauvegarde</name>
        </AreaCentroid>
        <AreaCentroid>
            <objectId>TCL:AreaCentroid:43434</objectId>
            <objectVersion>1</objectVersion>
            <creationTime>2015-01-15T08:18:23</creationTime>
            <longitude>4.765165224211</longitude>
            <latitude>45.804689563423</latitude>
            <longLatType>WGS84</longLatType>
            <containedIn>TCL:StopArea:43434</containedIn>
            <name>Techlid Le Paisy</name>
        </AreaCentroid>
        <AreaCentroid>
            <objectId>TCL:AreaCentroid:823</objectId>
            <objectVersion>1</objectVersion>
            <creationTime>2015-01-15T08:18:23</creationTime>
            <longitude>4.764025904054</longitude>
            <latitude>45.807450497169</latitude>
            <longLatType>WGS84</longLatType>
            <containedIn>TCL:StopArea:823</containedIn>
            <name>Dardilly Les Gorges</name>
        </AreaCentroid>
        <AreaCentroid>
            <objectId>TCL:AreaCentroid:1614</objectId>
            <objectVersion>1</objectVersion>
            <creationTime>2015-01-15T08:18:23</creationTime>
            <longitude>4.759516643523</longitude>
            <latitude>45.810266118548</latitude>
            <longLatType>WGS84</longLatType>
            <containedIn>TCL:StopArea:1614</containedIn>
            <name>Les Aulnes</name>
        </AreaCentroid>
        <AreaCentroid>
            <objectId>TCL:AreaCentroid:10450</objectId>
            <objectVersion>1</objectVersion>
            <creationTime>2015-01-15T08:18:23</creationTime>
            <longitude>4.758349693982</longitude>
            <latitude>45.814161713651</latitude>
            <longLatType>WGS84</longLatType>
            <containedIn>TCL:StopArea:10450</containedIn>
            <name>Dardilly Peupliers</name>
        </AreaCentroid>
        <AreaCentroid>
            <objectId>TCL:AreaCentroid:2195</objectId>
            <objectVersion>1</objectVersion>
            <creationTime>2015-01-15T08:18:23</creationTime>
            <longitude>4.758435978622</longitude>
            <latitude>45.817256030256</latitude>
            <longLatType>WGS84</longLatType>
            <containedIn>TCL:StopArea:2195</containedIn>
            <name>Les Saules</name>
        </AreaCentroid>
        <AreaCentroid>
            <objectId>TCL:AreaCentroid:2171</objectId>
            <objectVersion>1</objectVersion>
            <creationTime>2015-01-15T08:18:23</creationTime>
            <longitude>4.757603380279</longitude>
            <latitude>45.821180596107</latitude>
            <longLatType>WGS84</longLatType>
            <containedIn>TCL:StopArea:2171</containedIn>
            <name>Gargantua</name>
        </AreaCentroid>
        <AreaCentroid>
            <objectId>TCL:AreaCentroid:341</objectId>
            <objectVersion>1</objectVersion>
            <creationTime>2015-01-15T08:18:23</creationTime>
            <longitude>4.760948385199</longitude>
            <latitude>45.821423539573</latitude>
            <longLatType>WGS84</longLatType>
            <containedIn>TCL:StopArea:341</containedIn>
            <name>Camping International</name>
        </AreaCentroid>
        <AreaCentroid>
            <objectId>TCL:AreaCentroid:37506</objectId>
            <objectVersion>1</objectVersion>
            <creationTime>2015-01-15T08:18:23</creationTime>
            <longitude>4.76279075769</longitude>
            <latitude>45.821455797903</latitude>
            <longLatType>WGS84</longLatType>
            <containedIn>TCL:StopArea:37506</containedIn>
            <name>Porte de Lyon</name>
        </AreaCentroid>
    </ChouetteArea>
    <ConnectionLink>
        <objectId>TCL:ConnectionLink:341_342</objectId>
        <objectVersion>1</objectVersion>
        <creationTime>2015-01-15T08:18:23</creationTime>
        <name>from Camping International to Camping International</name>
        <startOfLink>TCL:StopArea:341</startOfLink>
        <endOfLink>TCL:StopArea:342</endOfLink>
        <linkType>Overground</linkType>
        <defaultDuration>PT2M0S</defaultDuration>
    </ConnectionLink>
    <ConnectionLink>
        <objectId>TCL:ConnectionLink:550_551</objectId>
        <objectVersion>1</objectVersion>
        <creationTime>2015-01-15T08:18:23</creationTime>
        <name>from Clinique Sauvegarde to Clinique Sauvegarde</name>
        <startOfLink>TCL:StopArea:550</startOfLink>
        <endOfLink>TCL:StopArea:551</endOfLink>
        <linkType>Overground</linkType>
        <defaultDuration>PT2M0S</defaultDuration>
    </ConnectionLink>
    <ConnectionLink>
        <objectId>TCL:ConnectionLink:823_824</objectId>
        <objectVersion>1</objectVersion>
        <creationTime>2015-01-15T08:18:23</creationTime>
        <name>from Dardilly Les Gorges to Dardilly Les Gorges</name>
        <startOfLink>TCL:StopArea:823</startOfLink>
        <endOfLink>TCL:StopArea:824</endOfLink>
        <linkType>Overground</linkType>
        <defaultDuration>PT2M0S</defaultDuration>
    </ConnectionLink>
    <ConnectionLink>
        <objectId>TCL:ConnectionLink:1614_1615</objectId>
        <objectVersion>1</objectVersion>
        <creationTime>2015-01-15T08:18:23</creationTime>
        <name>from Les Aulnes to Les Aulnes</name>
        <startOfLink>TCL:StopArea:1614</startOfLink>
        <endOfLink>TCL:StopArea:1615</endOfLink>
        <linkType>Overground</linkType>
        <defaultDuration>PT2M0S</defaultDuration>
    </ConnectionLink>
    <ConnectionLink>
        <objectId>TCL:ConnectionLink:2170_2171</objectId>
        <objectVersion>1</objectVersion>
        <creationTime>2015-01-15T08:18:23</creationTime>
        <name>from Gargantua to Gargantua</name>
        <startOfLink>TCL:StopArea:2170</startOfLink>
        <endOfLink>TCL:StopArea:2171</endOfLink>
        <linkType>Overground</linkType>
        <defaultDuration>PT2M0S</defaultDuration>
    </ConnectionLink>
    <ConnectionLink>
        <objectId>TCL:ConnectionLink:2195_2196</objectId>
        <objectVersion>1</objectVersion>
        <creationTime>2015-01-15T08:18:23</creationTime>
        <name>from Les Saules to Les Saules</name>
        <startOfLink>TCL:StopArea:2195</startOfLink>
        <endOfLink>TCL:StopArea:2196</endOfLink>
        <linkType>Overground</linkType>
        <defaultDuration>PT2M0S</defaultDuration>
    </ConnectionLink>
    <ConnectionLink>
        <objectId>TCL:ConnectionLink:10450_10451</objectId>
        <objectVersion>1</objectVersion>
        <creationTime>2015-01-15T08:18:23</creationTime>
        <name>from Dardilly Peupliers to Dardilly Peupliers</name>
        <startOfLink>TCL:StopArea:10450</startOfLink>
        <endOfLink>TCL:StopArea:10451</endOfLink>
        <linkType>Overground</linkType>
        <defaultDuration>PT2M0S</defaultDuration>
    </ConnectionLink>
    <ConnectionLink>
        <objectId>TCL:ConnectionLink:12045_12266</objectId>
        <objectVersion>1</objectVersion>
        <creationTime>2015-01-15T08:18:23</creationTime>
        <name>from Gare de Vaise to Gare de Vaise</name>
        <startOfLink>TCL:StopArea:12045</startOfLink>
        <endOfLink>TCL:StopArea:12266</endOfLink>
        <linkType>Overground</linkType>
        <defaultDuration>PT2M0S</defaultDuration>
    </ConnectionLink>
    <ConnectionLink>
        <objectId>TCL:ConnectionLink:37506_2427</objectId>
        <objectVersion>1</objectVersion>
        <creationTime>2015-01-15T08:18:23</creationTime>
        <name>from Porte de Lyon to Porte de Lyon</name>
        <startOfLink>TCL:StopArea:37506</startOfLink>
        <endOfLink>TCL:StopArea:2427</endOfLink>
        <linkType>Overground</linkType>
        <defaultDuration>PT1M0S</defaultDuration>
    </ConnectionLink>
    <ConnectionLink>
        <objectId>TCL:ConnectionLink:43435_43434</objectId>
        <objectVersion>1</objectVersion>
        <creationTime>2015-01-15T08:18:23</creationTime>
        <name>from Techlid Le Paisy to Techlid Le Paisy</name>
        <startOfLink>TCL:StopArea:43435</startOfLink>
        <endOfLink>TCL:StopArea:43434</endOfLink>
        <linkType>Overground</linkType>
        <defaultDuration>PT1M0S</defaultDuration>
    </ConnectionLink>
    <ChouetteLineDescription>
        <Line>
            <objectId>TCL:Line:89E</objectId>
            <objectVersion>4</objectVersion>
            <creationTime>2015-01-14T22:57:22</creationTime>
            <creatorId>chouette</creatorId>
            <name>Bus 89D</name>
            <transportModeName>Bus</transportModeName>
            <lineEnd>TCL:StopPoint:4545</lineEnd>
            <lineEnd>TCL:StopPoint:4546</lineEnd>
            <lineEnd>TCL:StopPoint:2501</lineEnd>
            <lineEnd>TCL:StopPoint:2502</lineEnd>
            <routeId>TCL:Route:89Er2</routeId>
            <registration>
                <registrationNumber>89E</registrationNumber>
            </registration>
            <ptNetworkIdShortcut>TCL:GroupOfLine:TCL</ptNetworkIdShortcut>
            <LineExtension>
                <mobilityRestrictedSuitability>true</mobilityRestrictedSuitability>
            </LineExtension>
        </Line>
        <ChouetteRoute>
            <objectId>TCL:Route:89Er2</objectId>
            <objectVersion>5</objectVersion>
            <creationTime>2015-01-14T22:56:40</creationTime>
            <creatorId>chouette</creatorId>
            <name>RETOUR</name>
            <publishedName>89Er2</publishedName>
            <number>89Er2</number>
            <direction>R</direction>
            <ptLinkId>TCL:PtLink:2501A342</ptLinkId>
            <ptLinkId>TCL:PtLink:342A2320</ptLinkId>
            <ptLinkId>TCL:PtLink:2320A4364</ptLinkId>
            <ptLinkId>TCL:PtLink:4364A2338</ptLinkId>
            <ptLinkId>TCL:PtLink:2338A3758</ptLinkId>
            <ptLinkId>TCL:PtLink:3758A1680</ptLinkId>
            <ptLinkId>TCL:PtLink:1680A832</ptLinkId>
            <ptLinkId>TCL:PtLink:832A7306</ptLinkId>
            <ptLinkId>TCL:PtLink:7306A4550</ptLinkId>
            <ptLinkId>TCL:PtLink:4550A7882</ptLinkId>
            <ptLinkId>TCL:PtLink:7882A574</ptLinkId>
            <ptLinkId>TCL:PtLink:574A4546</ptLinkId>
            <journeyPatternId>TCL:JourneyPattern:89E_2_2_020CM_03</journeyPatternId>
            <journeyPatternId>TCL:JourneyPattern:89E_2_2_020CM_04</journeyPatternId>
            <journeyPatternId>TCL:JourneyPattern:89E_2_2_020CM_05</journeyPatternId>
            <journeyPatternId>TCL:JourneyPattern:89E_2_2_0205M_03</journeyPatternId>
            <journeyPatternId>TCL:JourneyPattern:89E_2_2_0205M_09</journeyPatternId>
            <comment>89Er2</comment>
        </ChouetteRoute>
        <StopPoint>
            <objectId>TCL:StopPoint:7305</objectId>
            <objectVersion>2</objectVersion>
            <creationTime>2015-01-14T22:27:54</creationTime>
            <creatorId>chouette</creatorId>
            <longitude>4.76455669539</longitude>
            <latitude>45.804315668039</latitude>
            <longLatType>WGS84</longLatType>
            <containedIn>TCL:StopArea:43435</containedIn>
            <name>Techlid Le Paisy</name>
        </StopPoint>
        <StopPoint>
            <objectId>TCL:StopPoint:7306</objectId>
            <objectVersion>2</objectVersion>
            <creationTime>2015-01-14T22:27:54</creationTime>
            <creatorId>chouette</creatorId>
            <longitude>4.76455669539</longitude>
            <latitude>45.804315668039</latitude>
            <longLatType>WGS84</longLatType>
            <containedIn>TCL:StopArea:43435</containedIn>
            <name>Techlid Le Paisy</name>
        </StopPoint>
        <StopPoint>
            <objectId>TCL:StopPoint:4549</objectId>
            <objectVersion>2</objectVersion>
            <creationTime>2015-01-14T22:27:54</creationTime>
            <creatorId>chouette</creatorId>
            <longitude>4.767616627149</longitude>
            <latitude>45.801045138414</latitude>
            <longLatType>WGS84</longLatType>
            <containedIn>TCL:StopArea:12047</containedIn>
            <name>Moulin Berger</name>
        </StopPoint>
        <StopPoint>
            <objectId>TCL:StopPoint:4550</objectId>
            <objectVersion>2</objectVersion>
            <creationTime>2015-01-14T22:27:54</creationTime>
            <creatorId>chouette</creatorId>
            <longitude>4.767616627149</longitude>
            <latitude>45.801045138414</latitude>
            <longLatType>WGS84</longLatType>
            <containedIn>TCL:StopArea:12047</containedIn>
            <name>Moulin Berger</name>
        </StopPoint>
        <StopPoint>
            <objectId>TCL:StopPoint:7881</objectId>
            <objectVersion>2</objectVersion>
            <creationTime>2015-01-14T22:27:54</creationTime>
            <creatorId>chouette</creatorId>
            <longitude>4.769022004387</longitude>
            <latitude>45.800093016738</latitude>
            <longLatType>WGS84</longLatType>
            <containedIn>TCL:StopArea:46014</containedIn>
            <name>Technoparc</name>
        </StopPoint>
        <StopPoint>
            <objectId>TCL:StopPoint:7882</objectId>
            <objectVersion>2</objectVersion>
            <creationTime>2015-01-14T22:27:54</creationTime>
            <creatorId>chouette</creatorId>
            <longitude>4.769022004387</longitude>
            <latitude>45.800093016738</latitude>
            <longLatType>WGS84</longLatType>
            <containedIn>TCL:StopArea:46014</containedIn>
            <name>Technoparc</name>
        </StopPoint>
        <StopPoint>
            <objectId>TCL:StopPoint:573</objectId>
            <objectVersion>2</objectVersion>
            <creationTime>2015-01-14T22:27:54</creationTime>
            <creatorId>chouette</creatorId>
            <longitude>4.788574057207</longitude>
            <latitude>45.788625037969</latitude>
            <longLatType>WGS84</longLatType>
            <containedIn>TCL:StopArea:551</containedIn>
            <name>Clinique Sauvegarde</name>
        </StopPoint>
        <StopPoint>
            <objectId>TCL:StopPoint:574</objectId>
            <objectVersion>2</objectVersion>
            <creationTime>2015-01-14T22:27:54</creationTime>
            <creatorId>chouette</creatorId>
            <longitude>4.788574057207</longitude>
            <latitude>45.788625037969</latitude>
            <longLatType>WGS84</longLatType>
            <containedIn>TCL:StopArea:551</containedIn>
            <name>Clinique Sauvegarde</name>
        </StopPoint>
        <StopPoint>
            <objectId>TCL:StopPoint:4545</objectId>
            <objectVersion>2</objectVersion>
            <creationTime>2015-01-14T22:27:54</creationTime>
            <creatorId>chouette</creatorId>
            <longitude>4.805233229194</longitude>
            <latitude>45.780989501854</latitude>
            <longLatType>WGS84</longLatType>
            <containedIn>TCL:StopArea:12045</containedIn>
            <name>Gare de Vaise</name>
        </StopPoint>
        <StopPoint>
            <objectId>TCL:StopPoint:4546</objectId>
            <objectVersion>2</objectVersion>
            <creationTime>2015-01-14T22:27:54</creationTime>
            <creatorId>chouette</creatorId>
            <longitude>4.805233229194</longitude>
            <latitude>45.780989501854</latitude>
            <longLatType>WGS84</longLatType>
            <containedIn>TCL:StopArea:12045</containedIn>
            <name>Gare de Vaise</name>
        </StopPoint>
        <StopPoint>
            <objectId>TCL:StopPoint:2501</objectId>
            <objectVersion>2</objectVersion>
            <creationTime>2015-01-14T22:27:54</creationTime>
            <creatorId>chouette</creatorId>
            <longitude>4.762862943008</longitude>
            <latitude>45.821661984235</latitude>
            <longLatType>WGS84</longLatType>
            <containedIn>TCL:StopArea:2427</containedIn>
            <name>Porte de Lyon</name>
        </StopPoint>
        <StopPoint>
            <objectId>TCL:StopPoint:2502</objectId>
            <objectVersion>2</objectVersion>
            <creationTime>2015-01-14T22:27:54</creationTime>
            <creatorId>chouette</creatorId>
            <longitude>4.762862943008</longitude>
            <latitude>45.821661984235</latitude>
            <longLatType>WGS84</longLatType>
            <containedIn>TCL:StopArea:2427</containedIn>
            <name>Porte de Lyon</name>
        </StopPoint>
        <StopPoint>
            <objectId>TCL:StopPoint:341</objectId>
            <objectVersion>2</objectVersion>
            <creationTime>2015-01-14T22:27:54</creationTime>
            <creatorId>chouette</creatorId>
            <longitude>4.76072973932</longitude>
            <latitude>45.82142825496</latitude>
            <longLatType>WGS84</longLatType>
            <containedIn>TCL:StopArea:342</containedIn>
            <name>Camping International</name>
        </StopPoint>
        <StopPoint>
            <objectId>TCL:StopPoint:342</objectId>
            <objectVersion>2</objectVersion>
            <creationTime>2015-01-14T22:27:54</creationTime>
            <creatorId>chouette</creatorId>
            <longitude>4.76072973932</longitude>
            <latitude>45.82142825496</latitude>
            <longLatType>WGS84</longLatType>
            <containedIn>TCL:StopArea:342</containedIn>
            <name>Camping International</name>
        </StopPoint>
        <StopPoint>
            <objectId>TCL:StopPoint:2319</objectId>
            <objectVersion>2</objectVersion>
            <creationTime>2015-01-14T22:27:54</creationTime>
            <creatorId>chouette</creatorId>
            <longitude>4.757812302392</longitude>
            <latitude>45.820663037076</latitude>
            <longLatType>WGS84</longLatType>
            <containedIn>TCL:StopArea:2170</containedIn>
            <name>Gargantua</name>
        </StopPoint>
        <StopPoint>
            <objectId>TCL:StopPoint:2320</objectId>
            <objectVersion>2</objectVersion>
            <creationTime>2015-01-14T22:27:54</creationTime>
            <creatorId>chouette</creatorId>
            <longitude>4.757812302392</longitude>
            <latitude>45.820663037076</latitude>
            <longLatType>WGS84</longLatType>
            <containedIn>TCL:StopArea:2170</containedIn>
            <name>Gargantua</name>
        </StopPoint>
        <StopPoint>
            <objectId>TCL:StopPoint:4363</objectId>
            <objectVersion>2</objectVersion>
            <creationTime>2015-01-14T22:27:54</creationTime>
            <creatorId>chouette</creatorId>
            <longitude>4.761579361487</longitude>
            <latitude>45.817926523087</latitude>
            <longLatType>WGS84</longLatType>
            <containedIn>TCL:StopArea:11726</containedIn>
            <name>Dardilly Le Jubin</name>
        </StopPoint>
        <StopPoint>
            <objectId>TCL:StopPoint:4364</objectId>
            <objectVersion>2</objectVersion>
            <creationTime>2015-01-14T22:27:54</creationTime>
            <creatorId>chouette</creatorId>
            <longitude>4.761579361487</longitude>
            <latitude>45.817926523087</latitude>
            <longLatType>WGS84</longLatType>
            <containedIn>TCL:StopArea:11726</containedIn>
            <name>Dardilly Le Jubin</name>
        </StopPoint>
        <StopPoint>
            <objectId>TCL:StopPoint:2337</objectId>
            <objectVersion>2</objectVersion>
            <creationTime>2015-01-14T22:27:54</creationTime>
            <creatorId>chouette</creatorId>
            <longitude>4.758518076148</longitude>
            <latitude>45.817398457911</latitude>
            <longLatType>WGS84</longLatType>
            <containedIn>TCL:StopArea:2196</containedIn>
            <name>Les Saules</name>
        </StopPoint>
        <StopPoint>
            <objectId>TCL:StopPoint:2338</objectId>
            <objectVersion>2</objectVersion>
            <creationTime>2015-01-14T22:27:54</creationTime>
            <creatorId>chouette</creatorId>
            <longitude>4.758518076148</longitude>
            <latitude>45.817398457911</latitude>
            <longLatType>WGS84</longLatType>
            <containedIn>TCL:StopArea:2196</containedIn>
            <name>Les Saules</name>
        </StopPoint>
        <StopPoint>
            <objectId>TCL:StopPoint:3757</objectId>
            <objectVersion>2</objectVersion>
            <creationTime>2015-01-14T22:27:54</creationTime>
            <creatorId>chouette</creatorId>
            <longitude>4.758498821699</longitude>
            <latitude>45.81345641976</latitude>
            <longLatType>WGS84</longLatType>
            <containedIn>TCL:StopArea:10451</containedIn>
            <name>Dardilly Peupliers</name>
        </StopPoint>
        <StopPoint>
            <objectId>TCL:StopPoint:3758</objectId>
            <objectVersion>2</objectVersion>
            <creationTime>2015-01-14T22:27:54</creationTime>
            <creatorId>chouette</creatorId>
            <longitude>4.758498821699</longitude>
            <latitude>45.81345641976</latitude>
            <longLatType>WGS84</longLatType>
            <containedIn>TCL:StopArea:10451</containedIn>
            <name>Dardilly Peupliers</name>
        </StopPoint>
        <StopPoint>
            <objectId>TCL:StopPoint:1679</objectId>
            <objectVersion>2</objectVersion>
            <creationTime>2015-01-14T22:27:54</creationTime>
            <creatorId>chouette</creatorId>
            <longitude>4.759873026453</longitude>
            <latitude>45.809856988675</latitude>
            <longLatType>WGS84</longLatType>
            <containedIn>TCL:StopArea:1615</containedIn>
            <name>Les Aulnes</name>
        </StopPoint>
        <StopPoint>
            <objectId>TCL:StopPoint:1680</objectId>
            <objectVersion>2</objectVersion>
            <creationTime>2015-01-14T22:27:54</creationTime>
            <creatorId>chouette</creatorId>
            <longitude>4.759873026453</longitude>
            <latitude>45.809856988675</latitude>
            <longLatType>WGS84</longLatType>
            <containedIn>TCL:StopArea:1615</containedIn>
            <name>Les Aulnes</name>
        </StopPoint>
        <StopPoint>
            <objectId>TCL:StopPoint:831</objectId>
            <objectVersion>2</objectVersion>
            <creationTime>2015-01-14T22:27:54</creationTime>
            <creatorId>chouette</creatorId>
            <longitude>4.763743981704</longitude>
            <latitude>45.807489980254</latitude>
            <longLatType>WGS84</longLatType>
            <containedIn>TCL:StopArea:824</containedIn>
            <name>Dardilly Les Gorges</name>
        </StopPoint>
        <StopPoint>
            <objectId>TCL:StopPoint:832</objectId>
            <objectVersion>2</objectVersion>
            <creationTime>2015-01-14T22:27:54</creationTime>
            <creatorId>chouette</creatorId>
            <longitude>4.763743981704</longitude>
            <latitude>45.807489980254</latitude>
            <longLatType>WGS84</longLatType>
            <containedIn>TCL:StopArea:824</containedIn>
            <name>Dardilly Les Gorges</name>
        </StopPoint>
        <StopPoint>
            <objectId>TCL:StopPoint:4655</objectId>
            <objectVersion>2</objectVersion>
            <creationTime>2015-01-14T22:27:54</creationTime>
            <creatorId>chouette</creatorId>
            <longitude>4.804679792783</longitude>
            <latitude>45.780983661409</latitude>
            <longLatType>WGS84</longLatType>
            <containedIn>TCL:StopArea:12266</containedIn>
            <name>Gare de Vaise</name>
        </StopPoint>
        <StopPoint>
            <objectId>TCL:StopPoint:4656</objectId>
            <objectVersion>2</objectVersion>
            <creationTime>2015-01-14T22:27:54</creationTime>
            <creatorId>chouette</creatorId>
            <longitude>4.804679792783</longitude>
            <latitude>45.780983661409</latitude>
            <longLatType>WGS84</longLatType>
            <containedIn>TCL:StopArea:12266</containedIn>
            <name>Gare de Vaise</name>
        </StopPoint>
        <StopPoint>
            <objectId>TCL:StopPoint:571</objectId>
            <objectVersion>2</objectVersion>
            <creationTime>2015-01-14T22:27:54</creationTime>
            <creatorId>chouette</creatorId>
            <longitude>4.788674967052</longitude>
            <latitude>45.788899979671</latitude>
            <longLatType>WGS84</longLatType>
            <containedIn>TCL:StopArea:550</containedIn>
            <name>Clinique Sauvegarde</name>
        </StopPoint>
        <StopPoint>
            <objectId>TCL:StopPoint:572</objectId>
            <objectVersion>2</objectVersion>
            <creationTime>2015-01-14T22:27:54</creationTime>
            <creatorId>chouette</creatorId>
            <longitude>4.788674967052</longitude>
            <latitude>45.788899979671</latitude>
            <longLatType>WGS84</longLatType>
            <containedIn>TCL:StopArea:550</containedIn>
            <name>Clinique Sauvegarde</name>
        </StopPoint>
        <StopPoint>
            <objectId>TCL:StopPoint:7303</objectId>
            <objectVersion>2</objectVersion>
            <creationTime>2015-01-14T22:27:54</creationTime>
            <creatorId>chouette</creatorId>
            <longitude>4.765165224211</longitude>
            <latitude>45.804689563423</latitude>
            <longLatType>WGS84</longLatType>
            <containedIn>TCL:StopArea:43434</containedIn>
            <name>Techlid Le Paisy</name>
        </StopPoint>
        <StopPoint>
            <objectId>TCL:StopPoint:7304</objectId>
            <objectVersion>2</objectVersion>
            <creationTime>2015-01-14T22:27:54</creationTime>
            <creatorId>chouette</creatorId>
            <longitude>4.765165224211</longitude>
            <latitude>45.804689563423</latitude>
            <longLatType>WGS84</longLatType>
            <containedIn>TCL:StopArea:43434</containedIn>
            <name>Techlid Le Paisy</name>
        </StopPoint>
        <StopPoint>
            <objectId>TCL:StopPoint:829</objectId>
            <objectVersion>2</objectVersion>
            <creationTime>2015-01-14T22:27:54</creationTime>
            <creatorId>chouette</creatorId>
            <longitude>4.764025904054</longitude>
            <latitude>45.807450497169</latitude>
            <longLatType>WGS84</longLatType>
            <containedIn>TCL:StopArea:823</containedIn>
            <name>Dardilly Les Gorges</name>
        </StopPoint>
        <StopPoint>
            <objectId>TCL:StopPoint:830</objectId>
            <objectVersion>2</objectVersion>
            <creationTime>2015-01-14T22:27:54</creationTime>
            <creatorId>chouette</creatorId>
            <longitude>4.764025904054</longitude>
            <latitude>45.807450497169</latitude>
            <longLatType>WGS84</longLatType>
            <containedIn>TCL:StopArea:823</containedIn>
            <name>Dardilly Les Gorges</name>
        </StopPoint>
        <StopPoint>
            <objectId>TCL:StopPoint:1677</objectId>
            <objectVersion>2</objectVersion>
            <creationTime>2015-01-14T22:27:54</creationTime>
            <creatorId>chouette</creatorId>
            <longitude>4.759516643523</longitude>
            <latitude>45.810266118548</latitude>
            <longLatType>WGS84</longLatType>
            <containedIn>TCL:StopArea:1614</containedIn>
            <name>Les Aulnes</name>
        </StopPoint>
        <StopPoint>
            <objectId>TCL:StopPoint:1678</objectId>
            <objectVersion>2</objectVersion>
            <creationTime>2015-01-14T22:27:54</creationTime>
            <creatorId>chouette</creatorId>
            <longitude>4.759516643523</longitude>
            <latitude>45.810266118548</latitude>
            <longLatType>WGS84</longLatType>
            <containedIn>TCL:StopArea:1614</containedIn>
            <name>Les Aulnes</name>
        </StopPoint>
        <StopPoint>
            <objectId>TCL:StopPoint:3755</objectId>
            <objectVersion>2</objectVersion>
            <creationTime>2015-01-14T22:27:54</creationTime>
            <creatorId>chouette</creatorId>
            <longitude>4.758349693982</longitude>
            <latitude>45.814161713651</latitude>
            <longLatType>WGS84</longLatType>
            <containedIn>TCL:StopArea:10450</containedIn>
            <name>Dardilly Peupliers</name>
        </StopPoint>
        <StopPoint>
            <objectId>TCL:StopPoint:3756</objectId>
            <objectVersion>2</objectVersion>
            <creationTime>2015-01-14T22:27:54</creationTime>
            <creatorId>chouette</creatorId>
            <longitude>4.758349693982</longitude>
            <latitude>45.814161713651</latitude>
            <longLatType>WGS84</longLatType>
            <containedIn>TCL:StopArea:10450</containedIn>
            <name>Dardilly Peupliers</name>
        </StopPoint>
        <StopPoint>
            <objectId>TCL:StopPoint:2335</objectId>
            <objectVersion>2</objectVersion>
            <creationTime>2015-01-14T22:27:54</creationTime>
            <creatorId>chouette</creatorId>
            <longitude>4.758435978622</longitude>
            <latitude>45.817256030256</latitude>
            <longLatType>WGS84</longLatType>
            <containedIn>TCL:StopArea:2195</containedIn>
            <name>Les Saules</name>
        </StopPoint>
        <StopPoint>
            <objectId>TCL:StopPoint:2336</objectId>
            <objectVersion>2</objectVersion>
            <creationTime>2015-01-14T22:27:54</creationTime>
            <creatorId>chouette</creatorId>
            <longitude>4.758435978622</longitude>
            <latitude>45.817256030256</latitude>
            <longLatType>WGS84</longLatType>
            <containedIn>TCL:StopArea:2195</containedIn>
            <name>Les Saules</name>
        </StopPoint>
        <StopPoint>
            <objectId>TCL:StopPoint:2321</objectId>
            <objectVersion>2</objectVersion>
            <creationTime>2015-01-14T22:27:54</creationTime>
            <creatorId>chouette</creatorId>
            <longitude>4.757603380279</longitude>
            <latitude>45.821180596107</latitude>
            <longLatType>WGS84</longLatType>
            <containedIn>TCL:StopArea:2171</containedIn>
            <name>Gargantua</name>
        </StopPoint>
        <StopPoint>
            <objectId>TCL:StopPoint:2322</objectId>
            <objectVersion>2</objectVersion>
            <creationTime>2015-01-14T22:27:54</creationTime>
            <creatorId>chouette</creatorId>
            <longitude>4.757603380279</longitude>
            <latitude>45.821180596107</latitude>
            <longLatType>WGS84</longLatType>
            <containedIn>TCL:StopArea:2171</containedIn>
            <name>Gargantua</name>
        </StopPoint>
        <StopPoint>
            <objectId>TCL:StopPoint:339</objectId>
            <objectVersion>2</objectVersion>
            <creationTime>2015-01-14T22:27:54</creationTime>
            <creatorId>chouette</creatorId>
            <longitude>4.760948385199</longitude>
            <latitude>45.821423539573</latitude>
            <longLatType>WGS84</longLatType>
            <containedIn>TCL:StopArea:341</containedIn>
            <name>Camping International</name>
        </StopPoint>
        <StopPoint>
            <objectId>TCL:StopPoint:340</objectId>
            <objectVersion>2</objectVersion>
            <creationTime>2015-01-14T22:27:54</creationTime>
            <creatorId>chouette</creatorId>
            <longitude>4.760948385199</longitude>
            <latitude>45.821423539573</latitude>
            <longLatType>WGS84</longLatType>
            <containedIn>TCL:StopArea:341</containedIn>
            <name>Camping International</name>
        </StopPoint>
        <StopPoint>
            <objectId>TCL:StopPoint:6357</objectId>
            <objectVersion>2</objectVersion>
            <creationTime>2015-01-14T22:27:54</creationTime>
            <creatorId>chouette</creatorId>
            <longitude>4.76279075769</longitude>
            <latitude>45.821455797903</latitude>
            <longLatType>WGS84</longLatType>
            <containedIn>TCL:StopArea:37506</containedIn>
            <name>Porte de Lyon</name>
        </StopPoint>
        <StopPoint>
            <objectId>TCL:StopPoint:6358</objectId>
            <objectVersion>2</objectVersion>
            <creationTime>2015-01-14T22:27:54</creationTime>
            <creatorId>chouette</creatorId>
            <longitude>4.76279075769</longitude>
            <latitude>45.821455797903</latitude>
            <longLatType>WGS84</longLatType>
            <containedIn>TCL:StopArea:37506</containedIn>
            <name>Porte de Lyon</name>
        </StopPoint>
        <PtLink>
            <objectId>TCL:PtLink:2501A342</objectId>
            <objectVersion>1</objectVersion>
            <creationTime>2015-01-15T08:42:56</creationTime>
            <startOfLink>TCL:StopPoint:2501</startOfLink>
            <endOfLink>TCL:StopPoint:342</endOfLink>
        </PtLink>
        <PtLink>
            <objectId>TCL:PtLink:342A2320</objectId>
            <objectVersion>1</objectVersion>
            <creationTime>2015-01-15T08:42:56</creationTime>
            <startOfLink>TCL:StopPoint:342</startOfLink>
            <endOfLink>TCL:StopPoint:2320</endOfLink>
        </PtLink>
        <PtLink>
            <objectId>TCL:PtLink:2320A4364</objectId>
            <objectVersion>1</objectVersion>
            <creationTime>2015-01-15T08:42:56</creationTime>
            <startOfLink>TCL:StopPoint:2320</startOfLink>
            <endOfLink>TCL:StopPoint:4364</endOfLink>
        </PtLink>
        <PtLink>
            <objectId>TCL:PtLink:4364A2338</objectId>
            <objectVersion>1</objectVersion>
            <creationTime>2015-01-15T08:42:56</creationTime>
            <startOfLink>TCL:StopPoint:4364</startOfLink>
            <endOfLink>TCL:StopPoint:2338</endOfLink>
        </PtLink>
        <PtLink>
            <objectId>TCL:PtLink:2338A3758</objectId>
            <objectVersion>1</objectVersion>
            <creationTime>2015-01-15T08:42:56</creationTime>
            <startOfLink>TCL:StopPoint:2338</startOfLink>
            <endOfLink>TCL:StopPoint:3758</endOfLink>
        </PtLink>
        <PtLink>
            <objectId>TCL:PtLink:3758A1680</objectId>
            <objectVersion>1</objectVersion>
            <creationTime>2015-01-15T08:42:56</creationTime>
            <startOfLink>TCL:StopPoint:3758</startOfLink>
            <endOfLink>TCL:StopPoint:1680</endOfLink>
        </PtLink>
        <PtLink>
            <objectId>TCL:PtLink:1680A832</objectId>
            <objectVersion>1</objectVersion>
            <creationTime>2015-01-15T08:42:56</creationTime>
            <startOfLink>TCL:StopPoint:1680</startOfLink>
            <endOfLink>TCL:StopPoint:832</endOfLink>
        </PtLink>
        <PtLink>
            <objectId>TCL:PtLink:832A7306</objectId>
            <objectVersion>1</objectVersion>
            <creationTime>2015-01-15T08:42:56</creationTime>
            <startOfLink>TCL:StopPoint:832</startOfLink>
            <endOfLink>TCL:StopPoint:7306</endOfLink>
        </PtLink>
        <PtLink>
            <objectId>TCL:PtLink:7306A4550</objectId>
            <objectVersion>1</objectVersion>
            <creationTime>2015-01-15T08:42:56</creationTime>
            <startOfLink>TCL:StopPoint:7306</startOfLink>
            <endOfLink>TCL:StopPoint:4550</endOfLink>
        </PtLink>
        <PtLink>
            <objectId>TCL:PtLink:4550A7882</objectId>
            <objectVersion>1</objectVersion>
            <creationTime>2015-01-15T08:42:56</creationTime>
            <startOfLink>TCL:StopPoint:4550</startOfLink>
            <endOfLink>TCL:StopPoint:7882</endOfLink>
        </PtLink>
        <PtLink>
            <objectId>TCL:PtLink:7882A574</objectId>
            <objectVersion>1</objectVersion>
            <creationTime>2015-01-15T08:42:56</creationTime>
            <startOfLink>TCL:StopPoint:7882</startOfLink>
            <endOfLink>TCL:StopPoint:574</endOfLink>
        </PtLink>
        <PtLink>
            <objectId>TCL:PtLink:574A4546</objectId>
            <objectVersion>1</objectVersion>
            <creationTime>2015-01-15T08:42:56</creationTime>
            <startOfLink>TCL:StopPoint:574</startOfLink>
            <endOfLink>TCL:StopPoint:4546</endOfLink>
        </PtLink>
        <JourneyPattern>
            <objectId>TCL:JourneyPattern:89E_2_2_020CM_03</objectId>
            <objectVersion>12</objectVersion>
            <creationTime>2015-01-15T00:18:11</creationTime>
            <creatorId>chouette</creatorId>
            <name>89E_2_2_020CM_03</name>
            <publishedName></publishedName>
            <routeId>TCL:Route:89Er2</routeId>
            <origin>TCL:StopPoint:2501</origin>
            <destination>TCL:StopPoint:4546</destination>
            <stopPointList>TCL:StopPoint:2501</stopPointList>
            <stopPointList>TCL:StopPoint:342</stopPointList>
            <stopPointList>TCL:StopPoint:2320</stopPointList>
            <stopPointList>TCL:StopPoint:4364</stopPointList>
            <stopPointList>TCL:StopPoint:2338</stopPointList>
            <stopPointList>TCL:StopPoint:3758</stopPointList>
            <stopPointList>TCL:StopPoint:1680</stopPointList>
            <stopPointList>TCL:StopPoint:832</stopPointList>
            <stopPointList>TCL:StopPoint:7306</stopPointList>
            <stopPointList>TCL:StopPoint:4550</stopPointList>
            <stopPointList>TCL:StopPoint:7882</stopPointList>
            <stopPointList>TCL:StopPoint:574</stopPointList>
            <stopPointList>TCL:StopPoint:4546</stopPointList>
            <lineIdShortcut>TCL:Line:89E</lineIdShortcut>
            <comment></comment>
        </JourneyPattern>
        <JourneyPattern>
            <objectId>TCL:JourneyPattern:89E_2_2_020CM_04</objectId>
            <objectVersion>12</objectVersion>
            <creationTime>2015-01-15T00:18:11</creationTime>
            <creatorId>chouette</creatorId>
            <name>89E_2_2_020CM_04</name>
            <publishedName></publishedName>
            <routeId>TCL:Route:89Er2</routeId>
            <origin>TCL:StopPoint:2501</origin>
            <destination>TCL:StopPoint:4546</destination>
            <stopPointList>TCL:StopPoint:2501</stopPointList>
            <stopPointList>TCL:StopPoint:342</stopPointList>
            <stopPointList>TCL:StopPoint:2320</stopPointList>
            <stopPointList>TCL:StopPoint:4364</stopPointList>
            <stopPointList>TCL:StopPoint:2338</stopPointList>
            <stopPointList>TCL:StopPoint:3758</stopPointList>
            <stopPointList>TCL:StopPoint:1680</stopPointList>
            <stopPointList>TCL:StopPoint:832</stopPointList>
            <stopPointList>TCL:StopPoint:7306</stopPointList>
            <stopPointList>TCL:StopPoint:4550</stopPointList>
            <stopPointList>TCL:StopPoint:7882</stopPointList>
            <stopPointList>TCL:StopPoint:574</stopPointList>
            <stopPointList>TCL:StopPoint:4546</stopPointList>
            <lineIdShortcut>TCL:Line:89E</lineIdShortcut>
            <comment></comment>
        </JourneyPattern>
        <JourneyPattern>
            <objectId>TCL:JourneyPattern:89E_2_2_020CM_05</objectId>
            <objectVersion>12</objectVersion>
            <creationTime>2015-01-15T00:18:11</creationTime>
            <creatorId>chouette</creatorId>
            <name>89E_2_2_020CM_05</name>
            <publishedName></publishedName>
            <routeId>TCL:Route:89Er2</routeId>
            <origin>TCL:StopPoint:2501</origin>
            <destination>TCL:StopPoint:4546</destination>
            <stopPointList>TCL:StopPoint:2501</stopPointList>
            <stopPointList>TCL:StopPoint:342</stopPointList>
            <stopPointList>TCL:StopPoint:2320</stopPointList>
            <stopPointList>TCL:StopPoint:4364</stopPointList>
            <stopPointList>TCL:StopPoint:2338</stopPointList>
            <stopPointList>TCL:StopPoint:3758</stopPointList>
            <stopPointList>TCL:StopPoint:1680</stopPointList>
            <stopPointList>TCL:StopPoint:832</stopPointList>
            <stopPointList>TCL:StopPoint:7306</stopPointList>
            <stopPointList>TCL:StopPoint:4550</stopPointList>
            <stopPointList>TCL:StopPoint:7882</stopPointList>
            <stopPointList>TCL:StopPoint:574</stopPointList>
            <stopPointList>TCL:StopPoint:4546</stopPointList>
            <lineIdShortcut>TCL:Line:89E</lineIdShortcut>
            <comment></comment>
        </JourneyPattern>
        <JourneyPattern>
            <objectId>TCL:JourneyPattern:89E_2_2_0205M_03</objectId>
            <objectVersion>12</objectVersion>
            <creationTime>2015-01-15T00:18:11</creationTime>
            <creatorId>chouette</creatorId>
            <name>89E_2_2_0205M_03</name>
            <publishedName></publishedName>
            <routeId>TCL:Route:89Er2</routeId>
            <origin>TCL:StopPoint:2501</origin>
            <destination>TCL:StopPoint:4546</destination>
            <stopPointList>TCL:StopPoint:2501</stopPointList>
            <stopPointList>TCL:StopPoint:342</stopPointList>
            <stopPointList>TCL:StopPoint:2320</stopPointList>
            <stopPointList>TCL:StopPoint:4364</stopPointList>
            <stopPointList>TCL:StopPoint:2338</stopPointList>
            <stopPointList>TCL:StopPoint:3758</stopPointList>
            <stopPointList>TCL:StopPoint:1680</stopPointList>
            <stopPointList>TCL:StopPoint:832</stopPointList>
            <stopPointList>TCL:StopPoint:7306</stopPointList>
            <stopPointList>TCL:StopPoint:4550</stopPointList>
            <stopPointList>TCL:StopPoint:7882</stopPointList>
            <stopPointList>TCL:StopPoint:574</stopPointList>
            <stopPointList>TCL:StopPoint:4546</stopPointList>
            <lineIdShortcut>TCL:Line:89E</lineIdShortcut>
            <comment></comment>
        </JourneyPattern>
        <JourneyPattern>
            <objectId>TCL:JourneyPattern:89E_2_2_0205M_09</objectId>
            <objectVersion>12</objectVersion>
            <creationTime>2015-01-15T00:18:11</creationTime>
            <creatorId>chouette</creatorId>
            <name>89E_2_2_0205M_09</name>
            <publishedName></publishedName>
            <routeId>TCL:Route:89Er2</routeId>
            <origin>TCL:StopPoint:2501</origin>
            <destination>TCL:StopPoint:4546</destination>
            <stopPointList>TCL:StopPoint:2501</stopPointList>
            <stopPointList>TCL:StopPoint:342</stopPointList>
            <stopPointList>TCL:StopPoint:2320</stopPointList>
            <stopPointList>TCL:StopPoint:4364</stopPointList>
            <stopPointList>TCL:StopPoint:2338</stopPointList>
            <stopPointList>TCL:StopPoint:3758</stopPointList>
            <stopPointList>TCL:StopPoint:1680</stopPointList>
            <stopPointList>TCL:StopPoint:832</stopPointList>
            <stopPointList>TCL:StopPoint:7306</stopPointList>
            <stopPointList>TCL:StopPoint:4550</stopPointList>
            <stopPointList>TCL:StopPoint:7882</stopPointList>
            <stopPointList>TCL:StopPoint:574</stopPointList>
            <stopPointList>TCL:StopPoint:4546</stopPointList>
            <lineIdShortcut>TCL:Line:89E</lineIdShortcut>
            <comment></comment>
        </JourneyPattern>
    </ChouetteLineDescription>
</ChouettePTNetwork>
