<?xml version="1.0" encoding="UTF-8" standalone="yes"?>
<ChouettePTNetwork xmlns="http://www.trident.org/schema/trident" xmlns:acsb="http://www.ifopt.org.uk/acsb" xmlns:siri="http://www.siri.org.uk/siri">
    <PTNetwork>
        <objectId>TCL:GroupOfLine:TCL</objectId>
        <objectVersion>1</objectVersion>
        <creationTime>2015-01-14T22:01:59</creationTime>
        <versionDate>2015-01-14</versionDate>
        <name>TCL</name>
        <registration>
            <registrationNumber>TCL</registrationNumber>
        </registration>
        <sourceName>GTFS</sourceName>
        <lineId>TCL:Line:98E</lineId>
    </PTNetwork>
    <Company>
        <objectId>TCL:Company:1</objectId>
        <objectVersion>1</objectVersion>
        <creationTime>2015-01-14T22:01:59</creationTime>
        <name>TCL SYTRAL</name>
        <phone>01.01.01.01.01</phone>
        <registration>
            <registrationNumber>1</registrationNumber>
        </registration>
    </Company>
    <ChouetteArea>
        <StopArea>
            <objectId>TCL:StopArea:35254</objectId>
            <objectVersion>1</objectVersion>
            <creationTime>2015-01-15T08:18:23</creationTime>
            <name>Marcy Campus Sanofi</name>
            <contains>TCL:StopPoint:5745</contains>
            <contains>TCL:StopPoint:5746</contains>
            <centroidOfArea>TCL:AreaCentroid:35254</centroidOfArea>
            <StopAreaExtension>
                <areaType>BoardingPosition</areaType>
                <fareCode>0</fareCode>
                <mobilityRestrictedSuitability>1</mobilityRestrictedSuitability>
            </StopAreaExtension>
        </StopArea>
        <StopArea>
            <objectId>TCL:StopArea:S31360</objectId>
            <objectVersion>1</objectVersion>
            <creationTime>2015-01-15T08:18:23</creationTime>
            <name>Marcy Campus Sanofi</name>
            <contains>TCL:StopArea:35254</contains>
            <centroidOfArea>TCL:AreaCentroid:S31360</centroidOfArea>
            <StopAreaExtension>
                <areaType>CommercialStopPoint</areaType>
                <fareCode>0</fareCode>
                <mobilityRestrictedSuitability>0</mobilityRestrictedSuitability>
            </StopAreaExtension>
        </StopArea>
        <StopArea>
            <objectId>TCL:StopArea:35257</objectId>
            <objectVersion>1</objectVersion>
            <creationTime>2015-01-15T08:18:23</creationTime>
            <name>BioMerieux</name>
            <contains>TCL:StopPoint:5749</contains>
            <contains>TCL:StopPoint:5750</contains>
            <centroidOfArea>TCL:AreaCentroid:35257</centroidOfArea>
            <StopAreaExtension>
                <areaType>BoardingPosition</areaType>
                <fareCode>0</fareCode>
                <mobilityRestrictedSuitability>1</mobilityRestrictedSuitability>
            </StopAreaExtension>
        </StopArea>
        <StopArea>
            <objectId>TCL:StopArea:S31361</objectId>
            <objectVersion>1</objectVersion>
            <creationTime>2015-01-15T08:18:23</creationTime>
            <name>BioMerieux</name>
            <contains>TCL:StopArea:35257</contains>
            <contains>TCL:StopArea:35256</contains>
            <centroidOfArea>TCL:AreaCentroid:S31361</centroidOfArea>
            <StopAreaExtension>
                <areaType>CommercialStopPoint</areaType>
                <fareCode>0</fareCode>
                <mobilityRestrictedSuitability>0</mobilityRestrictedSuitability>
            </StopAreaExtension>
        </StopArea>
        <StopArea>
            <objectId>TCL:StopArea:47277</objectId>
            <objectVersion>1</objectVersion>
            <creationTime>2015-01-15T08:18:23</creationTime>
            <name>Campus de l'Etoile</name>
            <contains>TCL:StopPoint:8903</contains>
            <contains>TCL:StopPoint:8904</contains>
            <centroidOfArea>TCL:AreaCentroid:47277</centroidOfArea>
            <StopAreaExtension>
                <areaType>BoardingPosition</areaType>
                <fareCode>0</fareCode>
                <mobilityRestrictedSuitability>1</mobilityRestrictedSuitability>
            </StopAreaExtension>
        </StopArea>
        <StopArea>
            <objectId>TCL:StopArea:S34517</objectId>
            <objectVersion>1</objectVersion>
            <creationTime>2015-01-15T08:18:23</creationTime>
            <name>Campus de l'Etoile</name>
            <contains>TCL:StopArea:47277</contains>
            <contains>TCL:StopArea:47276</contains>
            <centroidOfArea>TCL:AreaCentroid:S34517</centroidOfArea>
            <StopAreaExtension>
                <areaType>CommercialStopPoint</areaType>
                <fareCode>0</fareCode>
                <mobilityRestrictedSuitability>0</mobilityRestrictedSuitability>
            </StopAreaExtension>
        </StopArea>
        <StopArea>
            <objectId>TCL:StopArea:30575</objectId>
            <objectVersion>1</objectVersion>
            <creationTime>2015-01-15T08:18:23</creationTime>
            <name>Gorge de Loup</name>
            <contains>TCL:StopPoint:5035</contains>
            <contains>TCL:StopPoint:5036</contains>
            <centroidOfArea>TCL:AreaCentroid:30575</centroidOfArea>
            <StopAreaExtension>
                <areaType>BoardingPosition</areaType>
                <fareCode>0</fareCode>
                <mobilityRestrictedSuitability>1</mobilityRestrictedSuitability>
            </StopAreaExtension>
        </StopArea>
        <StopArea>
            <objectId>TCL:StopArea:S5040</objectId>
            <objectVersion>1</objectVersion>
            <creationTime>2015-01-15T08:18:23</creationTime>
            <name>Gorge de Loup</name>
            <contains>TCL:StopArea:30575</contains>
            <contains>TCL:StopArea:10252</contains>
            <centroidOfArea>TCL:AreaCentroid:S5040</centroidOfArea>
            <StopAreaExtension>
                <areaType>CommercialStopPoint</areaType>
                <fareCode>0</fareCode>
                <mobilityRestrictedSuitability>0</mobilityRestrictedSuitability>
            </StopAreaExtension>
        </StopArea>
        <StopArea>
            <objectId>TCL:StopArea:10252</objectId>
            <objectVersion>1</objectVersion>
            <creationTime>2015-01-15T08:18:23</creationTime>
            <name>Gorge de Loup</name>
            <contains>TCL:StopPoint:3583</contains>
            <contains>TCL:StopPoint:3584</contains>
            <centroidOfArea>TCL:AreaCentroid:10252</centroidOfArea>
            <StopAreaExtension>
                <areaType>BoardingPosition</areaType>
                <fareCode>0</fareCode>
                <mobilityRestrictedSuitability>1</mobilityRestrictedSuitability>
            </StopAreaExtension>
        </StopArea>
        <StopArea>
            <objectId>TCL:StopArea:47276</objectId>
            <objectVersion>1</objectVersion>
            <creationTime>2015-01-15T08:18:23</creationTime>
            <name>Campus de l'Etoile</name>
            <contains>TCL:StopPoint:8901</contains>
            <contains>TCL:StopPoint:8902</contains>
            <centroidOfArea>TCL:AreaCentroid:47276</centroidOfArea>
            <StopAreaExtension>
                <areaType>BoardingPosition</areaType>
                <fareCode>0</fareCode>
                <mobilityRestrictedSuitability>1</mobilityRestrictedSuitability>
            </StopAreaExtension>
        </StopArea>
        <StopArea>
            <objectId>TCL:StopArea:35256</objectId>
            <objectVersion>1</objectVersion>
            <creationTime>2015-01-15T08:18:23</creationTime>
            <name>BioMerieux</name>
            <contains>TCL:StopPoint:5747</contains>
            <contains>TCL:StopPoint:5748</contains>
            <centroidOfArea>TCL:AreaCentroid:35256</centroidOfArea>
            <StopAreaExtension>
                <areaType>BoardingPosition</areaType>
                <fareCode>0</fareCode>
                <mobilityRestrictedSuitability>1</mobilityRestrictedSuitability>
            </StopAreaExtension>
        </StopArea>
        <AreaCentroid>
            <objectId>TCL:AreaCentroid:35254</objectId>
            <objectVersion>1</objectVersion>
            <creationTime>2015-01-15T08:18:23</creationTime>
            <longitude>4.705536891634</longitude>
            <latitude>45.777744785165</latitude>
            <longLatType>WGS84</longLatType>
            <containedIn>TCL:StopArea:35254</containedIn>
            <name>Marcy Campus Sanofi</name>
        </AreaCentroid>
        <AreaCentroid>
            <objectId>TCL:AreaCentroid:S31360</objectId>
            <objectVersion>1</objectVersion>
            <creationTime>2015-01-15T08:18:23</creationTime>
            <longitude>4.7055</longitude>
            <latitude>45.7777</latitude>
            <longLatType>WGS84</longLatType>
            <containedIn>TCL:StopArea:S31360</containedIn>
            <name>Marcy Campus Sanofi</name>
        </AreaCentroid>
        <AreaCentroid>
            <objectId>TCL:AreaCentroid:35257</objectId>
            <objectVersion>1</objectVersion>
            <creationTime>2015-01-15T08:18:23</creationTime>
            <longitude>4.709554645495</longitude>
            <latitude>45.780828265961</latitude>
            <longLatType>WGS84</longLatType>
            <containedIn>TCL:StopArea:35257</containedIn>
            <name>BioMerieux</name>
        </AreaCentroid>
        <AreaCentroid>
            <objectId>TCL:AreaCentroid:S31361</objectId>
            <objectVersion>1</objectVersion>
            <creationTime>2015-01-15T08:18:23</creationTime>
            <longitude>4.7090198077970005</longitude>
            <latitude>45.7805296187125</latitude>
            <longLatType>WGS84</longLatType>
            <containedIn>TCL:StopArea:S31361</containedIn>
            <name>BioMerieux</name>
        </AreaCentroid>
        <AreaCentroid>
            <objectId>TCL:AreaCentroid:47277</objectId>
            <objectVersion>1</objectVersion>
            <creationTime>2015-01-15T08:18:23</creationTime>
            <longitude>4.713695036652</longitude>
            <latitude>45.785250144364</latitude>
            <longLatType>WGS84</longLatType>
            <containedIn>TCL:StopArea:47277</containedIn>
            <name>Campus de l'Etoile</name>
        </AreaCentroid>
        <AreaCentroid>
            <objectId>TCL:AreaCentroid:S34517</objectId>
            <objectVersion>1</objectVersion>
            <creationTime>2015-01-15T08:18:23</creationTime>
            <longitude>4.7135959159205</longitude>
            <latitude>45.7851892358085</latitude>
            <longLatType>WGS84</longLatType>
            <containedIn>TCL:StopArea:S34517</containedIn>
            <name>Campus de l'Etoile</name>
        </AreaCentroid>
        <AreaCentroid>
            <objectId>TCL:AreaCentroid:30575</objectId>
            <objectVersion>1</objectVersion>
            <creationTime>2015-01-15T08:18:23</creationTime>
            <longitude>4.805023544397</longitude>
            <latitude>45.766574263565</latitude>
            <longLatType>WGS84</longLatType>
            <containedIn>TCL:StopArea:30575</containedIn>
            <name>Gorge de Loup</name>
        </AreaCentroid>
        <AreaCentroid>
            <objectId>TCL:AreaCentroid:S5040</objectId>
            <objectVersion>1</objectVersion>
            <creationTime>2015-01-15T08:18:23</creationTime>
            <longitude>4.804798343539947</longitude>
            <latitude>45.76646317826422</latitude>
            <longLatType>WGS84</longLatType>
            <containedIn>TCL:StopArea:S5040</containedIn>
            <name>Gorge de Loup</name>
        </AreaCentroid>
        <AreaCentroid>
            <objectId>TCL:AreaCentroid:10252</objectId>
            <objectVersion>1</objectVersion>
            <creationTime>2015-01-15T08:18:23</creationTime>
            <longitude>4.804685915834</longitude>
            <latitude>45.766788710931</latitude>
            <longLatType>WGS84</longLatType>
            <containedIn>TCL:StopArea:10252</containedIn>
            <name>Gorge de Loup</name>
        </AreaCentroid>
        <AreaCentroid>
            <objectId>TCL:AreaCentroid:47276</objectId>
            <objectVersion>1</objectVersion>
            <creationTime>2015-01-15T08:18:23</creationTime>
            <longitude>4.713496795189</longitude>
            <latitude>45.785128327253</latitude>
            <longLatType>WGS84</longLatType>
            <containedIn>TCL:StopArea:47276</containedIn>
            <name>Campus de l'Etoile</name>
        </AreaCentroid>
        <AreaCentroid>
            <objectId>TCL:AreaCentroid:35256</objectId>
            <objectVersion>1</objectVersion>
            <creationTime>2015-01-15T08:18:23</creationTime>
            <longitude>4.708484970099</longitude>
            <latitude>45.780230971464</latitude>
            <longLatType>WGS84</longLatType>
            <containedIn>TCL:StopArea:35256</containedIn>
            <name>BioMerieux</name>
        </AreaCentroid>
    </ChouetteArea>
    <ConnectionLink>
        <objectId>TCL:ConnectionLink:10252_30575</objectId>
        <objectVersion>1</objectVersion>
        <creationTime>2015-01-15T08:18:23</creationTime>
        <name>from Gorge de Loup to Gorge de Loup</name>
        <startOfLink>TCL:StopArea:10252</startOfLink>
        <endOfLink>TCL:StopArea:30575</endOfLink>
        <linkType>Overground</linkType>
        <defaultDuration>PT2M0S</defaultDuration>
    </ConnectionLink>
    <ConnectionLink>
        <objectId>TCL:ConnectionLink:35257_35256</objectId>
        <objectVersion>1</objectVersion>
        <creationTime>2015-01-15T08:18:23</creationTime>
        <name>from BioMerieux to BioMerieux</name>
        <startOfLink>TCL:StopArea:35257</startOfLink>
        <endOfLink>TCL:StopArea:35256</endOfLink>
        <linkType>Overground</linkType>
        <defaultDuration>PT1M0S</defaultDuration>
    </ConnectionLink>
    <ConnectionLink>
        <objectId>TCL:ConnectionLink:47277_47276</objectId>
        <objectVersion>1</objectVersion>
        <creationTime>2015-01-15T08:18:23</creationTime>
        <name>from Campus de l'Etoile to Campus de l'Etoile</name>
        <startOfLink>TCL:StopArea:47277</startOfLink>
        <endOfLink>TCL:StopArea:47276</endOfLink>
        <linkType>Overground</linkType>
        <defaultDuration>PT1M0S</defaultDuration>
    </ConnectionLink>
    <ChouetteLineDescription>
        <Line>
            <objectId>TCL:Line:98E</objectId>
            <objectVersion>4</objectVersion>
            <creationTime>2015-01-14T22:57:22</creationTime>
            <creatorId>chouette</creatorId>
            <name>Bus 98E</name>
            <transportModeName>Bus</transportModeName>
            <lineEnd>TCL:StopPoint:5745</lineEnd>
            <lineEnd>TCL:StopPoint:5746</lineEnd>
            <lineEnd>TCL:StopPoint:5035</lineEnd>
            <lineEnd>TCL:StopPoint:5036</lineEnd>
            <lineEnd>TCL:StopPoint:3583</lineEnd>
            <lineEnd>TCL:StopPoint:3584</lineEnd>
            <routeId>TCL:Route:98Er2</routeId>
            <routeId>TCL:Route:98Ea1</routeId>
            <registration>
                <registrationNumber>98E</registrationNumber>
            </registration>
            <ptNetworkIdShortcut>TCL:GroupOfLine:TCL</ptNetworkIdShortcut>
            <LineExtension>
                <mobilityRestrictedSuitability>true</mobilityRestrictedSuitability>
            </LineExtension>
        </Line>
        <ChouetteRoute>
            <objectId>TCL:Route:98Er2</objectId>
            <objectVersion>5</objectVersion>
            <creationTime>2015-01-14T22:56:40</creationTime>
            <creatorId>chouette</creatorId>
            <name>RETOUR</name>
            <publishedName>98Er2</publishedName>
            <number>98Er2</number>
            <direction>R</direction>
            <ptLinkId>TCL:PtLink:5745A5750</ptLinkId>
            <ptLinkId>TCL:PtLink:5750A8904</ptLinkId>
            <ptLinkId>TCL:PtLink:8904A5036</ptLinkId>
            <journeyPatternId>TCL:JourneyPattern:98E_2_2_025AM_08</journeyPatternId>
            <journeyPatternId>TCL:JourneyPattern:98E_2_2_025AM_09</journeyPatternId>
            <journeyPatternId>TCL:JourneyPattern:98E_2_2_025AV_04</journeyPatternId>
            <journeyPatternId>TCL:JourneyPattern:98E_2_2_025AV_05</journeyPatternId>
            <comment>98Er2</comment>
        </ChouetteRoute>
        <ChouetteRoute>
            <objectId>TCL:Route:98Ea1</objectId>
            <objectVersion>5</objectVersion>
            <creationTime>2015-01-14T22:56:40</creationTime>
            <creatorId>chouette</creatorId>
            <name>ALLER</name>
            <publishedName>98Ea1</publishedName>
            <number>98Ea1</number>
            <direction>A</direction>
            <ptLinkId>TCL:PtLink:3583A8901</ptLinkId>
            <ptLinkId>TCL:PtLink:8901A5747</ptLinkId>
            <ptLinkId>TCL:PtLink:5747A5746</ptLinkId>
            <journeyPatternId>TCL:JourneyPattern:98E_2_1_025AM_02</journeyPatternId>
            <journeyPatternId>TCL:JourneyPattern:98E_2_1_025AM_03</journeyPatternId>
            <journeyPatternId>TCL:JourneyPattern:98E_2_1_025AM_07</journeyPatternId>
            <journeyPatternId>TCL:JourneyPattern:98E_2_1_025AM_09</journeyPatternId>
            <journeyPatternId>TCL:JourneyPattern:98E_2_1_025AV_01</journeyPatternId>
            <journeyPatternId>TCL:JourneyPattern:98E_2_1_025AV_02</journeyPatternId>
            <comment>98Ea1</comment>
        </ChouetteRoute>
        <StopPoint>
            <objectId>TCL:StopPoint:5745</objectId>
            <objectVersion>2</objectVersion>
            <creationTime>2015-01-14T22:27:54</creationTime>
            <creatorId>chouette</creatorId>
            <longitude>4.705536891634</longitude>
            <latitude>45.777744785165</latitude>
            <longLatType>WGS84</longLatType>
            <containedIn>TCL:StopArea:35254</containedIn>
            <name>Marcy Campus Sanofi</name>
        </StopPoint>
        <StopPoint>
            <objectId>TCL:StopPoint:5746</objectId>
            <objectVersion>2</objectVersion>
            <creationTime>2015-01-14T22:27:54</creationTime>
            <creatorId>chouette</creatorId>
            <longitude>4.705536891634</longitude>
            <latitude>45.777744785165</latitude>
            <longLatType>WGS84</longLatType>
            <containedIn>TCL:StopArea:35254</containedIn>
            <name>Marcy Campus Sanofi</name>
        </StopPoint>
        <StopPoint>
            <objectId>TCL:StopPoint:5749</objectId>
            <objectVersion>2</objectVersion>
            <creationTime>2015-01-14T22:27:54</creationTime>
            <creatorId>chouette</creatorId>
            <longitude>4.709554645495</longitude>
            <latitude>45.780828265961</latitude>
            <longLatType>WGS84</longLatType>
            <containedIn>TCL:StopArea:35257</containedIn>
            <name>BioMerieux</name>
        </StopPoint>
        <StopPoint>
            <objectId>TCL:StopPoint:5750</objectId>
            <objectVersion>2</objectVersion>
            <creationTime>2015-01-14T22:27:54</creationTime>
            <creatorId>chouette</creatorId>
            <longitude>4.709554645495</longitude>
            <latitude>45.780828265961</latitude>
            <longLatType>WGS84</longLatType>
            <containedIn>TCL:StopArea:35257</containedIn>
            <name>BioMerieux</name>
        </StopPoint>
        <StopPoint>
            <objectId>TCL:StopPoint:8903</objectId>
            <objectVersion>2</objectVersion>
            <creationTime>2015-01-14T22:27:54</creationTime>
            <creatorId>chouette</creatorId>
            <longitude>4.713695036652</longitude>
            <latitude>45.785250144364</latitude>
            <longLatType>WGS84</longLatType>
            <containedIn>TCL:StopArea:47277</containedIn>
            <name>Campus de l'Etoile</name>
        </StopPoint>
        <StopPoint>
            <objectId>TCL:StopPoint:8904</objectId>
            <objectVersion>2</objectVersion>
            <creationTime>2015-01-14T22:27:54</creationTime>
            <creatorId>chouette</creatorId>
            <longitude>4.713695036652</longitude>
            <latitude>45.785250144364</latitude>
            <longLatType>WGS84</longLatType>
            <containedIn>TCL:StopArea:47277</containedIn>
            <name>Campus de l'Etoile</name>
        </StopPoint>
        <StopPoint>
            <objectId>TCL:StopPoint:5035</objectId>
            <objectVersion>2</objectVersion>
            <creationTime>2015-01-14T22:27:54</creationTime>
            <creatorId>chouette</creatorId>
            <longitude>4.805023544397</longitude>
            <latitude>45.766574263565</latitude>
            <longLatType>WGS84</longLatType>
            <containedIn>TCL:StopArea:30575</containedIn>
            <name>Gorge de Loup</name>
        </StopPoint>
        <StopPoint>
            <objectId>TCL:StopPoint:5036</objectId>
            <objectVersion>2</objectVersion>
            <creationTime>2015-01-14T22:27:54</creationTime>
            <creatorId>chouette</creatorId>
            <longitude>4.805023544397</longitude>
            <latitude>45.766574263565</latitude>
            <longLatType>WGS84</longLatType>
            <containedIn>TCL:StopArea:30575</containedIn>
            <name>Gorge de Loup</name>
        </StopPoint>
        <StopPoint>
            <objectId>TCL:StopPoint:3583</objectId>
            <objectVersion>2</objectVersion>
            <creationTime>2015-01-14T22:27:54</creationTime>
            <creatorId>chouette</creatorId>
            <longitude>4.804685915834</longitude>
            <latitude>45.766788710931</latitude>
            <longLatType>WGS84</longLatType>
            <containedIn>TCL:StopArea:10252</containedIn>
            <name>Gorge de Loup</name>
        </StopPoint>
        <StopPoint>
            <objectId>TCL:StopPoint:3584</objectId>
            <objectVersion>2</objectVersion>
            <creationTime>2015-01-14T22:27:54</creationTime>
            <creatorId>chouette</creatorId>
            <longitude>4.804685915834</longitude>
            <latitude>45.766788710931</latitude>
            <longLatType>WGS84</longLatType>
            <containedIn>TCL:StopArea:10252</containedIn>
            <name>Gorge de Loup</name>
        </StopPoint>
        <StopPoint>
            <objectId>TCL:StopPoint:8901</objectId>
            <objectVersion>2</objectVersion>
            <creationTime>2015-01-14T22:27:54</creationTime>
            <creatorId>chouette</creatorId>
            <longitude>4.713496795189</longitude>
            <latitude>45.785128327253</latitude>
            <longLatType>WGS84</longLatType>
            <containedIn>TCL:StopArea:47276</containedIn>
            <name>Campus de l'Etoile</name>
        </StopPoint>
        <StopPoint>
            <objectId>TCL:StopPoint:8902</objectId>
            <objectVersion>2</objectVersion>
            <creationTime>2015-01-14T22:27:54</creationTime>
            <creatorId>chouette</creatorId>
            <longitude>4.713496795189</longitude>
            <latitude>45.785128327253</latitude>
            <longLatType>WGS84</longLatType>
            <containedIn>TCL:StopArea:47276</containedIn>
            <name>Campus de l'Etoile</name>
        </StopPoint>
        <StopPoint>
            <objectId>TCL:StopPoint:5747</objectId>
            <objectVersion>2</objectVersion>
            <creationTime>2015-01-14T22:27:54</creationTime>
            <creatorId>chouette</creatorId>
            <longitude>4.708484970099</longitude>
            <latitude>45.780230971464</latitude>
            <longLatType>WGS84</longLatType>
            <containedIn>TCL:StopArea:35256</containedIn>
            <name>BioMerieux</name>
        </StopPoint>
        <StopPoint>
            <objectId>TCL:StopPoint:5748</objectId>
            <objectVersion>2</objectVersion>
            <creationTime>2015-01-14T22:27:54</creationTime>
            <creatorId>chouette</creatorId>
            <longitude>4.708484970099</longitude>
            <latitude>45.780230971464</latitude>
            <longLatType>WGS84</longLatType>
            <containedIn>TCL:StopArea:35256</containedIn>
            <name>BioMerieux</name>
        </StopPoint>
        <PtLink>
            <objectId>TCL:PtLink:5745A5750</objectId>
            <objectVersion>1</objectVersion>
            <creationTime>2015-01-15T08:42:56</creationTime>
            <startOfLink>TCL:StopPoint:5745</startOfLink>
            <endOfLink>TCL:StopPoint:5750</endOfLink>
        </PtLink>
        <PtLink>
            <objectId>TCL:PtLink:5750A8904</objectId>
            <objectVersion>1</objectVersion>
            <creationTime>2015-01-15T08:42:56</creationTime>
            <startOfLink>TCL:StopPoint:5750</startOfLink>
            <endOfLink>TCL:StopPoint:8904</endOfLink>
        </PtLink>
        <PtLink>
            <objectId>TCL:PtLink:8904A5036</objectId>
            <objectVersion>1</objectVersion>
            <creationTime>2015-01-15T08:42:56</creationTime>
            <startOfLink>TCL:StopPoint:8904</startOfLink>
            <endOfLink>TCL:StopPoint:5036</endOfLink>
        </PtLink>
        <PtLink>
            <objectId>TCL:PtLink:3583A8901</objectId>
            <objectVersion>1</objectVersion>
            <creationTime>2015-01-15T08:42:56</creationTime>
            <startOfLink>TCL:StopPoint:3583</startOfLink>
            <endOfLink>TCL:StopPoint:8901</endOfLink>
        </PtLink>
        <PtLink>
            <objectId>TCL:PtLink:8901A5747</objectId>
            <objectVersion>1</objectVersion>
            <creationTime>2015-01-15T08:42:56</creationTime>
            <startOfLink>TCL:StopPoint:8901</startOfLink>
            <endOfLink>TCL:StopPoint:5747</endOfLink>
        </PtLink>
        <PtLink>
            <objectId>TCL:PtLink:5747A5746</objectId>
            <objectVersion>1</objectVersion>
            <creationTime>2015-01-15T08:42:56</creationTime>
            <startOfLink>TCL:StopPoint:5747</startOfLink>
            <endOfLink>TCL:StopPoint:5746</endOfLink>
        </PtLink>
        <JourneyPattern>
            <objectId>TCL:JourneyPattern:98E_2_2_025AM_08</objectId>
            <objectVersion>12</objectVersion>
            <creationTime>2015-01-15T00:18:11</creationTime>
            <creatorId>chouette</creatorId>
            <name>98E_2_2_025AM_08</name>
            <publishedName></publishedName>
            <routeId>TCL:Route:98Er2</routeId>
            <origin>TCL:StopPoint:5745</origin>
            <destination>TCL:StopPoint:5036</destination>
            <stopPointList>TCL:StopPoint:5745</stopPointList>
            <stopPointList>TCL:StopPoint:5750</stopPointList>
            <stopPointList>TCL:StopPoint:8904</stopPointList>
            <stopPointList>TCL:StopPoint:5036</stopPointList>
            <lineIdShortcut>TCL:Line:98E</lineIdShortcut>
            <comment></comment>
        </JourneyPattern>
        <JourneyPattern>
            <objectId>TCL:JourneyPattern:98E_2_2_025AM_09</objectId>
            <objectVersion>12</objectVersion>
            <creationTime>2015-01-15T00:18:11</creationTime>
            <creatorId>chouette</creatorId>
            <name>98E_2_2_025AM_09</name>
            <publishedName></publishedName>
            <routeId>TCL:Route:98Er2</routeId>
            <origin>TCL:StopPoint:5745</origin>
            <destination>TCL:StopPoint:5036</destination>
            <stopPointList>TCL:StopPoint:5745</stopPointList>
            <stopPointList>TCL:StopPoint:5750</stopPointList>
            <stopPointList>TCL:StopPoint:8904</stopPointList>
            <stopPointList>TCL:StopPoint:5036</stopPointList>
            <lineIdShortcut>TCL:Line:98E</lineIdShortcut>
            <comment></comment>
        </JourneyPattern>
        <JourneyPattern>
            <objectId>TCL:JourneyPattern:98E_2_2_025AV_04</objectId>
            <objectVersion>12</objectVersion>
            <creationTime>2015-01-15T00:18:11</creationTime>
            <creatorId>chouette</creatorId>
            <name>98E_2_2_025AV_04</name>
            <publishedName></publishedName>
            <routeId>TCL:Route:98Er2</routeId>
            <origin>TCL:StopPoint:5745</origin>
            <destination>TCL:StopPoint:5036</destination>
            <stopPointList>TCL:StopPoint:5745</stopPointList>
            <stopPointList>TCL:StopPoint:5750</stopPointList>
            <stopPointList>TCL:StopPoint:8904</stopPointList>
            <stopPointList>TCL:StopPoint:5036</stopPointList>
            <lineIdShortcut>TCL:Line:98E</lineIdShortcut>
            <comment></comment>
        </JourneyPattern>
        <JourneyPattern>
            <objectId>TCL:JourneyPattern:98E_2_2_025AV_05</objectId>
            <objectVersion>12</objectVersion>
            <creationTime>2015-01-15T00:18:11</creationTime>
            <creatorId>chouette</creatorId>
            <name>98E_2_2_025AV_05</name>
            <publishedName></publishedName>
            <routeId>TCL:Route:98Er2</routeId>
            <origin>TCL:StopPoint:5745</origin>
            <destination>TCL:StopPoint:5036</destination>
            <stopPointList>TCL:StopPoint:5745</stopPointList>
            <stopPointList>TCL:StopPoint:5750</stopPointList>
            <stopPointList>TCL:StopPoint:8904</stopPointList>
            <stopPointList>TCL:StopPoint:5036</stopPointList>
            <lineIdShortcut>TCL:Line:98E</lineIdShortcut>
            <comment></comment>
        </JourneyPattern>
        <JourneyPattern>
            <objectId>TCL:JourneyPattern:98E_2_1_025AM_02</objectId>
            <objectVersion>12</objectVersion>
            <creationTime>2015-01-15T00:18:11</creationTime>
            <creatorId>chouette</creatorId>
            <name>98E_2_1_025AM_02</name>
            <publishedName></publishedName>
            <routeId>TCL:Route:98Ea1</routeId>
            <origin>TCL:StopPoint:3583</origin>
            <destination>TCL:StopPoint:5746</destination>
            <stopPointList>TCL:StopPoint:3583</stopPointList>
            <stopPointList>TCL:StopPoint:8901</stopPointList>
            <stopPointList>TCL:StopPoint:5747</stopPointList>
            <stopPointList>TCL:StopPoint:5746</stopPointList>
            <lineIdShortcut>TCL:Line:98E</lineIdShortcut>
            <comment></comment>
        </JourneyPattern>
        <JourneyPattern>
            <objectId>TCL:JourneyPattern:98E_2_1_025AM_03</objectId>
            <objectVersion>12</objectVersion>
            <creationTime>2015-01-15T00:18:11</creationTime>
            <creatorId>chouette</creatorId>
            <name>98E_2_1_025AM_03</name>
            <publishedName></publishedName>
            <routeId>TCL:Route:98Ea1</routeId>
            <origin>TCL:StopPoint:3583</origin>
            <destination>TCL:StopPoint:5746</destination>
            <stopPointList>TCL:StopPoint:3583</stopPointList>
            <stopPointList>TCL:StopPoint:8901</stopPointList>
            <stopPointList>TCL:StopPoint:5747</stopPointList>
            <stopPointList>TCL:StopPoint:5746</stopPointList>
            <lineIdShortcut>TCL:Line:98E</lineIdShortcut>
            <comment></comment>
        </JourneyPattern>
        <JourneyPattern>
            <objectId>TCL:JourneyPattern:98E_2_1_025AM_07</objectId>
            <objectVersion>12</objectVersion>
            <creationTime>2015-01-15T00:18:11</creationTime>
            <creatorId>chouette</creatorId>
            <name>98E_2_1_025AM_07</name>
            <publishedName></publishedName>
            <routeId>TCL:Route:98Ea1</routeId>
            <origin>TCL:StopPoint:3583</origin>
            <destination>TCL:StopPoint:5746</destination>
            <stopPointList>TCL:StopPoint:3583</stopPointList>
            <stopPointList>TCL:StopPoint:8901</stopPointList>
            <stopPointList>TCL:StopPoint:5747</stopPointList>
            <stopPointList>TCL:StopPoint:5746</stopPointList>
            <lineIdShortcut>TCL:Line:98E</lineIdShortcut>
            <comment></comment>
        </JourneyPattern>
        <JourneyPattern>
            <objectId>TCL:JourneyPattern:98E_2_1_025AM_09</objectId>
            <objectVersion>12</objectVersion>
            <creationTime>2015-01-15T00:18:11</creationTime>
            <creatorId>chouette</creatorId>
            <name>98E_2_1_025AM_09</name>
            <publishedName></publishedName>
            <routeId>TCL:Route:98Ea1</routeId>
            <origin>TCL:StopPoint:3583</origin>
            <destination>TCL:StopPoint:5746</destination>
            <stopPointList>TCL:StopPoint:3583</stopPointList>
            <stopPointList>TCL:StopPoint:8901</stopPointList>
            <stopPointList>TCL:StopPoint:5747</stopPointList>
            <stopPointList>TCL:StopPoint:5746</stopPointList>
            <lineIdShortcut>TCL:Line:98E</lineIdShortcut>
            <comment></comment>
        </JourneyPattern>
        <JourneyPattern>
            <objectId>TCL:JourneyPattern:98E_2_1_025AV_01</objectId>
            <objectVersion>12</objectVersion>
            <creationTime>2015-01-15T00:18:11</creationTime>
            <creatorId>chouette</creatorId>
            <name>98E_2_1_025AV_01</name>
            <publishedName></publishedName>
            <routeId>TCL:Route:98Ea1</routeId>
            <origin>TCL:StopPoint:3583</origin>
            <destination>TCL:StopPoint:5746</destination>
            <stopPointList>TCL:StopPoint:3583</stopPointList>
            <stopPointList>TCL:StopPoint:8901</stopPointList>
            <stopPointList>TCL:StopPoint:5747</stopPointList>
            <stopPointList>TCL:StopPoint:5746</stopPointList>
            <lineIdShortcut>TCL:Line:98E</lineIdShortcut>
            <comment></comment>
        </JourneyPattern>
        <JourneyPattern>
            <objectId>TCL:JourneyPattern:98E_2_1_025AV_02</objectId>
            <objectVersion>12</objectVersion>
            <creationTime>2015-01-15T00:18:11</creationTime>
            <creatorId>chouette</creatorId>
            <name>98E_2_1_025AV_02</name>
            <publishedName></publishedName>
            <routeId>TCL:Route:98Ea1</routeId>
            <origin>TCL:StopPoint:3583</origin>
            <destination>TCL:StopPoint:5746</destination>
            <stopPointList>TCL:StopPoint:3583</stopPointList>
            <stopPointList>TCL:StopPoint:8901</stopPointList>
            <stopPointList>TCL:StopPoint:5747</stopPointList>
            <stopPointList>TCL:StopPoint:5746</stopPointList>
            <lineIdShortcut>TCL:Line:98E</lineIdShortcut>
            <comment></comment>
        </JourneyPattern>
    </ChouetteLineDescription>
</ChouettePTNetwork>
