<?xml version="1.0" encoding="UTF-8" standalone="yes"?>
<ChouettePTNetwork xmlns="http://www.trident.org/schema/trident" xmlns:acsb="http://www.ifopt.org.uk/acsb" xmlns:siri="http://www.siri.org.uk/siri">
    <PTNetwork>
        <objectId>TCL:GroupOfLine:TCL</objectId>
        <objectVersion>1</objectVersion>
        <creationTime>2015-01-14T22:01:59</creationTime>
        <versionDate>2015-01-14</versionDate>
        <name>TCL</name>
        <registration>
            <registrationNumber>TCL</registrationNumber>
        </registration>
        <sourceName>GTFS</sourceName>
        <lineId>TCL:Line:GE2A</lineId>
    </PTNetwork>
    <Company>
        <objectId>TCL:Company:1</objectId>
        <objectVersion>1</objectVersion>
        <creationTime>2015-01-14T22:01:59</creationTime>
        <name>TCL SYTRAL</name>
        <phone>01.01.01.01.01</phone>
        <registration>
            <registrationNumber>1</registrationNumber>
        </registration>
    </Company>
    <ChouetteArea>
        <StopArea>
            <objectId>TCL:StopArea:43423</objectId>
            <objectVersion>1</objectVersion>
            <creationTime>2015-01-15T08:18:23</creationTime>
            <name>Solaize CRES</name>
            <contains>TCL:StopPoint:7301</contains>
            <contains>TCL:StopPoint:7302</contains>
            <centroidOfArea>TCL:AreaCentroid:43423</centroidOfArea>
            <StopAreaExtension>
                <areaType>BoardingPosition</areaType>
                <fareCode>0</fareCode>
                <mobilityRestrictedSuitability>0</mobilityRestrictedSuitability>
            </StopAreaExtension>
        </StopArea>
        <StopArea>
            <objectId>TCL:StopArea:S33704</objectId>
            <objectVersion>1</objectVersion>
            <creationTime>2015-01-15T08:18:23</creationTime>
            <name>Solaize CRES</name>
            <contains>TCL:StopArea:43423</contains>
            <centroidOfArea>TCL:AreaCentroid:S33704</centroidOfArea>
            <StopAreaExtension>
                <areaType>CommercialStopPoint</areaType>
                <fareCode>0</fareCode>
                <mobilityRestrictedSuitability>0</mobilityRestrictedSuitability>
            </StopAreaExtension>
        </StopArea>
        <StopArea>
            <objectId>TCL:StopArea:45803</objectId>
            <objectVersion>1</objectVersion>
            <creationTime>2015-01-15T08:18:23</creationTime>
            <name>Yves Chauvin</name>
            <contains>TCL:StopPoint:7763</contains>
            <contains>TCL:StopPoint:7764</contains>
            <centroidOfArea>TCL:AreaCentroid:45803</centroidOfArea>
            <StopAreaExtension>
                <areaType>BoardingPosition</areaType>
                <fareCode>0</fareCode>
                <mobilityRestrictedSuitability>0</mobilityRestrictedSuitability>
            </StopAreaExtension>
        </StopArea>
        <StopArea>
            <objectId>TCL:StopArea:S33703</objectId>
            <objectVersion>1</objectVersion>
            <creationTime>2015-01-15T08:18:23</creationTime>
            <name>Yves Chauvin</name>
            <contains>TCL:StopArea:45803</contains>
            <contains>TCL:StopArea:43422</contains>
            <centroidOfArea>TCL:AreaCentroid:S33703</centroidOfArea>
            <StopAreaExtension>
                <areaType>CommercialStopPoint</areaType>
                <fareCode>0</fareCode>
                <mobilityRestrictedSuitability>0</mobilityRestrictedSuitability>
            </StopAreaExtension>
        </StopArea>
        <StopArea>
            <objectId>TCL:StopArea:46725</objectId>
            <objectVersion>1</objectVersion>
            <creationTime>2015-01-15T08:18:23</creationTime>
            <name>Solaize Campus</name>
            <contains>TCL:StopPoint:8507</contains>
            <contains>TCL:StopPoint:8508</contains>
            <centroidOfArea>TCL:AreaCentroid:46725</centroidOfArea>
            <StopAreaExtension>
                <areaType>BoardingPosition</areaType>
                <fareCode>0</fareCode>
                <mobilityRestrictedSuitability>0</mobilityRestrictedSuitability>
            </StopAreaExtension>
        </StopArea>
        <StopArea>
            <objectId>TCL:StopArea:S34454</objectId>
            <objectVersion>1</objectVersion>
            <creationTime>2015-01-15T08:18:23</creationTime>
            <name>Solaize Campus</name>
            <contains>TCL:StopArea:46725</contains>
            <contains>TCL:StopArea:46724</contains>
            <centroidOfArea>TCL:AreaCentroid:S34454</centroidOfArea>
            <StopAreaExtension>
                <areaType>CommercialStopPoint</areaType>
                <fareCode>0</fareCode>
                <mobilityRestrictedSuitability>0</mobilityRestrictedSuitability>
            </StopAreaExtension>
        </StopArea>
        <StopArea>
            <objectId>TCL:StopArea:398</objectId>
            <objectVersion>1</objectVersion>
            <creationTime>2015-01-15T08:18:23</creationTime>
            <name>Chantabeau</name>
            <contains>TCL:StopPoint:413</contains>
            <contains>TCL:StopPoint:414</contains>
            <centroidOfArea>TCL:AreaCentroid:398</centroidOfArea>
            <StopAreaExtension>
                <areaType>BoardingPosition</areaType>
                <fareCode>0</fareCode>
                <mobilityRestrictedSuitability>1</mobilityRestrictedSuitability>
            </StopAreaExtension>
        </StopArea>
        <StopArea>
            <objectId>TCL:StopArea:S10188</objectId>
            <objectVersion>1</objectVersion>
            <creationTime>2015-01-15T08:18:23</creationTime>
            <name>Chantabeau</name>
            <contains>TCL:StopArea:398</contains>
            <contains>TCL:StopArea:397</contains>
            <centroidOfArea>TCL:AreaCentroid:S10188</centroidOfArea>
            <StopAreaExtension>
                <areaType>CommercialStopPoint</areaType>
                <fareCode>0</fareCode>
                <mobilityRestrictedSuitability>0</mobilityRestrictedSuitability>
            </StopAreaExtension>
        </StopArea>
        <StopArea>
            <objectId>TCL:StopArea:40796</objectId>
            <objectVersion>1</objectVersion>
            <creationTime>2015-01-15T08:18:23</creationTime>
            <name>Hauts de Solaize</name>
            <contains>TCL:StopPoint:6729</contains>
            <contains>TCL:StopPoint:6730</contains>
            <centroidOfArea>TCL:AreaCentroid:40796</centroidOfArea>
            <StopAreaExtension>
                <areaType>BoardingPosition</areaType>
                <fareCode>0</fareCode>
                <mobilityRestrictedSuitability>0</mobilityRestrictedSuitability>
            </StopAreaExtension>
        </StopArea>
        <StopArea>
            <objectId>TCL:StopArea:S10548</objectId>
            <objectVersion>1</objectVersion>
            <creationTime>2015-01-15T08:18:23</creationTime>
            <name>Hauts de Solaize</name>
            <contains>TCL:StopArea:40796</contains>
            <contains>TCL:StopArea:1143</contains>
            <centroidOfArea>TCL:AreaCentroid:S10548</centroidOfArea>
            <StopAreaExtension>
                <areaType>CommercialStopPoint</areaType>
                <fareCode>0</fareCode>
                <mobilityRestrictedSuitability>0</mobilityRestrictedSuitability>
            </StopAreaExtension>
        </StopArea>
        <StopArea>
            <objectId>TCL:StopArea:43421</objectId>
            <objectVersion>1</objectVersion>
            <creationTime>2015-01-15T08:18:23</creationTime>
            <name>Bellecombe</name>
            <contains>TCL:StopPoint:7297</contains>
            <contains>TCL:StopPoint:7298</contains>
            <centroidOfArea>TCL:AreaCentroid:43421</centroidOfArea>
            <StopAreaExtension>
                <areaType>BoardingPosition</areaType>
                <fareCode>0</fareCode>
                <mobilityRestrictedSuitability>0</mobilityRestrictedSuitability>
            </StopAreaExtension>
        </StopArea>
        <StopArea>
            <objectId>TCL:StopArea:S10071</objectId>
            <objectVersion>1</objectVersion>
            <creationTime>2015-01-15T08:18:23</creationTime>
            <name>Bellecombe</name>
            <contains>TCL:StopArea:43421</contains>
            <contains>TCL:StopArea:43420</contains>
            <centroidOfArea>TCL:AreaCentroid:S10071</centroidOfArea>
            <StopAreaExtension>
                <areaType>CommercialStopPoint</areaType>
                <fareCode>0</fareCode>
                <mobilityRestrictedSuitability>0</mobilityRestrictedSuitability>
            </StopAreaExtension>
        </StopArea>
        <StopArea>
            <objectId>TCL:StopArea:39035</objectId>
            <objectVersion>1</objectVersion>
            <creationTime>2015-01-15T08:18:23</creationTime>
            <name>Feyzin Gare</name>
            <contains>TCL:StopPoint:6451</contains>
            <contains>TCL:StopPoint:6452</contains>
            <centroidOfArea>TCL:AreaCentroid:39035</centroidOfArea>
            <StopAreaExtension>
                <areaType>BoardingPosition</areaType>
                <fareCode>0</fareCode>
                <mobilityRestrictedSuitability>1</mobilityRestrictedSuitability>
            </StopAreaExtension>
        </StopArea>
        <StopArea>
            <objectId>TCL:StopArea:S10436</objectId>
            <objectVersion>1</objectVersion>
            <creationTime>2015-01-15T08:18:23</creationTime>
            <name>Feyzin Gare</name>
            <contains>TCL:StopArea:39035</contains>
            <contains>TCL:StopArea:39034</contains>
            <centroidOfArea>TCL:AreaCentroid:S10436</centroidOfArea>
            <StopAreaExtension>
                <areaType>CommercialStopPoint</areaType>
                <fareCode>0</fareCode>
                <mobilityRestrictedSuitability>0</mobilityRestrictedSuitability>
            </StopAreaExtension>
        </StopArea>
        <StopArea>
            <objectId>TCL:StopArea:39034</objectId>
            <objectVersion>1</objectVersion>
            <creationTime>2015-01-15T08:18:23</creationTime>
            <name>Feyzin Gare</name>
            <contains>TCL:StopPoint:6449</contains>
            <contains>TCL:StopPoint:6450</contains>
            <centroidOfArea>TCL:AreaCentroid:39034</centroidOfArea>
            <StopAreaExtension>
                <areaType>BoardingPosition</areaType>
                <fareCode>0</fareCode>
                <mobilityRestrictedSuitability>1</mobilityRestrictedSuitability>
            </StopAreaExtension>
        </StopArea>
        <StopArea>
            <objectId>TCL:StopArea:43420</objectId>
            <objectVersion>1</objectVersion>
            <creationTime>2015-01-15T08:18:23</creationTime>
            <name>Bellecombe</name>
            <contains>TCL:StopPoint:7295</contains>
            <contains>TCL:StopPoint:7296</contains>
            <centroidOfArea>TCL:AreaCentroid:43420</centroidOfArea>
            <StopAreaExtension>
                <areaType>BoardingPosition</areaType>
                <fareCode>0</fareCode>
                <mobilityRestrictedSuitability>0</mobilityRestrictedSuitability>
            </StopAreaExtension>
        </StopArea>
        <StopArea>
            <objectId>TCL:StopArea:1143</objectId>
            <objectVersion>1</objectVersion>
            <creationTime>2015-01-15T08:18:23</creationTime>
            <name>Hauts de Solaize</name>
            <contains>TCL:StopPoint:1135</contains>
            <contains>TCL:StopPoint:1136</contains>
            <centroidOfArea>TCL:AreaCentroid:1143</centroidOfArea>
            <StopAreaExtension>
                <areaType>BoardingPosition</areaType>
                <fareCode>0</fareCode>
                <mobilityRestrictedSuitability>0</mobilityRestrictedSuitability>
            </StopAreaExtension>
        </StopArea>
        <StopArea>
            <objectId>TCL:StopArea:397</objectId>
            <objectVersion>1</objectVersion>
            <creationTime>2015-01-15T08:18:23</creationTime>
            <name>Chantabeau</name>
            <contains>TCL:StopPoint:411</contains>
            <contains>TCL:StopPoint:412</contains>
            <centroidOfArea>TCL:AreaCentroid:397</centroidOfArea>
            <StopAreaExtension>
                <areaType>BoardingPosition</areaType>
                <fareCode>0</fareCode>
                <mobilityRestrictedSuitability>1</mobilityRestrictedSuitability>
            </StopAreaExtension>
        </StopArea>
        <StopArea>
            <objectId>TCL:StopArea:46724</objectId>
            <objectVersion>1</objectVersion>
            <creationTime>2015-01-15T08:18:23</creationTime>
            <name>Solaize Campus</name>
            <contains>TCL:StopPoint:8505</contains>
            <contains>TCL:StopPoint:8506</contains>
            <centroidOfArea>TCL:AreaCentroid:46724</centroidOfArea>
            <StopAreaExtension>
                <areaType>BoardingPosition</areaType>
                <fareCode>0</fareCode>
                <mobilityRestrictedSuitability>0</mobilityRestrictedSuitability>
            </StopAreaExtension>
        </StopArea>
        <StopArea>
            <objectId>TCL:StopArea:43422</objectId>
            <objectVersion>1</objectVersion>
            <creationTime>2015-01-15T08:18:23</creationTime>
            <name>Yves Chauvin</name>
            <contains>TCL:StopPoint:7299</contains>
            <contains>TCL:StopPoint:7300</contains>
            <centroidOfArea>TCL:AreaCentroid:43422</centroidOfArea>
            <StopAreaExtension>
                <areaType>BoardingPosition</areaType>
                <fareCode>0</fareCode>
                <mobilityRestrictedSuitability>0</mobilityRestrictedSuitability>
            </StopAreaExtension>
        </StopArea>
        <AreaCentroid>
            <objectId>TCL:AreaCentroid:43423</objectId>
            <objectVersion>1</objectVersion>
            <creationTime>2015-01-15T08:18:23</creationTime>
            <longitude>4.831204036078</longitude>
            <latitude>45.65023799174</latitude>
            <longLatType>WGS84</longLatType>
            <containedIn>TCL:StopArea:43423</containedIn>
            <name>Solaize CRES</name>
        </AreaCentroid>
        <AreaCentroid>
            <objectId>TCL:AreaCentroid:S33704</objectId>
            <objectVersion>1</objectVersion>
            <creationTime>2015-01-15T08:18:23</creationTime>
            <longitude>4.8312</longitude>
            <latitude>45.6502</latitude>
            <longLatType>WGS84</longLatType>
            <containedIn>TCL:StopArea:S33704</containedIn>
            <name>Solaize CRES</name>
        </AreaCentroid>
        <AreaCentroid>
            <objectId>TCL:AreaCentroid:45803</objectId>
            <objectVersion>1</objectVersion>
            <creationTime>2015-01-15T08:18:23</creationTime>
            <longitude>4.829633692572</longitude>
            <latitude>45.648394505153</latitude>
            <longLatType>WGS84</longLatType>
            <containedIn>TCL:StopArea:45803</containedIn>
            <name>Yves Chauvin</name>
        </AreaCentroid>
        <AreaCentroid>
            <objectId>TCL:AreaCentroid:S33703</objectId>
            <objectVersion>1</objectVersion>
            <creationTime>2015-01-15T08:18:23</creationTime>
            <longitude>4.829617821606</longitude>
            <latitude>45.648327350223</latitude>
            <longLatType>WGS84</longLatType>
            <containedIn>TCL:StopArea:S33703</containedIn>
            <name>Yves Chauvin</name>
        </AreaCentroid>
        <AreaCentroid>
            <objectId>TCL:AreaCentroid:46725</objectId>
            <objectVersion>1</objectVersion>
            <creationTime>2015-01-15T08:18:23</creationTime>
            <longitude>4.826658990008</longitude>
            <latitude>45.644625026926</latitude>
            <longLatType>WGS84</longLatType>
            <containedIn>TCL:StopArea:46725</containedIn>
            <name>Solaize Campus</name>
        </AreaCentroid>
        <AreaCentroid>
            <objectId>TCL:AreaCentroid:S34454</objectId>
            <objectVersion>1</objectVersion>
            <creationTime>2015-01-15T08:18:23</creationTime>
            <longitude>4.826684512343</longitude>
            <latitude>45.6446190140965</latitude>
            <longLatType>WGS84</longLatType>
            <containedIn>TCL:StopArea:S34454</containedIn>
            <name>Solaize Campus</name>
        </AreaCentroid>
        <AreaCentroid>
            <objectId>TCL:AreaCentroid:398</objectId>
            <objectVersion>1</objectVersion>
            <creationTime>2015-01-15T08:18:23</creationTime>
            <longitude>4.837758940463</longitude>
            <latitude>45.641616985713</latitude>
            <longLatType>WGS84</longLatType>
            <containedIn>TCL:StopArea:398</containedIn>
            <name>Chantabeau</name>
        </AreaCentroid>
        <AreaCentroid>
            <objectId>TCL:AreaCentroid:S10188</objectId>
            <objectVersion>1</objectVersion>
            <creationTime>2015-01-15T08:18:23</creationTime>
            <longitude>4.8376824827175</longitude>
            <latitude>45.641567971326495</latitude>
            <longLatType>WGS84</longLatType>
            <containedIn>TCL:StopArea:S10188</containedIn>
            <name>Chantabeau</name>
        </AreaCentroid>
        <AreaCentroid>
            <objectId>TCL:AreaCentroid:40796</objectId>
            <objectVersion>1</objectVersion>
            <creationTime>2015-01-15T08:18:23</creationTime>
            <longitude>4.842178775824</longitude>
            <latitude>45.645432364391</latitude>
            <longLatType>WGS84</longLatType>
            <containedIn>TCL:StopArea:40796</containedIn>
            <name>Hauts de Solaize</name>
        </AreaCentroid>
        <AreaCentroid>
            <objectId>TCL:AreaCentroid:S10548</objectId>
            <objectVersion>1</objectVersion>
            <creationTime>2015-01-15T08:18:23</creationTime>
            <longitude>4.842174613742</longitude>
            <latitude>45.645481963576</latitude>
            <longLatType>WGS84</longLatType>
            <containedIn>TCL:StopArea:S10548</containedIn>
            <name>Hauts de Solaize</name>
        </AreaCentroid>
        <AreaCentroid>
            <objectId>TCL:AreaCentroid:43421</objectId>
            <objectVersion>1</objectVersion>
            <creationTime>2015-01-15T08:18:23</creationTime>
            <longitude>4.845006147383</longitude>
            <latitude>45.648060440666</latitude>
            <longLatType>WGS84</longLatType>
            <containedIn>TCL:StopArea:43421</containedIn>
            <name>Bellecombe</name>
        </AreaCentroid>
        <AreaCentroid>
            <objectId>TCL:AreaCentroid:S10071</objectId>
            <objectVersion>1</objectVersion>
            <creationTime>2015-01-15T08:18:23</creationTime>
            <longitude>4.845214731289</longitude>
            <latitude>45.648370480409</latitude>
            <longLatType>WGS84</longLatType>
            <containedIn>TCL:StopArea:S10071</containedIn>
            <name>Bellecombe</name>
        </AreaCentroid>
        <AreaCentroid>
            <objectId>TCL:AreaCentroid:39035</objectId>
            <objectVersion>1</objectVersion>
            <creationTime>2015-01-15T08:18:23</creationTime>
            <longitude>4.853609455335</longitude>
            <latitude>45.66586986121</latitude>
            <longLatType>WGS84</longLatType>
            <containedIn>TCL:StopArea:39035</containedIn>
            <name>Feyzin Gare</name>
        </AreaCentroid>
        <AreaCentroid>
            <objectId>TCL:AreaCentroid:S10436</objectId>
            <objectVersion>1</objectVersion>
            <creationTime>2015-01-15T08:18:23</creationTime>
            <longitude>4.853531731832501</longitude>
            <latitude>45.6657140857455</latitude>
            <longLatType>WGS84</longLatType>
            <containedIn>TCL:StopArea:S10436</containedIn>
            <name>Feyzin Gare</name>
        </AreaCentroid>
        <AreaCentroid>
            <objectId>TCL:AreaCentroid:39034</objectId>
            <objectVersion>1</objectVersion>
            <creationTime>2015-01-15T08:18:23</creationTime>
            <longitude>4.85345400833</longitude>
            <latitude>45.665558310281</latitude>
            <longLatType>WGS84</longLatType>
            <containedIn>TCL:StopArea:39034</containedIn>
            <name>Feyzin Gare</name>
        </AreaCentroid>
        <AreaCentroid>
            <objectId>TCL:AreaCentroid:43420</objectId>
            <objectVersion>1</objectVersion>
            <creationTime>2015-01-15T08:18:23</creationTime>
            <longitude>4.845134050297</longitude>
            <latitude>45.648660022836</latitude>
            <longLatType>WGS84</longLatType>
            <containedIn>TCL:StopArea:43420</containedIn>
            <name>Bellecombe</name>
        </AreaCentroid>
        <AreaCentroid>
            <objectId>TCL:AreaCentroid:1143</objectId>
            <objectVersion>1</objectVersion>
            <creationTime>2015-01-15T08:18:23</creationTime>
            <longitude>4.84217045166</longitude>
            <latitude>45.645531562761</latitude>
            <longLatType>WGS84</longLatType>
            <containedIn>TCL:StopArea:1143</containedIn>
            <name>Hauts de Solaize</name>
        </AreaCentroid>
        <AreaCentroid>
            <objectId>TCL:AreaCentroid:397</objectId>
            <objectVersion>1</objectVersion>
            <creationTime>2015-01-15T08:18:23</creationTime>
            <longitude>4.837606024972</longitude>
            <latitude>45.64151895694</latitude>
            <longLatType>WGS84</longLatType>
            <containedIn>TCL:StopArea:397</containedIn>
            <name>Chantabeau</name>
        </AreaCentroid>
        <AreaCentroid>
            <objectId>TCL:AreaCentroid:46724</objectId>
            <objectVersion>1</objectVersion>
            <creationTime>2015-01-15T08:18:23</creationTime>
            <longitude>4.826710034678</longitude>
            <latitude>45.644613001267</latitude>
            <longLatType>WGS84</longLatType>
            <containedIn>TCL:StopArea:46724</containedIn>
            <name>Solaize Campus</name>
        </AreaCentroid>
        <AreaCentroid>
            <objectId>TCL:AreaCentroid:43422</objectId>
            <objectVersion>1</objectVersion>
            <creationTime>2015-01-15T08:18:23</creationTime>
            <longitude>4.82960195064</longitude>
            <latitude>45.648260195293</latitude>
            <longLatType>WGS84</longLatType>
            <containedIn>TCL:StopArea:43422</containedIn>
            <name>Yves Chauvin</name>
        </AreaCentroid>
    </ChouetteArea>
    <ConnectionLink>
        <objectId>TCL:ConnectionLink:397_398</objectId>
        <objectVersion>1</objectVersion>
        <creationTime>2015-01-15T08:18:23</creationTime>
        <name>from Chantabeau to Chantabeau</name>
        <startOfLink>TCL:StopArea:397</startOfLink>
        <endOfLink>TCL:StopArea:398</endOfLink>
        <linkType>Overground</linkType>
        <defaultDuration>PT2M0S</defaultDuration>
    </ConnectionLink>
    <ConnectionLink>
        <objectId>TCL:ConnectionLink:39035_39034</objectId>
        <objectVersion>1</objectVersion>
        <creationTime>2015-01-15T08:18:23</creationTime>
        <name>from Feyzin Gare to Feyzin Gare</name>
        <startOfLink>TCL:StopArea:39035</startOfLink>
        <endOfLink>TCL:StopArea:39034</endOfLink>
        <linkType>Overground</linkType>
        <defaultDuration>PT1M0S</defaultDuration>
    </ConnectionLink>
    <ConnectionLink>
        <objectId>TCL:ConnectionLink:40796_1143</objectId>
        <objectVersion>1</objectVersion>
        <creationTime>2015-01-15T08:18:23</creationTime>
        <name>from Hauts de Solaize to Hauts de Solaize</name>
        <startOfLink>TCL:StopArea:40796</startOfLink>
        <endOfLink>TCL:StopArea:1143</endOfLink>
        <linkType>Overground</linkType>
        <defaultDuration>PT1M0S</defaultDuration>
    </ConnectionLink>
    <ConnectionLink>
        <objectId>TCL:ConnectionLink:43421_43420</objectId>
        <objectVersion>1</objectVersion>
        <creationTime>2015-01-15T08:18:23</creationTime>
        <name>from Bellecombe to Bellecombe</name>
        <startOfLink>TCL:StopArea:43421</startOfLink>
        <endOfLink>TCL:StopArea:43420</endOfLink>
        <linkType>Overground</linkType>
        <defaultDuration>PT1M0S</defaultDuration>
    </ConnectionLink>
    <ConnectionLink>
        <objectId>TCL:ConnectionLink:45803_43422</objectId>
        <objectVersion>1</objectVersion>
        <creationTime>2015-01-15T08:18:23</creationTime>
        <name>from Yves Chauvin to Yves Chauvin</name>
        <startOfLink>TCL:StopArea:45803</startOfLink>
        <endOfLink>TCL:StopArea:43422</endOfLink>
        <linkType>Overground</linkType>
        <defaultDuration>PT1M0S</defaultDuration>
    </ConnectionLink>
    <ConnectionLink>
        <objectId>TCL:ConnectionLink:46725_46724</objectId>
        <objectVersion>1</objectVersion>
        <creationTime>2015-01-15T08:18:23</creationTime>
        <name>from Solaize Campus to Solaize Campus</name>
        <startOfLink>TCL:StopArea:46725</startOfLink>
        <endOfLink>TCL:StopArea:46724</endOfLink>
        <linkType>Overground</linkType>
        <defaultDuration>PT1M0S</defaultDuration>
    </ConnectionLink>
    <Timetable>
        <objectId>TCL:Timetable:GE2A-050AM</objectId>
        <objectVersion>4</objectVersion>
        <creationTime>2015-01-15T00:04:24</creationTime>
        <creatorId>chouette</creatorId>
        <version>GE2A-050AM</version>
        <period>
            <startOfPeriod>2019-11-06</startOfPeriod>
            <endOfPeriod>2020-01-03</endOfPeriod>
        </period>
        <dayType>Monday</dayType>
        <dayType>Tuesday</dayType>
        <dayType>Wednesday</dayType>
        <dayType>Thursday</dayType>
        <dayType>Friday</dayType>
        <vehicleJourneyId>TCL:VehicleJourney:GE2A_14_1_050AM_011002</vehicleJourneyId>
        <vehicleJourneyId>TCL:VehicleJourney:GE2A_14_1_050AM_011005</vehicleJourneyId>
        <vehicleJourneyId>TCL:VehicleJourney:GE2A_14_1_050AM_011008</vehicleJourneyId>
        <vehicleJourneyId>TCL:VehicleJourney:GE2A_14_1_050AM_011011</vehicleJourneyId>
        <vehicleJourneyId>TCL:VehicleJourney:GE2A_14_1_050AM_011014</vehicleJourneyId>
        <vehicleJourneyId>TCL:VehicleJourney:GE2A_14_1_050AM_012004</vehicleJourneyId>
        <vehicleJourneyId>TCL:VehicleJourney:GE2A_14_1_050AM_012007</vehicleJourneyId>
        <vehicleJourneyId>TCL:VehicleJourney:GE2A_14_1_050AM_012010</vehicleJourneyId>
        <vehicleJourneyId>TCL:VehicleJourney:GE2A_14_1_050AM_012013</vehicleJourneyId>
        <vehicleJourneyId>TCL:VehicleJourney:GE2A_14_1_050AM_012016</vehicleJourneyId>
        <comment>GE2A-050AM</comment>
    </Timetable>
    <ChouetteLineDescription>
        <Line>
            <objectId>TCL:Line:GE2A</objectId>
            <objectVersion>4</objectVersion>
            <creationTime>2015-01-14T22:57:22</creationTime>
            <creatorId>chouette</creatorId>
            <name>Bus GE2</name>
            <transportModeName>Bus</transportModeName>
            <lineEnd>TCL:StopPoint:7301</lineEnd>
            <lineEnd>TCL:StopPoint:7302</lineEnd>
            <lineEnd>TCL:StopPoint:6449</lineEnd>
            <lineEnd>TCL:StopPoint:6450</lineEnd>
            <routeId>TCL:Route:GE2Aa1</routeId>
            <registration>
                <registrationNumber>GE2A</registrationNumber>
            </registration>
            <ptNetworkIdShortcut>TCL:GroupOfLine:TCL</ptNetworkIdShortcut>
            <LineExtension>
                <mobilityRestrictedSuitability>true</mobilityRestrictedSuitability>
            </LineExtension>
        </Line>
        <ChouetteRoute>
            <objectId>TCL:Route:GE2Aa1</objectId>
            <objectVersion>5</objectVersion>
            <creationTime>2015-01-14T22:56:40</creationTime>
            <creatorId>chouette</creatorId>
            <name>ALLER</name>
            <publishedName>GE2Aa1</publishedName>
            <number>GE2Aa1</number>
            <direction>A</direction>
            <ptLinkId>TCL:PtLink:6449A7295</ptLinkId>
            <ptLinkId>TCL:PtLink:7295A1135</ptLinkId>
            <ptLinkId>TCL:PtLink:1135A411</ptLinkId>
            <ptLinkId>TCL:PtLink:411A8505</ptLinkId>
            <ptLinkId>TCL:PtLink:8505A7299</ptLinkId>
            <ptLinkId>TCL:PtLink:7299A7302</ptLinkId>
            <journeyPatternId>TCL:JourneyPattern:GE2A_14_1_050AM_01</journeyPatternId>
            <comment>GE2Aa1</comment>
        </ChouetteRoute>
        <StopPoint>
            <objectId>TCL:StopPoint:7301</objectId>
            <objectVersion>2</objectVersion>
            <creationTime>2015-01-14T22:27:54</creationTime>
            <creatorId>chouette</creatorId>
            <longitude>4.831204036078</longitude>
            <latitude>45.65023799174</latitude>
            <longLatType>WGS84</longLatType>
            <containedIn>TCL:StopArea:43423</containedIn>
            <name>Solaize CRES</name>
        </StopPoint>
        <StopPoint>
            <objectId>TCL:StopPoint:7302</objectId>
            <objectVersion>2</objectVersion>
            <creationTime>2015-01-14T22:27:54</creationTime>
            <creatorId>chouette</creatorId>
            <longitude>4.831204036078</longitude>
            <latitude>45.65023799174</latitude>
            <longLatType>WGS84</longLatType>
            <containedIn>TCL:StopArea:43423</containedIn>
            <name>Solaize CRES</name>
        </StopPoint>
        <StopPoint>
            <objectId>TCL:StopPoint:7763</objectId>
            <objectVersion>2</objectVersion>
            <creationTime>2015-01-14T22:27:54</creationTime>
            <creatorId>chouette</creatorId>
            <longitude>4.829633692572</longitude>
            <latitude>45.648394505153</latitude>
            <longLatType>WGS84</longLatType>
            <containedIn>TCL:StopArea:45803</containedIn>
            <name>Yves Chauvin</name>
        </StopPoint>
        <StopPoint>
            <objectId>TCL:StopPoint:7764</objectId>
            <objectVersion>2</objectVersion>
            <creationTime>2015-01-14T22:27:54</creationTime>
            <creatorId>chouette</creatorId>
            <longitude>4.829633692572</longitude>
            <latitude>45.648394505153</latitude>
            <longLatType>WGS84</longLatType>
            <containedIn>TCL:StopArea:45803</containedIn>
            <name>Yves Chauvin</name>
        </StopPoint>
        <StopPoint>
            <objectId>TCL:StopPoint:8507</objectId>
            <objectVersion>2</objectVersion>
            <creationTime>2015-01-14T22:27:54</creationTime>
            <creatorId>chouette</creatorId>
            <longitude>4.826658990008</longitude>
            <latitude>45.644625026926</latitude>
            <longLatType>WGS84</longLatType>
            <containedIn>TCL:StopArea:46725</containedIn>
            <name>Solaize Campus</name>
        </StopPoint>
        <StopPoint>
            <objectId>TCL:StopPoint:8508</objectId>
            <objectVersion>2</objectVersion>
            <creationTime>2015-01-14T22:27:54</creationTime>
            <creatorId>chouette</creatorId>
            <longitude>4.826658990008</longitude>
            <latitude>45.644625026926</latitude>
            <longLatType>WGS84</longLatType>
            <containedIn>TCL:StopArea:46725</containedIn>
            <name>Solaize Campus</name>
        </StopPoint>
        <StopPoint>
            <objectId>TCL:StopPoint:413</objectId>
            <objectVersion>2</objectVersion>
            <creationTime>2015-01-14T22:27:54</creationTime>
            <creatorId>chouette</creatorId>
            <longitude>4.837758940463</longitude>
            <latitude>45.641616985713</latitude>
            <longLatType>WGS84</longLatType>
            <containedIn>TCL:StopArea:398</containedIn>
            <name>Chantabeau</name>
        </StopPoint>
        <StopPoint>
            <objectId>TCL:StopPoint:414</objectId>
            <objectVersion>2</objectVersion>
            <creationTime>2015-01-14T22:27:54</creationTime>
            <creatorId>chouette</creatorId>
            <longitude>4.837758940463</longitude>
            <latitude>45.641616985713</latitude>
            <longLatType>WGS84</longLatType>
            <containedIn>TCL:StopArea:398</containedIn>
            <name>Chantabeau</name>
        </StopPoint>
        <StopPoint>
            <objectId>TCL:StopPoint:6729</objectId>
            <objectVersion>2</objectVersion>
            <creationTime>2015-01-14T22:27:54</creationTime>
            <creatorId>chouette</creatorId>
            <longitude>4.842178775824</longitude>
            <latitude>45.645432364391</latitude>
            <longLatType>WGS84</longLatType>
            <containedIn>TCL:StopArea:40796</containedIn>
            <name>Hauts de Solaize</name>
        </StopPoint>
        <StopPoint>
            <objectId>TCL:StopPoint:6730</objectId>
            <objectVersion>2</objectVersion>
            <creationTime>2015-01-14T22:27:54</creationTime>
            <creatorId>chouette</creatorId>
            <longitude>4.842178775824</longitude>
            <latitude>45.645432364391</latitude>
            <longLatType>WGS84</longLatType>
            <containedIn>TCL:StopArea:40796</containedIn>
            <name>Hauts de Solaize</name>
        </StopPoint>
        <StopPoint>
            <objectId>TCL:StopPoint:7297</objectId>
            <objectVersion>2</objectVersion>
            <creationTime>2015-01-14T22:27:54</creationTime>
            <creatorId>chouette</creatorId>
            <longitude>4.845006147383</longitude>
            <latitude>45.648060440666</latitude>
            <longLatType>WGS84</longLatType>
            <containedIn>TCL:StopArea:43421</containedIn>
            <name>Bellecombe</name>
        </StopPoint>
        <StopPoint>
            <objectId>TCL:StopPoint:7298</objectId>
            <objectVersion>2</objectVersion>
            <creationTime>2015-01-14T22:27:54</creationTime>
            <creatorId>chouette</creatorId>
            <longitude>4.845006147383</longitude>
            <latitude>45.648060440666</latitude>
            <longLatType>WGS84</longLatType>
            <containedIn>TCL:StopArea:43421</containedIn>
            <name>Bellecombe</name>
        </StopPoint>
        <StopPoint>
            <objectId>TCL:StopPoint:6451</objectId>
            <objectVersion>2</objectVersion>
            <creationTime>2015-01-14T22:27:54</creationTime>
            <creatorId>chouette</creatorId>
            <longitude>4.853609455335</longitude>
            <latitude>45.66586986121</latitude>
            <longLatType>WGS84</longLatType>
            <containedIn>TCL:StopArea:39035</containedIn>
            <name>Feyzin Gare</name>
        </StopPoint>
        <StopPoint>
            <objectId>TCL:StopPoint:6452</objectId>
            <objectVersion>2</objectVersion>
            <creationTime>2015-01-14T22:27:54</creationTime>
            <creatorId>chouette</creatorId>
            <longitude>4.853609455335</longitude>
            <latitude>45.66586986121</latitude>
            <longLatType>WGS84</longLatType>
            <containedIn>TCL:StopArea:39035</containedIn>
            <name>Feyzin Gare</name>
        </StopPoint>
        <StopPoint>
            <objectId>TCL:StopPoint:6449</objectId>
            <objectVersion>2</objectVersion>
            <creationTime>2015-01-14T22:27:54</creationTime>
            <creatorId>chouette</creatorId>
            <longitude>4.85345400833</longitude>
            <latitude>45.665558310281</latitude>
            <longLatType>WGS84</longLatType>
            <containedIn>TCL:StopArea:39034</containedIn>
            <name>Feyzin Gare</name>
        </StopPoint>
        <StopPoint>
            <objectId>TCL:StopPoint:6450</objectId>
            <objectVersion>2</objectVersion>
            <creationTime>2015-01-14T22:27:54</creationTime>
            <creatorId>chouette</creatorId>
            <longitude>4.85345400833</longitude>
            <latitude>45.665558310281</latitude>
            <longLatType>WGS84</longLatType>
            <containedIn>TCL:StopArea:39034</containedIn>
            <name>Feyzin Gare</name>
        </StopPoint>
        <StopPoint>
            <objectId>TCL:StopPoint:7295</objectId>
            <objectVersion>2</objectVersion>
            <creationTime>2015-01-14T22:27:54</creationTime>
            <creatorId>chouette</creatorId>
            <longitude>4.845134050297</longitude>
            <latitude>45.648660022836</latitude>
            <longLatType>WGS84</longLatType>
            <containedIn>TCL:StopArea:43420</containedIn>
            <name>Bellecombe</name>
        </StopPoint>
        <StopPoint>
            <objectId>TCL:StopPoint:7296</objectId>
            <objectVersion>2</objectVersion>
            <creationTime>2015-01-14T22:27:54</creationTime>
            <creatorId>chouette</creatorId>
            <longitude>4.845134050297</longitude>
            <latitude>45.648660022836</latitude>
            <longLatType>WGS84</longLatType>
            <containedIn>TCL:StopArea:43420</containedIn>
            <name>Bellecombe</name>
        </StopPoint>
        <StopPoint>
            <objectId>TCL:StopPoint:1135</objectId>
            <objectVersion>2</objectVersion>
            <creationTime>2015-01-14T22:27:54</creationTime>
            <creatorId>chouette</creatorId>
            <longitude>4.84217045166</longitude>
            <latitude>45.645531562761</latitude>
            <longLatType>WGS84</longLatType>
            <containedIn>TCL:StopArea:1143</containedIn>
            <name>Hauts de Solaize</name>
        </StopPoint>
        <StopPoint>
            <objectId>TCL:StopPoint:1136</objectId>
            <objectVersion>2</objectVersion>
            <creationTime>2015-01-14T22:27:54</creationTime>
            <creatorId>chouette</creatorId>
            <longitude>4.84217045166</longitude>
            <latitude>45.645531562761</latitude>
            <longLatType>WGS84</longLatType>
            <containedIn>TCL:StopArea:1143</containedIn>
            <name>Hauts de Solaize</name>
        </StopPoint>
        <StopPoint>
            <objectId>TCL:StopPoint:411</objectId>
            <objectVersion>2</objectVersion>
            <creationTime>2015-01-14T22:27:54</creationTime>
            <creatorId>chouette</creatorId>
            <longitude>4.837606024972</longitude>
            <latitude>45.64151895694</latitude>
            <longLatType>WGS84</longLatType>
            <containedIn>TCL:StopArea:397</containedIn>
            <name>Chantabeau</name>
        </StopPoint>
        <StopPoint>
            <objectId>TCL:StopPoint:412</objectId>
            <objectVersion>2</objectVersion>
            <creationTime>2015-01-14T22:27:54</creationTime>
            <creatorId>chouette</creatorId>
            <longitude>4.837606024972</longitude>
            <latitude>45.64151895694</latitude>
            <longLatType>WGS84</longLatType>
            <containedIn>TCL:StopArea:397</containedIn>
            <name>Chantabeau</name>
        </StopPoint>
        <StopPoint>
            <objectId>TCL:StopPoint:8505</objectId>
            <objectVersion>2</objectVersion>
            <creationTime>2015-01-14T22:27:54</creationTime>
            <creatorId>chouette</creatorId>
            <longitude>4.826710034678</longitude>
            <latitude>45.644613001267</latitude>
            <longLatType>WGS84</longLatType>
            <containedIn>TCL:StopArea:46724</containedIn>
            <name>Solaize Campus</name>
        </StopPoint>
        <StopPoint>
            <objectId>TCL:StopPoint:8506</objectId>
            <objectVersion>2</objectVersion>
            <creationTime>2015-01-14T22:27:54</creationTime>
            <creatorId>chouette</creatorId>
            <longitude>4.826710034678</longitude>
            <latitude>45.644613001267</latitude>
            <longLatType>WGS84</longLatType>
            <containedIn>TCL:StopArea:46724</containedIn>
            <name>Solaize Campus</name>
        </StopPoint>
        <StopPoint>
            <objectId>TCL:StopPoint:7299</objectId>
            <objectVersion>2</objectVersion>
            <creationTime>2015-01-14T22:27:54</creationTime>
            <creatorId>chouette</creatorId>
            <longitude>4.82960195064</longitude>
            <latitude>45.648260195293</latitude>
            <longLatType>WGS84</longLatType>
            <containedIn>TCL:StopArea:43422</containedIn>
            <name>Yves Chauvin</name>
        </StopPoint>
        <StopPoint>
            <objectId>TCL:StopPoint:7300</objectId>
            <objectVersion>2</objectVersion>
            <creationTime>2015-01-14T22:27:54</creationTime>
            <creatorId>chouette</creatorId>
            <longitude>4.82960195064</longitude>
            <latitude>45.648260195293</latitude>
            <longLatType>WGS84</longLatType>
            <containedIn>TCL:StopArea:43422</containedIn>
            <name>Yves Chauvin</name>
        </StopPoint>
        <PtLink>
            <objectId>TCL:PtLink:6449A7295</objectId>
            <objectVersion>1</objectVersion>
            <creationTime>2015-01-15T08:42:56</creationTime>
            <startOfLink>TCL:StopPoint:6449</startOfLink>
            <endOfLink>TCL:StopPoint:7295</endOfLink>
        </PtLink>
        <PtLink>
            <objectId>TCL:PtLink:7295A1135</objectId>
            <objectVersion>1</objectVersion>
            <creationTime>2015-01-15T08:42:56</creationTime>
            <startOfLink>TCL:StopPoint:7295</startOfLink>
            <endOfLink>TCL:StopPoint:1135</endOfLink>
        </PtLink>
        <PtLink>
            <objectId>TCL:PtLink:1135A411</objectId>
            <objectVersion>1</objectVersion>
            <creationTime>2015-01-15T08:42:56</creationTime>
            <startOfLink>TCL:StopPoint:1135</startOfLink>
            <endOfLink>TCL:StopPoint:411</endOfLink>
        </PtLink>
        <PtLink>
            <objectId>TCL:PtLink:411A8505</objectId>
            <objectVersion>1</objectVersion>
            <creationTime>2015-01-15T08:42:56</creationTime>
            <startOfLink>TCL:StopPoint:411</startOfLink>
            <endOfLink>TCL:StopPoint:8505</endOfLink>
        </PtLink>
        <PtLink>
            <objectId>TCL:PtLink:8505A7299</objectId>
            <objectVersion>1</objectVersion>
            <creationTime>2015-01-15T08:42:56</creationTime>
            <startOfLink>TCL:StopPoint:8505</startOfLink>
            <endOfLink>TCL:StopPoint:7299</endOfLink>
        </PtLink>
        <PtLink>
            <objectId>TCL:PtLink:7299A7302</objectId>
            <objectVersion>1</objectVersion>
            <creationTime>2015-01-15T08:42:56</creationTime>
            <startOfLink>TCL:StopPoint:7299</startOfLink>
            <endOfLink>TCL:StopPoint:7302</endOfLink>
        </PtLink>
        <JourneyPattern>
            <objectId>TCL:JourneyPattern:GE2A_14_1_050AM_01</objectId>
            <objectVersion>12</objectVersion>
            <creationTime>2015-01-15T00:18:11</creationTime>
            <creatorId>chouette</creatorId>
            <name>GE2A_14_1_050AM_01</name>
            <publishedName></publishedName>
            <routeId>TCL:Route:GE2Aa1</routeId>
            <origin>TCL:StopPoint:6449</origin>
            <destination>TCL:StopPoint:7302</destination>
            <stopPointList>TCL:StopPoint:6449</stopPointList>
            <stopPointList>TCL:StopPoint:7295</stopPointList>
            <stopPointList>TCL:StopPoint:1135</stopPointList>
            <stopPointList>TCL:StopPoint:411</stopPointList>
            <stopPointList>TCL:StopPoint:8505</stopPointList>
            <stopPointList>TCL:StopPoint:7299</stopPointList>
            <stopPointList>TCL:StopPoint:7302</stopPointList>
            <lineIdShortcut>TCL:Line:GE2A</lineIdShortcut>
            <comment></comment>
        </JourneyPattern>
        <VehicleJourney>
            <objectId>TCL:VehicleJourney:GE2A_14_1_050AM_011002</objectId>
            <objectVersion>6</objectVersion>
            <creationTime>2015-01-14T23:15:04</creationTime>
            <creatorId>chouette</creatorId>
            <routeId>TCL:Route:GE2Aa1</routeId>
            <journeyPatternId>TCL:JourneyPattern:GE2A_14_1_050AM_01</journeyPatternId>
            <transportMode>Other</transportMode>
            <operatorId>TCL:Company:1</operatorId>
            <number>011002</number>
            <vehicleJourneyAtStop>
                <stopPointId>TCL:StopPoint:6449</stopPointId>
                <vehicleJourneyId>TCL:VehicleJourney:GE2A_14_1_050AM_011002</vehicleJourneyId>
                <arrivalTime>06:45:00</arrivalTime>
                <departureTime>06:45:00</departureTime>
                <order>1</order>
            </vehicleJourneyAtStop>
            <vehicleJourneyAtStop>
                <stopPointId>TCL:StopPoint:7295</stopPointId>
                <vehicleJourneyId>TCL:VehicleJourney:GE2A_14_1_050AM_011002</vehicleJourneyId>
                <arrivalTime>06:52:00</arrivalTime>
                <departureTime>06:52:00</departureTime>
                <order>1</order>
            </vehicleJourneyAtStop>
            <vehicleJourneyAtStop>
                <stopPointId>TCL:StopPoint:1135</stopPointId>
                <vehicleJourneyId>TCL:VehicleJourney:GE2A_14_1_050AM_011002</vehicleJourneyId>
                <arrivalTime>06:53:00</arrivalTime>
                <departureTime>06:53:00</departureTime>
                <order>1</order>
            </vehicleJourneyAtStop>
            <vehicleJourneyAtStop>
                <stopPointId>TCL:StopPoint:411</stopPointId>
                <vehicleJourneyId>TCL:VehicleJourney:GE2A_14_1_050AM_011002</vehicleJourneyId>
                <arrivalTime>06:54:00</arrivalTime>
                <departureTime>06:54:00</departureTime>
                <order>1</order>
            </vehicleJourneyAtStop>
            <vehicleJourneyAtStop>
                <stopPointId>TCL:StopPoint:8505</stopPointId>
                <vehicleJourneyId>TCL:VehicleJourney:GE2A_14_1_050AM_011002</vehicleJourneyId>
                <arrivalTime>06:58:00</arrivalTime>
                <departureTime>06:58:00</departureTime>
                <order>1</order>
            </vehicleJourneyAtStop>
            <vehicleJourneyAtStop>
                <stopPointId>TCL:StopPoint:7299</stopPointId>
                <vehicleJourneyId>TCL:VehicleJourney:GE2A_14_1_050AM_011002</vehicleJourneyId>
                <arrivalTime>06:59:00</arrivalTime>
                <departureTime>06:59:00</departureTime>
                <order>1</order>
            </vehicleJourneyAtStop>
            <vehicleJourneyAtStop>
                <stopPointId>TCL:StopPoint:7302</stopPointId>
                <vehicleJourneyId>TCL:VehicleJourney:GE2A_14_1_050AM_011002</vehicleJourneyId>
                <arrivalTime>07:00:00</arrivalTime>
                <departureTime>07:00:00</departureTime>
                <order>1</order>
            </vehicleJourneyAtStop>
        </VehicleJourney>
        <VehicleJourney>
            <objectId>TCL:VehicleJourney:GE2A_14_1_050AM_011005</objectId>
            <objectVersion>6</objectVersion>
            <creationTime>2015-01-14T23:15:04</creationTime>
            <creatorId>chouette</creatorId>
            <routeId>TCL:Route:GE2Aa1</routeId>
            <journeyPatternId>TCL:JourneyPattern:GE2A_14_1_050AM_01</journeyPatternId>
            <transportMode>Other</transportMode>
            <operatorId>TCL:Company:1</operatorId>
            <number>011005</number>
            <vehicleJourneyAtStop>
                <stopPointId>TCL:StopPoint:6449</stopPointId>
                <vehicleJourneyId>TCL:VehicleJourney:GE2A_14_1_050AM_011005</vehicleJourneyId>
                <arrivalTime>07:10:00</arrivalTime>
                <departureTime>07:10:00</departureTime>
                <order>1</order>
            </vehicleJourneyAtStop>
            <vehicleJourneyAtStop>
                <stopPointId>TCL:StopPoint:7295</stopPointId>
                <vehicleJourneyId>TCL:VehicleJourney:GE2A_14_1_050AM_011005</vehicleJourneyId>
                <arrivalTime>07:17:00</arrivalTime>
                <departureTime>07:17:00</departureTime>
                <order>1</order>
            </vehicleJourneyAtStop>
            <vehicleJourneyAtStop>
                <stopPointId>TCL:StopPoint:1135</stopPointId>
                <vehicleJourneyId>TCL:VehicleJourney:GE2A_14_1_050AM_011005</vehicleJourneyId>
                <arrivalTime>07:18:00</arrivalTime>
                <departureTime>07:18:00</departureTime>
                <order>1</order>
            </vehicleJourneyAtStop>
            <vehicleJourneyAtStop>
                <stopPointId>TCL:StopPoint:411</stopPointId>
                <vehicleJourneyId>TCL:VehicleJourney:GE2A_14_1_050AM_011005</vehicleJourneyId>
                <arrivalTime>07:19:00</arrivalTime>
                <departureTime>07:19:00</departureTime>
                <order>1</order>
            </vehicleJourneyAtStop>
            <vehicleJourneyAtStop>
                <stopPointId>TCL:StopPoint:8505</stopPointId>
                <vehicleJourneyId>TCL:VehicleJourney:GE2A_14_1_050AM_011005</vehicleJourneyId>
                <arrivalTime>07:23:00</arrivalTime>
                <departureTime>07:23:00</departureTime>
                <order>1</order>
            </vehicleJourneyAtStop>
            <vehicleJourneyAtStop>
                <stopPointId>TCL:StopPoint:7299</stopPointId>
                <vehicleJourneyId>TCL:VehicleJourney:GE2A_14_1_050AM_011005</vehicleJourneyId>
                <arrivalTime>07:24:00</arrivalTime>
                <departureTime>07:24:00</departureTime>
                <order>1</order>
            </vehicleJourneyAtStop>
            <vehicleJourneyAtStop>
                <stopPointId>TCL:StopPoint:7302</stopPointId>
                <vehicleJourneyId>TCL:VehicleJourney:GE2A_14_1_050AM_011005</vehicleJourneyId>
                <arrivalTime>07:25:00</arrivalTime>
                <departureTime>07:25:00</departureTime>
                <order>1</order>
            </vehicleJourneyAtStop>
        </VehicleJourney>
        <VehicleJourney>
            <objectId>TCL:VehicleJourney:GE2A_14_1_050AM_011008</objectId>
            <objectVersion>6</objectVersion>
            <creationTime>2015-01-14T23:15:04</creationTime>
            <creatorId>chouette</creatorId>
            <routeId>TCL:Route:GE2Aa1</routeId>
            <journeyPatternId>TCL:JourneyPattern:GE2A_14_1_050AM_01</journeyPatternId>
            <transportMode>Other</transportMode>
            <operatorId>TCL:Company:1</operatorId>
            <number>011008</number>
            <vehicleJourneyAtStop>
                <stopPointId>TCL:StopPoint:6449</stopPointId>
                <vehicleJourneyId>TCL:VehicleJourney:GE2A_14_1_050AM_011008</vehicleJourneyId>
                <arrivalTime>07:40:00</arrivalTime>
                <departureTime>07:40:00</departureTime>
                <order>1</order>
            </vehicleJourneyAtStop>
            <vehicleJourneyAtStop>
                <stopPointId>TCL:StopPoint:7295</stopPointId>
                <vehicleJourneyId>TCL:VehicleJourney:GE2A_14_1_050AM_011008</vehicleJourneyId>
                <arrivalTime>07:47:00</arrivalTime>
                <departureTime>07:47:00</departureTime>
                <order>1</order>
            </vehicleJourneyAtStop>
            <vehicleJourneyAtStop>
                <stopPointId>TCL:StopPoint:1135</stopPointId>
                <vehicleJourneyId>TCL:VehicleJourney:GE2A_14_1_050AM_011008</vehicleJourneyId>
                <arrivalTime>07:48:00</arrivalTime>
                <departureTime>07:48:00</departureTime>
                <order>1</order>
            </vehicleJourneyAtStop>
            <vehicleJourneyAtStop>
                <stopPointId>TCL:StopPoint:411</stopPointId>
                <vehicleJourneyId>TCL:VehicleJourney:GE2A_14_1_050AM_011008</vehicleJourneyId>
                <arrivalTime>07:49:00</arrivalTime>
                <departureTime>07:49:00</departureTime>
                <order>1</order>
            </vehicleJourneyAtStop>
            <vehicleJourneyAtStop>
                <stopPointId>TCL:StopPoint:8505</stopPointId>
                <vehicleJourneyId>TCL:VehicleJourney:GE2A_14_1_050AM_011008</vehicleJourneyId>
                <arrivalTime>07:53:00</arrivalTime>
                <departureTime>07:53:00</departureTime>
                <order>1</order>
            </vehicleJourneyAtStop>
            <vehicleJourneyAtStop>
                <stopPointId>TCL:StopPoint:7299</stopPointId>
                <vehicleJourneyId>TCL:VehicleJourney:GE2A_14_1_050AM_011008</vehicleJourneyId>
                <arrivalTime>07:54:00</arrivalTime>
                <departureTime>07:54:00</departureTime>
                <order>1</order>
            </vehicleJourneyAtStop>
            <vehicleJourneyAtStop>
                <stopPointId>TCL:StopPoint:7302</stopPointId>
                <vehicleJourneyId>TCL:VehicleJourney:GE2A_14_1_050AM_011008</vehicleJourneyId>
                <arrivalTime>07:55:00</arrivalTime>
                <departureTime>07:55:00</departureTime>
                <order>1</order>
            </vehicleJourneyAtStop>
        </VehicleJourney>
        <VehicleJourney>
            <objectId>TCL:VehicleJourney:GE2A_14_1_050AM_011011</objectId>
            <objectVersion>6</objectVersion>
            <creationTime>2015-01-14T23:15:04</creationTime>
            <creatorId>chouette</creatorId>
            <routeId>TCL:Route:GE2Aa1</routeId>
            <journeyPatternId>TCL:JourneyPattern:GE2A_14_1_050AM_01</journeyPatternId>
            <transportMode>Other</transportMode>
            <operatorId>TCL:Company:1</operatorId>
            <number>011011</number>
            <vehicleJourneyAtStop>
                <stopPointId>TCL:StopPoint:6449</stopPointId>
                <vehicleJourneyId>TCL:VehicleJourney:GE2A_14_1_050AM_011011</vehicleJourneyId>
                <arrivalTime>08:10:00</arrivalTime>
                <departureTime>08:10:00</departureTime>
                <order>1</order>
            </vehicleJourneyAtStop>
            <vehicleJourneyAtStop>
                <stopPointId>TCL:StopPoint:7295</stopPointId>
                <vehicleJourneyId>TCL:VehicleJourney:GE2A_14_1_050AM_011011</vehicleJourneyId>
                <arrivalTime>08:17:00</arrivalTime>
                <departureTime>08:17:00</departureTime>
                <order>1</order>
            </vehicleJourneyAtStop>
            <vehicleJourneyAtStop>
                <stopPointId>TCL:StopPoint:1135</stopPointId>
                <vehicleJourneyId>TCL:VehicleJourney:GE2A_14_1_050AM_011011</vehicleJourneyId>
                <arrivalTime>08:18:00</arrivalTime>
                <departureTime>08:18:00</departureTime>
                <order>1</order>
            </vehicleJourneyAtStop>
            <vehicleJourneyAtStop>
                <stopPointId>TCL:StopPoint:411</stopPointId>
                <vehicleJourneyId>TCL:VehicleJourney:GE2A_14_1_050AM_011011</vehicleJourneyId>
                <arrivalTime>08:19:00</arrivalTime>
                <departureTime>08:19:00</departureTime>
                <order>1</order>
            </vehicleJourneyAtStop>
            <vehicleJourneyAtStop>
                <stopPointId>TCL:StopPoint:8505</stopPointId>
                <vehicleJourneyId>TCL:VehicleJourney:GE2A_14_1_050AM_011011</vehicleJourneyId>
                <arrivalTime>08:23:00</arrivalTime>
                <departureTime>08:23:00</departureTime>
                <order>1</order>
            </vehicleJourneyAtStop>
            <vehicleJourneyAtStop>
                <stopPointId>TCL:StopPoint:7299</stopPointId>
                <vehicleJourneyId>TCL:VehicleJourney:GE2A_14_1_050AM_011011</vehicleJourneyId>
                <arrivalTime>08:24:00</arrivalTime>
                <departureTime>08:24:00</departureTime>
                <order>1</order>
            </vehicleJourneyAtStop>
            <vehicleJourneyAtStop>
                <stopPointId>TCL:StopPoint:7302</stopPointId>
                <vehicleJourneyId>TCL:VehicleJourney:GE2A_14_1_050AM_011011</vehicleJourneyId>
                <arrivalTime>08:25:00</arrivalTime>
                <departureTime>08:25:00</departureTime>
                <order>1</order>
            </vehicleJourneyAtStop>
        </VehicleJourney>
        <VehicleJourney>
            <objectId>TCL:VehicleJourney:GE2A_14_1_050AM_011014</objectId>
            <objectVersion>6</objectVersion>
            <creationTime>2015-01-14T23:15:04</creationTime>
            <creatorId>chouette</creatorId>
            <routeId>TCL:Route:GE2Aa1</routeId>
            <journeyPatternId>TCL:JourneyPattern:GE2A_14_1_050AM_01</journeyPatternId>
            <transportMode>Other</transportMode>
            <operatorId>TCL:Company:1</operatorId>
            <number>011014</number>
            <vehicleJourneyAtStop>
                <stopPointId>TCL:StopPoint:6449</stopPointId>
                <vehicleJourneyId>TCL:VehicleJourney:GE2A_14_1_050AM_011014</vehicleJourneyId>
                <arrivalTime>08:40:00</arrivalTime>
                <departureTime>08:40:00</departureTime>
                <order>1</order>
            </vehicleJourneyAtStop>
            <vehicleJourneyAtStop>
                <stopPointId>TCL:StopPoint:7295</stopPointId>
                <vehicleJourneyId>TCL:VehicleJourney:GE2A_14_1_050AM_011014</vehicleJourneyId>
                <arrivalTime>08:44:00</arrivalTime>
                <departureTime>08:44:00</departureTime>
                <order>1</order>
            </vehicleJourneyAtStop>
            <vehicleJourneyAtStop>
                <stopPointId>TCL:StopPoint:1135</stopPointId>
                <vehicleJourneyId>TCL:VehicleJourney:GE2A_14_1_050AM_011014</vehicleJourneyId>
                <arrivalTime>08:45:00</arrivalTime>
                <departureTime>08:45:00</departureTime>
                <order>1</order>
            </vehicleJourneyAtStop>
            <vehicleJourneyAtStop>
                <stopPointId>TCL:StopPoint:411</stopPointId>
                <vehicleJourneyId>TCL:VehicleJourney:GE2A_14_1_050AM_011014</vehicleJourneyId>
                <arrivalTime>08:46:00</arrivalTime>
                <departureTime>08:46:00</departureTime>
                <order>1</order>
            </vehicleJourneyAtStop>
            <vehicleJourneyAtStop>
                <stopPointId>TCL:StopPoint:8505</stopPointId>
                <vehicleJourneyId>TCL:VehicleJourney:GE2A_14_1_050AM_011014</vehicleJourneyId>
                <arrivalTime>08:48:00</arrivalTime>
                <departureTime>08:48:00</departureTime>
                <order>1</order>
            </vehicleJourneyAtStop>
            <vehicleJourneyAtStop>
                <stopPointId>TCL:StopPoint:7299</stopPointId>
                <vehicleJourneyId>TCL:VehicleJourney:GE2A_14_1_050AM_011014</vehicleJourneyId>
                <arrivalTime>08:49:00</arrivalTime>
                <departureTime>08:49:00</departureTime>
                <order>1</order>
            </vehicleJourneyAtStop>
            <vehicleJourneyAtStop>
                <stopPointId>TCL:StopPoint:7302</stopPointId>
                <vehicleJourneyId>TCL:VehicleJourney:GE2A_14_1_050AM_011014</vehicleJourneyId>
                <arrivalTime>08:50:00</arrivalTime>
                <departureTime>08:50:00</departureTime>
                <order>1</order>
            </vehicleJourneyAtStop>
        </VehicleJourney>
        <VehicleJourney>
            <objectId>TCL:VehicleJourney:GE2A_14_1_050AM_012004</objectId>
            <objectVersion>6</objectVersion>
            <creationTime>2015-01-14T23:15:04</creationTime>
            <creatorId>chouette</creatorId>
            <routeId>TCL:Route:GE2Aa1</routeId>
            <journeyPatternId>TCL:JourneyPattern:GE2A_14_1_050AM_01</journeyPatternId>
            <transportMode>Other</transportMode>
            <operatorId>TCL:Company:1</operatorId>
            <number>012004</number>
            <vehicleJourneyAtStop>
                <stopPointId>TCL:StopPoint:6449</stopPointId>
                <vehicleJourneyId>TCL:VehicleJourney:GE2A_14_1_050AM_012004</vehicleJourneyId>
                <arrivalTime>16:46:00</arrivalTime>
                <departureTime>16:46:00</departureTime>
                <order>1</order>
            </vehicleJourneyAtStop>
            <vehicleJourneyAtStop>
                <stopPointId>TCL:StopPoint:7295</stopPointId>
                <vehicleJourneyId>TCL:VehicleJourney:GE2A_14_1_050AM_012004</vehicleJourneyId>
                <arrivalTime>16:53:00</arrivalTime>
                <departureTime>16:53:00</departureTime>
                <order>1</order>
            </vehicleJourneyAtStop>
            <vehicleJourneyAtStop>
                <stopPointId>TCL:StopPoint:1135</stopPointId>
                <vehicleJourneyId>TCL:VehicleJourney:GE2A_14_1_050AM_012004</vehicleJourneyId>
                <arrivalTime>16:54:00</arrivalTime>
                <departureTime>16:54:00</departureTime>
                <order>1</order>
            </vehicleJourneyAtStop>
            <vehicleJourneyAtStop>
                <stopPointId>TCL:StopPoint:411</stopPointId>
                <vehicleJourneyId>TCL:VehicleJourney:GE2A_14_1_050AM_012004</vehicleJourneyId>
                <arrivalTime>16:55:00</arrivalTime>
                <departureTime>16:55:00</departureTime>
                <order>1</order>
            </vehicleJourneyAtStop>
            <vehicleJourneyAtStop>
                <stopPointId>TCL:StopPoint:8505</stopPointId>
                <vehicleJourneyId>TCL:VehicleJourney:GE2A_14_1_050AM_012004</vehicleJourneyId>
                <arrivalTime>16:58:00</arrivalTime>
                <departureTime>16:58:00</departureTime>
                <order>1</order>
            </vehicleJourneyAtStop>
            <vehicleJourneyAtStop>
                <stopPointId>TCL:StopPoint:7299</stopPointId>
                <vehicleJourneyId>TCL:VehicleJourney:GE2A_14_1_050AM_012004</vehicleJourneyId>
                <arrivalTime>16:59:00</arrivalTime>
                <departureTime>16:59:00</departureTime>
                <order>1</order>
            </vehicleJourneyAtStop>
            <vehicleJourneyAtStop>
                <stopPointId>TCL:StopPoint:7302</stopPointId>
                <vehicleJourneyId>TCL:VehicleJourney:GE2A_14_1_050AM_012004</vehicleJourneyId>
                <arrivalTime>17:00:00</arrivalTime>
                <departureTime>17:00:00</departureTime>
                <order>1</order>
            </vehicleJourneyAtStop>
        </VehicleJourney>
        <VehicleJourney>
            <objectId>TCL:VehicleJourney:GE2A_14_1_050AM_012007</objectId>
            <objectVersion>6</objectVersion>
            <creationTime>2015-01-14T23:15:04</creationTime>
            <creatorId>chouette</creatorId>
            <routeId>TCL:Route:GE2Aa1</routeId>
            <journeyPatternId>TCL:JourneyPattern:GE2A_14_1_050AM_01</journeyPatternId>
            <transportMode>Other</transportMode>
            <operatorId>TCL:Company:1</operatorId>
            <number>012007</number>
            <vehicleJourneyAtStop>
                <stopPointId>TCL:StopPoint:6449</stopPointId>
                <vehicleJourneyId>TCL:VehicleJourney:GE2A_14_1_050AM_012007</vehicleJourneyId>
                <arrivalTime>17:16:00</arrivalTime>
                <departureTime>17:16:00</departureTime>
                <order>1</order>
            </vehicleJourneyAtStop>
            <vehicleJourneyAtStop>
                <stopPointId>TCL:StopPoint:7295</stopPointId>
                <vehicleJourneyId>TCL:VehicleJourney:GE2A_14_1_050AM_012007</vehicleJourneyId>
                <arrivalTime>17:23:00</arrivalTime>
                <departureTime>17:23:00</departureTime>
                <order>1</order>
            </vehicleJourneyAtStop>
            <vehicleJourneyAtStop>
                <stopPointId>TCL:StopPoint:1135</stopPointId>
                <vehicleJourneyId>TCL:VehicleJourney:GE2A_14_1_050AM_012007</vehicleJourneyId>
                <arrivalTime>17:24:00</arrivalTime>
                <departureTime>17:24:00</departureTime>
                <order>1</order>
            </vehicleJourneyAtStop>
            <vehicleJourneyAtStop>
                <stopPointId>TCL:StopPoint:411</stopPointId>
                <vehicleJourneyId>TCL:VehicleJourney:GE2A_14_1_050AM_012007</vehicleJourneyId>
                <arrivalTime>17:25:00</arrivalTime>
                <departureTime>17:25:00</departureTime>
                <order>1</order>
            </vehicleJourneyAtStop>
            <vehicleJourneyAtStop>
                <stopPointId>TCL:StopPoint:8505</stopPointId>
                <vehicleJourneyId>TCL:VehicleJourney:GE2A_14_1_050AM_012007</vehicleJourneyId>
                <arrivalTime>17:28:00</arrivalTime>
                <departureTime>17:28:00</departureTime>
                <order>1</order>
            </vehicleJourneyAtStop>
            <vehicleJourneyAtStop>
                <stopPointId>TCL:StopPoint:7299</stopPointId>
                <vehicleJourneyId>TCL:VehicleJourney:GE2A_14_1_050AM_012007</vehicleJourneyId>
                <arrivalTime>17:29:00</arrivalTime>
                <departureTime>17:29:00</departureTime>
                <order>1</order>
            </vehicleJourneyAtStop>
            <vehicleJourneyAtStop>
                <stopPointId>TCL:StopPoint:7302</stopPointId>
                <vehicleJourneyId>TCL:VehicleJourney:GE2A_14_1_050AM_012007</vehicleJourneyId>
                <arrivalTime>17:30:00</arrivalTime>
                <departureTime>17:30:00</departureTime>
                <order>1</order>
            </vehicleJourneyAtStop>
        </VehicleJourney>
        <VehicleJourney>
            <objectId>TCL:VehicleJourney:GE2A_14_1_050AM_012010</objectId>
            <objectVersion>6</objectVersion>
            <creationTime>2015-01-14T23:15:04</creationTime>
            <creatorId>chouette</creatorId>
            <routeId>TCL:Route:GE2Aa1</routeId>
            <journeyPatternId>TCL:JourneyPattern:GE2A_14_1_050AM_01</journeyPatternId>
            <transportMode>Other</transportMode>
            <operatorId>TCL:Company:1</operatorId>
            <number>012010</number>
            <vehicleJourneyAtStop>
                <stopPointId>TCL:StopPoint:6449</stopPointId>
                <vehicleJourneyId>TCL:VehicleJourney:GE2A_14_1_050AM_012010</vehicleJourneyId>
                <arrivalTime>17:46:00</arrivalTime>
                <departureTime>17:46:00</departureTime>
                <order>1</order>
            </vehicleJourneyAtStop>
            <vehicleJourneyAtStop>
                <stopPointId>TCL:StopPoint:7295</stopPointId>
                <vehicleJourneyId>TCL:VehicleJourney:GE2A_14_1_050AM_012010</vehicleJourneyId>
                <arrivalTime>17:53:00</arrivalTime>
                <departureTime>17:53:00</departureTime>
                <order>1</order>
            </vehicleJourneyAtStop>
            <vehicleJourneyAtStop>
                <stopPointId>TCL:StopPoint:1135</stopPointId>
                <vehicleJourneyId>TCL:VehicleJourney:GE2A_14_1_050AM_012010</vehicleJourneyId>
                <arrivalTime>17:54:00</arrivalTime>
                <departureTime>17:54:00</departureTime>
                <order>1</order>
            </vehicleJourneyAtStop>
            <vehicleJourneyAtStop>
                <stopPointId>TCL:StopPoint:411</stopPointId>
                <vehicleJourneyId>TCL:VehicleJourney:GE2A_14_1_050AM_012010</vehicleJourneyId>
                <arrivalTime>17:55:00</arrivalTime>
                <departureTime>17:55:00</departureTime>
                <order>1</order>
            </vehicleJourneyAtStop>
            <vehicleJourneyAtStop>
                <stopPointId>TCL:StopPoint:8505</stopPointId>
                <vehicleJourneyId>TCL:VehicleJourney:GE2A_14_1_050AM_012010</vehicleJourneyId>
                <arrivalTime>17:58:00</arrivalTime>
                <departureTime>17:58:00</departureTime>
                <order>1</order>
            </vehicleJourneyAtStop>
            <vehicleJourneyAtStop>
                <stopPointId>TCL:StopPoint:7299</stopPointId>
                <vehicleJourneyId>TCL:VehicleJourney:GE2A_14_1_050AM_012010</vehicleJourneyId>
                <arrivalTime>17:59:00</arrivalTime>
                <departureTime>17:59:00</departureTime>
                <order>1</order>
            </vehicleJourneyAtStop>
            <vehicleJourneyAtStop>
                <stopPointId>TCL:StopPoint:7302</stopPointId>
                <vehicleJourneyId>TCL:VehicleJourney:GE2A_14_1_050AM_012010</vehicleJourneyId>
                <arrivalTime>18:00:00</arrivalTime>
                <departureTime>18:00:00</departureTime>
                <order>1</order>
            </vehicleJourneyAtStop>
        </VehicleJourney>
        <VehicleJourney>
            <objectId>TCL:VehicleJourney:GE2A_14_1_050AM_012013</objectId>
            <objectVersion>6</objectVersion>
            <creationTime>2015-01-14T23:15:04</creationTime>
            <creatorId>chouette</creatorId>
            <routeId>TCL:Route:GE2Aa1</routeId>
            <journeyPatternId>TCL:JourneyPattern:GE2A_14_1_050AM_01</journeyPatternId>
            <transportMode>Other</transportMode>
            <operatorId>TCL:Company:1</operatorId>
            <number>012013</number>
            <vehicleJourneyAtStop>
                <stopPointId>TCL:StopPoint:6449</stopPointId>
                <vehicleJourneyId>TCL:VehicleJourney:GE2A_14_1_050AM_012013</vehicleJourneyId>
                <arrivalTime>18:16:00</arrivalTime>
                <departureTime>18:16:00</departureTime>
                <order>1</order>
            </vehicleJourneyAtStop>
            <vehicleJourneyAtStop>
                <stopPointId>TCL:StopPoint:7295</stopPointId>
                <vehicleJourneyId>TCL:VehicleJourney:GE2A_14_1_050AM_012013</vehicleJourneyId>
                <arrivalTime>18:23:00</arrivalTime>
                <departureTime>18:23:00</departureTime>
                <order>1</order>
            </vehicleJourneyAtStop>
            <vehicleJourneyAtStop>
                <stopPointId>TCL:StopPoint:1135</stopPointId>
                <vehicleJourneyId>TCL:VehicleJourney:GE2A_14_1_050AM_012013</vehicleJourneyId>
                <arrivalTime>18:24:00</arrivalTime>
                <departureTime>18:24:00</departureTime>
                <order>1</order>
            </vehicleJourneyAtStop>
            <vehicleJourneyAtStop>
                <stopPointId>TCL:StopPoint:411</stopPointId>
                <vehicleJourneyId>TCL:VehicleJourney:GE2A_14_1_050AM_012013</vehicleJourneyId>
                <arrivalTime>18:25:00</arrivalTime>
                <departureTime>18:25:00</departureTime>
                <order>1</order>
            </vehicleJourneyAtStop>
            <vehicleJourneyAtStop>
                <stopPointId>TCL:StopPoint:8505</stopPointId>
                <vehicleJourneyId>TCL:VehicleJourney:GE2A_14_1_050AM_012013</vehicleJourneyId>
                <arrivalTime>18:28:00</arrivalTime>
                <departureTime>18:28:00</departureTime>
                <order>1</order>
            </vehicleJourneyAtStop>
            <vehicleJourneyAtStop>
                <stopPointId>TCL:StopPoint:7299</stopPointId>
                <vehicleJourneyId>TCL:VehicleJourney:GE2A_14_1_050AM_012013</vehicleJourneyId>
                <arrivalTime>18:29:00</arrivalTime>
                <departureTime>18:29:00</departureTime>
                <order>1</order>
            </vehicleJourneyAtStop>
            <vehicleJourneyAtStop>
                <stopPointId>TCL:StopPoint:7302</stopPointId>
                <vehicleJourneyId>TCL:VehicleJourney:GE2A_14_1_050AM_012013</vehicleJourneyId>
                <arrivalTime>18:30:00</arrivalTime>
                <departureTime>18:30:00</departureTime>
                <order>1</order>
            </vehicleJourneyAtStop>
        </VehicleJourney>
        <VehicleJourney>
            <objectId>TCL:VehicleJourney:GE2A_14_1_050AM_012016</objectId>
            <objectVersion>6</objectVersion>
            <creationTime>2015-01-14T23:15:04</creationTime>
            <creatorId>chouette</creatorId>
            <routeId>TCL:Route:GE2Aa1</routeId>
            <journeyPatternId>TCL:JourneyPattern:GE2A_14_1_050AM_01</journeyPatternId>
            <transportMode>Other</transportMode>
            <operatorId>TCL:Company:1</operatorId>
            <number>012016</number>
            <vehicleJourneyAtStop>
                <stopPointId>TCL:StopPoint:6449</stopPointId>
                <vehicleJourneyId>TCL:VehicleJourney:GE2A_14_1_050AM_012016</vehicleJourneyId>
                <arrivalTime>18:46:00</arrivalTime>
                <departureTime>18:46:00</departureTime>
                <order>1</order>
            </vehicleJourneyAtStop>
            <vehicleJourneyAtStop>
                <stopPointId>TCL:StopPoint:7295</stopPointId>
                <vehicleJourneyId>TCL:VehicleJourney:GE2A_14_1_050AM_012016</vehicleJourneyId>
                <arrivalTime>18:53:00</arrivalTime>
                <departureTime>18:53:00</departureTime>
                <order>1</order>
            </vehicleJourneyAtStop>
            <vehicleJourneyAtStop>
                <stopPointId>TCL:StopPoint:1135</stopPointId>
                <vehicleJourneyId>TCL:VehicleJourney:GE2A_14_1_050AM_012016</vehicleJourneyId>
                <arrivalTime>18:54:00</arrivalTime>
                <departureTime>18:54:00</departureTime>
                <order>1</order>
            </vehicleJourneyAtStop>
            <vehicleJourneyAtStop>
                <stopPointId>TCL:StopPoint:411</stopPointId>
                <vehicleJourneyId>TCL:VehicleJourney:GE2A_14_1_050AM_012016</vehicleJourneyId>
                <arrivalTime>18:55:00</arrivalTime>
                <departureTime>18:55:00</departureTime>
                <order>1</order>
            </vehicleJourneyAtStop>
            <vehicleJourneyAtStop>
                <stopPointId>TCL:StopPoint:8505</stopPointId>
                <vehicleJourneyId>TCL:VehicleJourney:GE2A_14_1_050AM_012016</vehicleJourneyId>
                <arrivalTime>18:58:00</arrivalTime>
                <departureTime>18:58:00</departureTime>
                <order>1</order>
            </vehicleJourneyAtStop>
            <vehicleJourneyAtStop>
                <stopPointId>TCL:StopPoint:7299</stopPointId>
                <vehicleJourneyId>TCL:VehicleJourney:GE2A_14_1_050AM_012016</vehicleJourneyId>
                <arrivalTime>18:59:00</arrivalTime>
                <departureTime>18:59:00</departureTime>
                <order>1</order>
            </vehicleJourneyAtStop>
            <vehicleJourneyAtStop>
                <stopPointId>TCL:StopPoint:7302</stopPointId>
                <vehicleJourneyId>TCL:VehicleJourney:GE2A_14_1_050AM_012016</vehicleJourneyId>
                <arrivalTime>19:00:00</arrivalTime>
                <departureTime>19:00:00</departureTime>
                <order>1</order>
            </vehicleJourneyAtStop>
        </VehicleJourney>
    </ChouetteLineDescription>
</ChouettePTNetwork>
