<?xml version="1.0" encoding="UTF-8" standalone="yes"?>
<ChouettePTNetwork xmlns="http://www.trident.org/schema/trident" xmlns:acsb="http://www.ifopt.org.uk/acsb" xmlns:siri="http://www.siri.org.uk/siri">
    <PTNetwork>
        <objectId>TCL:GroupOfLine:TCL</objectId>
        <objectVersion>1</objectVersion>
        <creationTime>2015-01-14T22:01:59</creationTime>
        <versionDate>2015-01-14</versionDate>
        <name>TCL</name>
        <registration>
            <registrationNumber>TCL</registrationNumber>
        </registration>
        <sourceName>GTFS</sourceName>
        <lineId>TCL:Line:ZI7A</lineId>
    </PTNetwork>
    <Company>
        <objectId>TCL:Company:1</objectId>
        <objectVersion>1</objectVersion>
        <creationTime>2015-01-14T22:01:59</creationTime>
        <name>TCL SYTRAL</name>
        <phone>01.01.01.01.01</phone>
        <registration>
            <registrationNumber>1</registrationNumber>
        </registration>
    </Company>
    <ChouetteArea>
        <StopArea>
            <objectId>TCL:StopArea:37169</objectId>
            <objectVersion>1</objectVersion>
            <creationTime>2015-01-15T08:18:23</creationTime>
            <name>Vaulx-en-Velin La Soie</name>
            <contains>TCL:StopPoint:6277</contains>
            <contains>TCL:StopPoint:6278</contains>
            <centroidOfArea>TCL:AreaCentroid:37169</centroidOfArea>
            <StopAreaExtension>
                <areaType>BoardingPosition</areaType>
                <fareCode>0</fareCode>
                <mobilityRestrictedSuitability>1</mobilityRestrictedSuitability>
            </StopAreaExtension>
        </StopArea>
        <StopArea>
            <objectId>TCL:StopArea:S5564</objectId>
            <objectVersion>1</objectVersion>
            <creationTime>2015-01-15T08:18:23</creationTime>
            <name>Vaulx-en-Velin La Soie</name>
            <contains>TCL:StopArea:37169</contains>
            <centroidOfArea>TCL:AreaCentroid:S5564</centroidOfArea>
            <StopAreaExtension>
                <areaType>CommercialStopPoint</areaType>
                <fareCode>0</fareCode>
                <mobilityRestrictedSuitability>0</mobilityRestrictedSuitability>
            </StopAreaExtension>
        </StopArea>
        <StopArea>
            <objectId>TCL:StopArea:11275</objectId>
            <objectVersion>1</objectVersion>
            <creationTime>2015-01-15T08:18:23</creationTime>
            <name>Parc du Chene</name>
            <contains>TCL:StopPoint:4187</contains>
            <contains>TCL:StopPoint:4188</contains>
            <centroidOfArea>TCL:AreaCentroid:11275</centroidOfArea>
            <StopAreaExtension>
                <areaType>BoardingPosition</areaType>
                <fareCode>0</fareCode>
                <mobilityRestrictedSuitability>1</mobilityRestrictedSuitability>
            </StopAreaExtension>
        </StopArea>
        <StopArea>
            <objectId>TCL:StopArea:S20482</objectId>
            <objectVersion>1</objectVersion>
            <creationTime>2015-01-15T08:18:23</creationTime>
            <name>Parc du Chene</name>
            <contains>TCL:StopArea:11275</contains>
            <contains>TCL:StopArea:11276</contains>
            <centroidOfArea>TCL:AreaCentroid:S20482</centroidOfArea>
            <StopAreaExtension>
                <areaType>CommercialStopPoint</areaType>
                <fareCode>0</fareCode>
                <mobilityRestrictedSuitability>0</mobilityRestrictedSuitability>
            </StopAreaExtension>
        </StopArea>
        <StopArea>
            <objectId>TCL:StopArea:30031</objectId>
            <objectVersion>1</objectVersion>
            <creationTime>2015-01-15T08:18:23</creationTime>
            <name>General Benoist</name>
            <contains>TCL:StopPoint:4715</contains>
            <contains>TCL:StopPoint:4716</contains>
            <centroidOfArea>TCL:AreaCentroid:30031</centroidOfArea>
            <StopAreaExtension>
                <areaType>BoardingPosition</areaType>
                <fareCode>0</fareCode>
                <mobilityRestrictedSuitability>1</mobilityRestrictedSuitability>
            </StopAreaExtension>
        </StopArea>
        <StopArea>
            <objectId>TCL:StopArea:S20009</objectId>
            <objectVersion>1</objectVersion>
            <creationTime>2015-01-15T08:18:23</creationTime>
            <name>General Benoist</name>
            <contains>TCL:StopArea:30031</contains>
            <contains>TCL:StopArea:47387</contains>
            <centroidOfArea>TCL:AreaCentroid:S20009</centroidOfArea>
            <StopAreaExtension>
                <areaType>CommercialStopPoint</areaType>
                <fareCode>0</fareCode>
                <mobilityRestrictedSuitability>0</mobilityRestrictedSuitability>
            </StopAreaExtension>
        </StopArea>
        <StopArea>
            <objectId>TCL:StopArea:30033</objectId>
            <objectVersion>1</objectVersion>
            <creationTime>2015-01-15T08:18:23</creationTime>
            <name>Bron Aviation</name>
            <contains>TCL:StopPoint:4717</contains>
            <contains>TCL:StopPoint:4718</contains>
            <centroidOfArea>TCL:AreaCentroid:30033</centroidOfArea>
            <StopAreaExtension>
                <areaType>BoardingPosition</areaType>
                <fareCode>0</fareCode>
                <mobilityRestrictedSuitability>1</mobilityRestrictedSuitability>
            </StopAreaExtension>
        </StopArea>
        <StopArea>
            <objectId>TCL:StopArea:S20010</objectId>
            <objectVersion>1</objectVersion>
            <creationTime>2015-01-15T08:18:23</creationTime>
            <name>Bron Aviation</name>
            <contains>TCL:StopArea:30033</contains>
            <contains>TCL:StopArea:30034</contains>
            <centroidOfArea>TCL:AreaCentroid:S20010</centroidOfArea>
            <StopAreaExtension>
                <areaType>CommercialStopPoint</areaType>
                <fareCode>0</fareCode>
                <mobilityRestrictedSuitability>0</mobilityRestrictedSuitability>
            </StopAreaExtension>
        </StopArea>
        <StopArea>
            <objectId>TCL:StopArea:3453</objectId>
            <objectVersion>1</objectVersion>
            <creationTime>2015-01-15T08:18:23</creationTime>
            <name>Bron Droits de l'Homme</name>
            <contains>TCL:StopPoint:3343</contains>
            <contains>TCL:StopPoint:3344</contains>
            <centroidOfArea>TCL:AreaCentroid:3453</centroidOfArea>
            <StopAreaExtension>
                <areaType>BoardingPosition</areaType>
                <fareCode>0</fareCode>
                <mobilityRestrictedSuitability>0</mobilityRestrictedSuitability>
            </StopAreaExtension>
        </StopArea>
        <StopArea>
            <objectId>TCL:StopArea:S11674</objectId>
            <objectVersion>1</objectVersion>
            <creationTime>2015-01-15T08:18:23</creationTime>
            <name>Bron Droits de l'Homme</name>
            <contains>TCL:StopArea:3453</contains>
            <centroidOfArea>TCL:AreaCentroid:S11674</centroidOfArea>
            <StopAreaExtension>
                <areaType>CommercialStopPoint</areaType>
                <fareCode>0</fareCode>
                <mobilityRestrictedSuitability>0</mobilityRestrictedSuitability>
            </StopAreaExtension>
        </StopArea>
        <StopArea>
            <objectId>TCL:StopArea:30034</objectId>
            <objectVersion>1</objectVersion>
            <creationTime>2015-01-15T08:18:23</creationTime>
            <name>Bron Aviation</name>
            <contains>TCL:StopPoint:4719</contains>
            <contains>TCL:StopPoint:4720</contains>
            <centroidOfArea>TCL:AreaCentroid:30034</centroidOfArea>
            <StopAreaExtension>
                <areaType>BoardingPosition</areaType>
                <fareCode>0</fareCode>
                <mobilityRestrictedSuitability>1</mobilityRestrictedSuitability>
            </StopAreaExtension>
        </StopArea>
        <StopArea>
            <objectId>TCL:StopArea:47387</objectId>
            <objectVersion>1</objectVersion>
            <creationTime>2015-01-15T08:18:23</creationTime>
            <name>General Benoist</name>
            <contains>TCL:StopPoint:9015</contains>
            <contains>TCL:StopPoint:9016</contains>
            <centroidOfArea>TCL:AreaCentroid:47387</centroidOfArea>
            <StopAreaExtension>
                <areaType>BoardingPosition</areaType>
                <fareCode>0</fareCode>
                <mobilityRestrictedSuitability>1</mobilityRestrictedSuitability>
            </StopAreaExtension>
        </StopArea>
        <StopArea>
            <objectId>TCL:StopArea:11276</objectId>
            <objectVersion>1</objectVersion>
            <creationTime>2015-01-15T08:18:23</creationTime>
            <name>Parc du Chene</name>
            <contains>TCL:StopPoint:4189</contains>
            <contains>TCL:StopPoint:4190</contains>
            <centroidOfArea>TCL:AreaCentroid:11276</centroidOfArea>
            <StopAreaExtension>
                <areaType>BoardingPosition</areaType>
                <fareCode>0</fareCode>
                <mobilityRestrictedSuitability>1</mobilityRestrictedSuitability>
            </StopAreaExtension>
        </StopArea>
        <AreaCentroid>
            <objectId>TCL:AreaCentroid:37169</objectId>
            <objectVersion>1</objectVersion>
            <creationTime>2015-01-15T08:18:23</creationTime>
            <longitude>4.922512030111</longitude>
            <latitude>45.761475017846</latitude>
            <longLatType>WGS84</longLatType>
            <containedIn>TCL:StopArea:37169</containedIn>
            <name>Vaulx-en-Velin La Soie</name>
        </AreaCentroid>
        <AreaCentroid>
            <objectId>TCL:AreaCentroid:S5564</objectId>
            <objectVersion>1</objectVersion>
            <creationTime>2015-01-15T08:18:23</creationTime>
            <longitude>4.9213915298565505</longitude>
            <latitude>45.761124188332346</latitude>
            <longLatType>WGS84</longLatType>
            <containedIn>TCL:StopArea:S5564</containedIn>
            <name>Vaulx-en-Velin La Soie</name>
        </AreaCentroid>
        <AreaCentroid>
            <objectId>TCL:AreaCentroid:11275</objectId>
            <objectVersion>1</objectVersion>
            <creationTime>2015-01-15T08:18:23</creationTime>
            <longitude>4.926859984948</longitude>
            <latitude>45.738985544413</latitude>
            <longLatType>WGS84</longLatType>
            <containedIn>TCL:StopArea:11275</containedIn>
            <name>Parc du Chene</name>
        </AreaCentroid>
        <AreaCentroid>
            <objectId>TCL:AreaCentroid:S20482</objectId>
            <objectVersion>1</objectVersion>
            <creationTime>2015-01-15T08:18:23</creationTime>
            <longitude>4.926635499265</longitude>
            <latitude>45.739016289290504</latitude>
            <longLatType>WGS84</longLatType>
            <containedIn>TCL:StopArea:S20482</containedIn>
            <name>Parc du Chene</name>
        </AreaCentroid>
        <AreaCentroid>
            <objectId>TCL:AreaCentroid:30031</objectId>
            <objectVersion>1</objectVersion>
            <creationTime>2015-01-15T08:18:23</creationTime>
            <longitude>4.929460691867</longitude>
            <latitude>45.738250374907</latitude>
            <longLatType>WGS84</longLatType>
            <containedIn>TCL:StopArea:30031</containedIn>
            <name>General Benoist</name>
        </AreaCentroid>
        <AreaCentroid>
            <objectId>TCL:AreaCentroid:S20009</objectId>
            <objectVersion>1</objectVersion>
            <creationTime>2015-01-15T08:18:23</creationTime>
            <longitude>4.92916732876</longitude>
            <latitude>45.7382556663025</latitude>
            <longLatType>WGS84</longLatType>
            <containedIn>TCL:StopArea:S20009</containedIn>
            <name>General Benoist</name>
        </AreaCentroid>
        <AreaCentroid>
            <objectId>TCL:AreaCentroid:30033</objectId>
            <objectVersion>1</objectVersion>
            <creationTime>2015-01-15T08:18:23</creationTime>
            <longitude>4.9305628228</longitude>
            <latitude>45.736541613824</latitude>
            <longLatType>WGS84</longLatType>
            <containedIn>TCL:StopArea:30033</containedIn>
            <name>Bron Aviation</name>
        </AreaCentroid>
        <AreaCentroid>
            <objectId>TCL:AreaCentroid:S20010</objectId>
            <objectVersion>1</objectVersion>
            <creationTime>2015-01-15T08:18:23</creationTime>
            <longitude>4.9306609375695</longitude>
            <latitude>45.736617299605</latitude>
            <longLatType>WGS84</longLatType>
            <containedIn>TCL:StopArea:S20010</containedIn>
            <name>Bron Aviation</name>
        </AreaCentroid>
        <AreaCentroid>
            <objectId>TCL:AreaCentroid:3453</objectId>
            <objectVersion>1</objectVersion>
            <creationTime>2015-01-15T08:18:23</creationTime>
            <longitude>4.931783232551</longitude>
            <latitude>45.734344020806</latitude>
            <longLatType>WGS84</longLatType>
            <containedIn>TCL:StopArea:3453</containedIn>
            <name>Bron Droits de l'Homme</name>
        </AreaCentroid>
        <AreaCentroid>
            <objectId>TCL:AreaCentroid:S11674</objectId>
            <objectVersion>1</objectVersion>
            <creationTime>2015-01-15T08:18:23</creationTime>
            <longitude>4.931475995006334</longitude>
            <latitude>45.73418909673634</latitude>
            <longLatType>WGS84</longLatType>
            <containedIn>TCL:StopArea:S11674</containedIn>
            <name>Bron Droits de l'Homme</name>
        </AreaCentroid>
        <AreaCentroid>
            <objectId>TCL:AreaCentroid:30034</objectId>
            <objectVersion>1</objectVersion>
            <creationTime>2015-01-15T08:18:23</creationTime>
            <longitude>4.930759052339</longitude>
            <latitude>45.736692985386</latitude>
            <longLatType>WGS84</longLatType>
            <containedIn>TCL:StopArea:30034</containedIn>
            <name>Bron Aviation</name>
        </AreaCentroid>
        <AreaCentroid>
            <objectId>TCL:AreaCentroid:47387</objectId>
            <objectVersion>1</objectVersion>
            <creationTime>2015-01-15T08:18:23</creationTime>
            <longitude>4.928873965653</longitude>
            <latitude>45.738260957698</latitude>
            <longLatType>WGS84</longLatType>
            <containedIn>TCL:StopArea:47387</containedIn>
            <name>General Benoist</name>
        </AreaCentroid>
        <AreaCentroid>
            <objectId>TCL:AreaCentroid:11276</objectId>
            <objectVersion>1</objectVersion>
            <creationTime>2015-01-15T08:18:23</creationTime>
            <longitude>4.926411013582</longitude>
            <latitude>45.739047034168</latitude>
            <longLatType>WGS84</longLatType>
            <containedIn>TCL:StopArea:11276</containedIn>
            <name>Parc du Chene</name>
        </AreaCentroid>
    </ChouetteArea>
    <ConnectionLink>
        <objectId>TCL:ConnectionLink:11275_11276</objectId>
        <objectVersion>1</objectVersion>
        <creationTime>2015-01-15T08:18:23</creationTime>
        <name>from Parc du Chene to Parc du Chene</name>
        <startOfLink>TCL:StopArea:11275</startOfLink>
        <endOfLink>TCL:StopArea:11276</endOfLink>
        <linkType>Overground</linkType>
        <defaultDuration>PT2M0S</defaultDuration>
    </ConnectionLink>
    <ConnectionLink>
        <objectId>TCL:ConnectionLink:30033_30034</objectId>
        <objectVersion>1</objectVersion>
        <creationTime>2015-01-15T08:18:23</creationTime>
        <name>from Bron Aviation to Bron Aviation</name>
        <startOfLink>TCL:StopArea:30033</startOfLink>
        <endOfLink>TCL:StopArea:30034</endOfLink>
        <linkType>Overground</linkType>
        <defaultDuration>PT2M0S</defaultDuration>
    </ConnectionLink>
    <ConnectionLink>
        <objectId>TCL:ConnectionLink:47387_30031</objectId>
        <objectVersion>1</objectVersion>
        <creationTime>2015-01-15T08:18:23</creationTime>
        <name>from General Benoist to General Benoist</name>
        <startOfLink>TCL:StopArea:47387</startOfLink>
        <endOfLink>TCL:StopArea:30031</endOfLink>
        <linkType>Overground</linkType>
        <defaultDuration>PT1M0S</defaultDuration>
    </ConnectionLink>
    <Timetable>
        <objectId>TCL:Timetable:ZI7A-012AM</objectId>
        <objectVersion>4</objectVersion>
        <creationTime>2015-01-15T00:04:24</creationTime>
        <creatorId>chouette</creatorId>
        <version>ZI7A-012AM</version>
        <period>
            <startOfPeriod>2019-11-06</startOfPeriod>
            <endOfPeriod>2020-01-03</endOfPeriod>
        </period>
        <dayType>Monday</dayType>
        <dayType>Tuesday</dayType>
        <dayType>Wednesday</dayType>
        <dayType>Thursday</dayType>
        <dayType>Friday</dayType>
        <vehicleJourneyId>TCL:VehicleJourney:ZI7A_5_1_012AM_011002</vehicleJourneyId>
        <vehicleJourneyId>TCL:VehicleJourney:ZI7A_5_1_012AM_011004</vehicleJourneyId>
        <vehicleJourneyId>TCL:VehicleJourney:ZI7A_5_2_012AM_012002</vehicleJourneyId>
        <vehicleJourneyId>TCL:VehicleJourney:ZI7A_5_2_012AM_012004</vehicleJourneyId>
        <comment>ZI7A-012AM</comment>
    </Timetable>
    <ChouetteLineDescription>
        <Line>
            <objectId>TCL:Line:ZI7A</objectId>
            <objectVersion>4</objectVersion>
            <creationTime>2015-01-14T22:57:22</creationTime>
            <creatorId>chouette</creatorId>
            <name>Bus ZI7</name>
            <transportModeName>Bus</transportModeName>
            <lineEnd>TCL:StopPoint:6277</lineEnd>
            <lineEnd>TCL:StopPoint:6278</lineEnd>
            <lineEnd>TCL:StopPoint:3343</lineEnd>
            <lineEnd>TCL:StopPoint:3344</lineEnd>
            <routeId>TCL:Route:ZI7Aa1</routeId>
            <routeId>TCL:Route:ZI7Ar2</routeId>
            <registration>
                <registrationNumber>ZI7A</registrationNumber>
            </registration>
            <ptNetworkIdShortcut>TCL:GroupOfLine:TCL</ptNetworkIdShortcut>
            <LineExtension>
                <mobilityRestrictedSuitability>true</mobilityRestrictedSuitability>
            </LineExtension>
        </Line>
        <ChouetteRoute>
            <objectId>TCL:Route:ZI7Aa1</objectId>
            <objectVersion>5</objectVersion>
            <creationTime>2015-01-14T22:56:40</creationTime>
            <creatorId>chouette</creatorId>
            <name>ALLER</name>
            <publishedName>ZI7Aa1</publishedName>
            <number>ZI7Aa1</number>
            <direction>A</direction>
            <ptLinkId>TCL:PtLink:6277A4187</ptLinkId>
            <ptLinkId>TCL:PtLink:4187A4715</ptLinkId>
            <ptLinkId>TCL:PtLink:4715A4717</ptLinkId>
            <ptLinkId>TCL:PtLink:4717A3344</ptLinkId>
            <journeyPatternId>TCL:JourneyPattern:ZI7A_5_1_012AM_01</journeyPatternId>
            <comment>ZI7Aa1</comment>
        </ChouetteRoute>
        <ChouetteRoute>
            <objectId>TCL:Route:ZI7Ar2</objectId>
            <objectVersion>5</objectVersion>
            <creationTime>2015-01-14T22:56:40</creationTime>
            <creatorId>chouette</creatorId>
            <name>RETOUR</name>
            <publishedName>ZI7Ar2</publishedName>
            <number>ZI7Ar2</number>
            <direction>R</direction>
            <ptLinkId>TCL:PtLink:3343A4720</ptLinkId>
            <ptLinkId>TCL:PtLink:4720A9016</ptLinkId>
            <ptLinkId>TCL:PtLink:9016A4190</ptLinkId>
            <ptLinkId>TCL:PtLink:4190A6278</ptLinkId>
            <journeyPatternId>TCL:JourneyPattern:ZI7A_5_2_012AM_01</journeyPatternId>
            <comment>ZI7Ar2</comment>
        </ChouetteRoute>
        <StopPoint>
            <objectId>TCL:StopPoint:6277</objectId>
            <objectVersion>2</objectVersion>
            <creationTime>2015-01-14T22:27:54</creationTime>
            <creatorId>chouette</creatorId>
            <longitude>4.922512030111</longitude>
            <latitude>45.761475017846</latitude>
            <longLatType>WGS84</longLatType>
            <containedIn>TCL:StopArea:37169</containedIn>
            <name>Vaulx-en-Velin La Soie</name>
        </StopPoint>
        <StopPoint>
            <objectId>TCL:StopPoint:6278</objectId>
            <objectVersion>2</objectVersion>
            <creationTime>2015-01-14T22:27:54</creationTime>
            <creatorId>chouette</creatorId>
            <longitude>4.922512030111</longitude>
            <latitude>45.761475017846</latitude>
            <longLatType>WGS84</longLatType>
            <containedIn>TCL:StopArea:37169</containedIn>
            <name>Vaulx-en-Velin La Soie</name>
        </StopPoint>
        <StopPoint>
            <objectId>TCL:StopPoint:4187</objectId>
            <objectVersion>2</objectVersion>
            <creationTime>2015-01-14T22:27:54</creationTime>
            <creatorId>chouette</creatorId>
            <longitude>4.926859984948</longitude>
            <latitude>45.738985544413</latitude>
            <longLatType>WGS84</longLatType>
            <containedIn>TCL:StopArea:11275</containedIn>
            <name>Parc du Chene</name>
        </StopPoint>
        <StopPoint>
            <objectId>TCL:StopPoint:4188</objectId>
            <objectVersion>2</objectVersion>
            <creationTime>2015-01-14T22:27:54</creationTime>
            <creatorId>chouette</creatorId>
            <longitude>4.926859984948</longitude>
            <latitude>45.738985544413</latitude>
            <longLatType>WGS84</longLatType>
            <containedIn>TCL:StopArea:11275</containedIn>
            <name>Parc du Chene</name>
        </StopPoint>
        <StopPoint>
            <objectId>TCL:StopPoint:4715</objectId>
            <objectVersion>2</objectVersion>
            <creationTime>2015-01-14T22:27:54</creationTime>
            <creatorId>chouette</creatorId>
            <longitude>4.929460691867</longitude>
            <latitude>45.738250374907</latitude>
            <longLatType>WGS84</longLatType>
            <containedIn>TCL:StopArea:30031</containedIn>
            <name>General Benoist</name>
        </StopPoint>
        <StopPoint>
            <objectId>TCL:StopPoint:4716</objectId>
            <objectVersion>2</objectVersion>
            <creationTime>2015-01-14T22:27:54</creationTime>
            <creatorId>chouette</creatorId>
            <longitude>4.929460691867</longitude>
            <latitude>45.738250374907</latitude>
            <longLatType>WGS84</longLatType>
            <containedIn>TCL:StopArea:30031</containedIn>
            <name>General Benoist</name>
        </StopPoint>
        <StopPoint>
            <objectId>TCL:StopPoint:4717</objectId>
            <objectVersion>2</objectVersion>
            <creationTime>2015-01-14T22:27:54</creationTime>
            <creatorId>chouette</creatorId>
            <longitude>4.9305628228</longitude>
            <latitude>45.736541613824</latitude>
            <longLatType>WGS84</longLatType>
            <containedIn>TCL:StopArea:30033</containedIn>
            <name>Bron Aviation</name>
        </StopPoint>
        <StopPoint>
            <objectId>TCL:StopPoint:4718</objectId>
            <objectVersion>2</objectVersion>
            <creationTime>2015-01-14T22:27:54</creationTime>
            <creatorId>chouette</creatorId>
            <longitude>4.9305628228</longitude>
            <latitude>45.736541613824</latitude>
            <longLatType>WGS84</longLatType>
            <containedIn>TCL:StopArea:30033</containedIn>
            <name>Bron Aviation</name>
        </StopPoint>
        <StopPoint>
            <objectId>TCL:StopPoint:3343</objectId>
            <objectVersion>2</objectVersion>
            <creationTime>2015-01-14T22:27:54</creationTime>
            <creatorId>chouette</creatorId>
            <longitude>4.931783232551</longitude>
            <latitude>45.734344020806</latitude>
            <longLatType>WGS84</longLatType>
            <containedIn>TCL:StopArea:3453</containedIn>
            <name>Bron Droits de l'Homme</name>
        </StopPoint>
        <StopPoint>
            <objectId>TCL:StopPoint:3344</objectId>
            <objectVersion>2</objectVersion>
            <creationTime>2015-01-14T22:27:54</creationTime>
            <creatorId>chouette</creatorId>
            <longitude>4.931783232551</longitude>
            <latitude>45.734344020806</latitude>
            <longLatType>WGS84</longLatType>
            <containedIn>TCL:StopArea:3453</containedIn>
            <name>Bron Droits de l'Homme</name>
        </StopPoint>
        <StopPoint>
            <objectId>TCL:StopPoint:4719</objectId>
            <objectVersion>2</objectVersion>
            <creationTime>2015-01-14T22:27:54</creationTime>
            <creatorId>chouette</creatorId>
            <longitude>4.930759052339</longitude>
            <latitude>45.736692985386</latitude>
            <longLatType>WGS84</longLatType>
            <containedIn>TCL:StopArea:30034</containedIn>
            <name>Bron Aviation</name>
        </StopPoint>
        <StopPoint>
            <objectId>TCL:StopPoint:4720</objectId>
            <objectVersion>2</objectVersion>
            <creationTime>2015-01-14T22:27:54</creationTime>
            <creatorId>chouette</creatorId>
            <longitude>4.930759052339</longitude>
            <latitude>45.736692985386</latitude>
            <longLatType>WGS84</longLatType>
            <containedIn>TCL:StopArea:30034</containedIn>
            <name>Bron Aviation</name>
        </StopPoint>
        <StopPoint>
            <objectId>TCL:StopPoint:9015</objectId>
            <objectVersion>2</objectVersion>
            <creationTime>2015-01-14T22:27:54</creationTime>
            <creatorId>chouette</creatorId>
            <longitude>4.928873965653</longitude>
            <latitude>45.738260957698</latitude>
            <longLatType>WGS84</longLatType>
            <containedIn>TCL:StopArea:47387</containedIn>
            <name>General Benoist</name>
        </StopPoint>
        <StopPoint>
            <objectId>TCL:StopPoint:9016</objectId>
            <objectVersion>2</objectVersion>
            <creationTime>2015-01-14T22:27:54</creationTime>
            <creatorId>chouette</creatorId>
            <longitude>4.928873965653</longitude>
            <latitude>45.738260957698</latitude>
            <longLatType>WGS84</longLatType>
            <containedIn>TCL:StopArea:47387</containedIn>
            <name>General Benoist</name>
        </StopPoint>
        <StopPoint>
            <objectId>TCL:StopPoint:4189</objectId>
            <objectVersion>2</objectVersion>
            <creationTime>2015-01-14T22:27:54</creationTime>
            <creatorId>chouette</creatorId>
            <longitude>4.926411013582</longitude>
            <latitude>45.739047034168</latitude>
            <longLatType>WGS84</longLatType>
            <containedIn>TCL:StopArea:11276</containedIn>
            <name>Parc du Chene</name>
        </StopPoint>
        <StopPoint>
            <objectId>TCL:StopPoint:4190</objectId>
            <objectVersion>2</objectVersion>
            <creationTime>2015-01-14T22:27:54</creationTime>
            <creatorId>chouette</creatorId>
            <longitude>4.926411013582</longitude>
            <latitude>45.739047034168</latitude>
            <longLatType>WGS84</longLatType>
            <containedIn>TCL:StopArea:11276</containedIn>
            <name>Parc du Chene</name>
        </StopPoint>
        <PtLink>
            <objectId>TCL:PtLink:6277A4187</objectId>
            <objectVersion>1</objectVersion>
            <creationTime>2015-01-15T08:42:56</creationTime>
            <startOfLink>TCL:StopPoint:6277</startOfLink>
            <endOfLink>TCL:StopPoint:4187</endOfLink>
        </PtLink>
        <PtLink>
            <objectId>TCL:PtLink:4187A4715</objectId>
            <objectVersion>1</objectVersion>
            <creationTime>2015-01-15T08:42:56</creationTime>
            <startOfLink>TCL:StopPoint:4187</startOfLink>
            <endOfLink>TCL:StopPoint:4715</endOfLink>
        </PtLink>
        <PtLink>
            <objectId>TCL:PtLink:4715A4717</objectId>
            <objectVersion>1</objectVersion>
            <creationTime>2015-01-15T08:42:56</creationTime>
            <startOfLink>TCL:StopPoint:4715</startOfLink>
            <endOfLink>TCL:StopPoint:4717</endOfLink>
        </PtLink>
        <PtLink>
            <objectId>TCL:PtLink:4717A3344</objectId>
            <objectVersion>1</objectVersion>
            <creationTime>2015-01-15T08:42:56</creationTime>
            <startOfLink>TCL:StopPoint:4717</startOfLink>
            <endOfLink>TCL:StopPoint:3344</endOfLink>
        </PtLink>
        <PtLink>
            <objectId>TCL:PtLink:3343A4720</objectId>
            <objectVersion>1</objectVersion>
            <creationTime>2015-01-15T08:42:56</creationTime>
            <startOfLink>TCL:StopPoint:3343</startOfLink>
            <endOfLink>TCL:StopPoint:4720</endOfLink>
        </PtLink>
        <PtLink>
            <objectId>TCL:PtLink:4720A9016</objectId>
            <objectVersion>1</objectVersion>
            <creationTime>2015-01-15T08:42:56</creationTime>
            <startOfLink>TCL:StopPoint:4720</startOfLink>
            <endOfLink>TCL:StopPoint:9016</endOfLink>
        </PtLink>
        <PtLink>
            <objectId>TCL:PtLink:9016A4190</objectId>
            <objectVersion>1</objectVersion>
            <creationTime>2015-01-15T08:42:56</creationTime>
            <startOfLink>TCL:StopPoint:9016</startOfLink>
            <endOfLink>TCL:StopPoint:4190</endOfLink>
        </PtLink>
        <PtLink>
            <objectId>TCL:PtLink:4190A6278</objectId>
            <objectVersion>1</objectVersion>
            <creationTime>2015-01-15T08:42:56</creationTime>
            <startOfLink>TCL:StopPoint:4190</startOfLink>
            <endOfLink>TCL:StopPoint:6278</endOfLink>
        </PtLink>
        <JourneyPattern>
            <objectId>TCL:JourneyPattern:ZI7A_5_1_012AM_01</objectId>
            <objectVersion>12</objectVersion>
            <creationTime>2015-01-15T00:18:11</creationTime>
            <creatorId>chouette</creatorId>
            <name>ZI7A_5_1_012AM_01</name>
            <publishedName></publishedName>
            <routeId>TCL:Route:ZI7Aa1</routeId>
            <origin>TCL:StopPoint:6277</origin>
            <destination>TCL:StopPoint:3344</destination>
            <stopPointList>TCL:StopPoint:6277</stopPointList>
            <stopPointList>TCL:StopPoint:4187</stopPointList>
            <stopPointList>TCL:StopPoint:4715</stopPointList>
            <stopPointList>TCL:StopPoint:4717</stopPointList>
            <stopPointList>TCL:StopPoint:3344</stopPointList>
            <lineIdShortcut>TCL:Line:ZI7A</lineIdShortcut>
            <comment></comment>
        </JourneyPattern>
        <JourneyPattern>
            <objectId>TCL:JourneyPattern:ZI7A_5_2_012AM_01</objectId>
            <objectVersion>12</objectVersion>
            <creationTime>2015-01-15T00:18:11</creationTime>
            <creatorId>chouette</creatorId>
            <name>ZI7A_5_2_012AM_01</name>
            <publishedName></publishedName>
            <routeId>TCL:Route:ZI7Ar2</routeId>
            <origin>TCL:StopPoint:3343</origin>
            <destination>TCL:StopPoint:6278</destination>
            <stopPointList>TCL:StopPoint:3343</stopPointList>
            <stopPointList>TCL:StopPoint:4720</stopPointList>
            <stopPointList>TCL:StopPoint:9016</stopPointList>
            <stopPointList>TCL:StopPoint:4190</stopPointList>
            <stopPointList>TCL:StopPoint:6278</stopPointList>
            <lineIdShortcut>TCL:Line:ZI7A</lineIdShortcut>
            <comment></comment>
        </JourneyPattern>
        <VehicleJourney>
            <objectId>TCL:VehicleJourney:ZI7A_5_1_012AM_011002</objectId>
            <objectVersion>6</objectVersion>
            <creationTime>2015-01-14T23:15:04</creationTime>
            <creatorId>chouette</creatorId>
            <routeId>TCL:Route:ZI7Aa1</routeId>
            <journeyPatternId>TCL:JourneyPattern:ZI7A_5_1_012AM_01</journeyPatternId>
            <transportMode>Other</transportMode>
            <operatorId>TCL:Company:1</operatorId>
            <number>11002</number>
            <vehicleJourneyAtStop>
                <stopPointId>TCL:StopPoint:6277</stopPointId>
                <vehicleJourneyId>TCL:VehicleJourney:ZI7A_5_1_012AM_011002</vehicleJourneyId>
                <arrivalTime>07:30:00</arrivalTime>
                <departureTime>07:30:00</departureTime>
                <order>1</order>
            </vehicleJourneyAtStop>
            <vehicleJourneyAtStop>
                <stopPointId>TCL:StopPoint:4187</stopPointId>
                <vehicleJourneyId>TCL:VehicleJourney:ZI7A_5_1_012AM_011002</vehicleJourneyId>
                <arrivalTime>07:41:00</arrivalTime>
                <departureTime>07:41:00</departureTime>
                <order>1</order>
            </vehicleJourneyAtStop>
            <vehicleJourneyAtStop>
                <stopPointId>TCL:StopPoint:4715</stopPointId>
                <vehicleJourneyId>TCL:VehicleJourney:ZI7A_5_1_012AM_011002</vehicleJourneyId>
                <arrivalTime>07:42:00</arrivalTime>
                <departureTime>07:42:00</departureTime>
                <order>1</order>
            </vehicleJourneyAtStop>
            <vehicleJourneyAtStop>
                <stopPointId>TCL:StopPoint:4717</stopPointId>
                <vehicleJourneyId>TCL:VehicleJourney:ZI7A_5_1_012AM_011002</vehicleJourneyId>
                <arrivalTime>07:42:00</arrivalTime>
                <departureTime>07:42:00</departureTime>
                <order>1</order>
            </vehicleJourneyAtStop>
            <vehicleJourneyAtStop>
                <stopPointId>TCL:StopPoint:3344</stopPointId>
                <vehicleJourneyId>TCL:VehicleJourney:ZI7A_5_1_012AM_011002</vehicleJourneyId>
                <arrivalTime>07:43:00</arrivalTime>
                <departureTime>07:43:00</departureTime>
                <order>1</order>
            </vehicleJourneyAtStop>
        </VehicleJourney>
        <VehicleJourney>
            <objectId>TCL:VehicleJourney:ZI7A_5_1_012AM_011004</objectId>
            <objectVersion>6</objectVersion>
            <creationTime>2015-01-14T23:15:04</creationTime>
            <creatorId>chouette</creatorId>
            <routeId>TCL:Route:ZI7Aa1</routeId>
            <journeyPatternId>TCL:JourneyPattern:ZI7A_5_1_012AM_01</journeyPatternId>
            <transportMode>Other</transportMode>
            <operatorId>TCL:Company:1</operatorId>
            <number>11004</number>
            <vehicleJourneyAtStop>
                <stopPointId>TCL:StopPoint:6277</stopPointId>
                <vehicleJourneyId>TCL:VehicleJourney:ZI7A_5_1_012AM_011004</vehicleJourneyId>
                <arrivalTime>08:05:00</arrivalTime>
                <departureTime>08:05:00</departureTime>
                <order>1</order>
            </vehicleJourneyAtStop>
            <vehicleJourneyAtStop>
                <stopPointId>TCL:StopPoint:4187</stopPointId>
                <vehicleJourneyId>TCL:VehicleJourney:ZI7A_5_1_012AM_011004</vehicleJourneyId>
                <arrivalTime>08:17:00</arrivalTime>
                <departureTime>08:17:00</departureTime>
                <order>1</order>
            </vehicleJourneyAtStop>
            <vehicleJourneyAtStop>
                <stopPointId>TCL:StopPoint:4715</stopPointId>
                <vehicleJourneyId>TCL:VehicleJourney:ZI7A_5_1_012AM_011004</vehicleJourneyId>
                <arrivalTime>08:18:00</arrivalTime>
                <departureTime>08:18:00</departureTime>
                <order>1</order>
            </vehicleJourneyAtStop>
            <vehicleJourneyAtStop>
                <stopPointId>TCL:StopPoint:4717</stopPointId>
                <vehicleJourneyId>TCL:VehicleJourney:ZI7A_5_1_012AM_011004</vehicleJourneyId>
                <arrivalTime>08:18:00</arrivalTime>
                <departureTime>08:18:00</departureTime>
                <order>1</order>
            </vehicleJourneyAtStop>
            <vehicleJourneyAtStop>
                <stopPointId>TCL:StopPoint:3344</stopPointId>
                <vehicleJourneyId>TCL:VehicleJourney:ZI7A_5_1_012AM_011004</vehicleJourneyId>
                <arrivalTime>08:19:00</arrivalTime>
                <departureTime>08:19:00</departureTime>
                <order>1</order>
            </vehicleJourneyAtStop>
        </VehicleJourney>
        <VehicleJourney>
            <objectId>TCL:VehicleJourney:ZI7A_5_2_012AM_012002</objectId>
            <objectVersion>6</objectVersion>
            <creationTime>2015-01-14T23:15:04</creationTime>
            <creatorId>chouette</creatorId>
            <routeId>TCL:Route:ZI7Ar2</routeId>
            <journeyPatternId>TCL:JourneyPattern:ZI7A_5_2_012AM_01</journeyPatternId>
            <transportMode>Other</transportMode>
            <operatorId>TCL:Company:1</operatorId>
            <number>12002</number>
            <vehicleJourneyAtStop>
                <stopPointId>TCL:StopPoint:3343</stopPointId>
                <vehicleJourneyId>TCL:VehicleJourney:ZI7A_5_2_012AM_012002</vehicleJourneyId>
                <arrivalTime>17:00:00</arrivalTime>
                <departureTime>17:00:00</departureTime>
                <order>1</order>
            </vehicleJourneyAtStop>
            <vehicleJourneyAtStop>
                <stopPointId>TCL:StopPoint:4720</stopPointId>
                <vehicleJourneyId>TCL:VehicleJourney:ZI7A_5_2_012AM_012002</vehicleJourneyId>
                <arrivalTime>17:01:00</arrivalTime>
                <departureTime>17:01:00</departureTime>
                <order>1</order>
            </vehicleJourneyAtStop>
            <vehicleJourneyAtStop>
                <stopPointId>TCL:StopPoint:9016</stopPointId>
                <vehicleJourneyId>TCL:VehicleJourney:ZI7A_5_2_012AM_012002</vehicleJourneyId>
                <arrivalTime>17:03:00</arrivalTime>
                <departureTime>17:03:00</departureTime>
                <order>1</order>
            </vehicleJourneyAtStop>
            <vehicleJourneyAtStop>
                <stopPointId>TCL:StopPoint:4190</stopPointId>
                <vehicleJourneyId>TCL:VehicleJourney:ZI7A_5_2_012AM_012002</vehicleJourneyId>
                <arrivalTime>17:04:00</arrivalTime>
                <departureTime>17:04:00</departureTime>
                <order>1</order>
            </vehicleJourneyAtStop>
            <vehicleJourneyAtStop>
                <stopPointId>TCL:StopPoint:6278</stopPointId>
                <vehicleJourneyId>TCL:VehicleJourney:ZI7A_5_2_012AM_012002</vehicleJourneyId>
                <arrivalTime>17:16:00</arrivalTime>
                <departureTime>17:16:00</departureTime>
                <order>1</order>
            </vehicleJourneyAtStop>
        </VehicleJourney>
        <VehicleJourney>
            <objectId>TCL:VehicleJourney:ZI7A_5_2_012AM_012004</objectId>
            <objectVersion>6</objectVersion>
            <creationTime>2015-01-14T23:15:04</creationTime>
            <creatorId>chouette</creatorId>
            <routeId>TCL:Route:ZI7Ar2</routeId>
            <journeyPatternId>TCL:JourneyPattern:ZI7A_5_2_012AM_01</journeyPatternId>
            <transportMode>Other</transportMode>
            <operatorId>TCL:Company:1</operatorId>
            <number>12004</number>
            <vehicleJourneyAtStop>
                <stopPointId>TCL:StopPoint:3343</stopPointId>
                <vehicleJourneyId>TCL:VehicleJourney:ZI7A_5_2_012AM_012004</vehicleJourneyId>
                <arrivalTime>17:35:00</arrivalTime>
                <departureTime>17:35:00</departureTime>
                <order>1</order>
            </vehicleJourneyAtStop>
            <vehicleJourneyAtStop>
                <stopPointId>TCL:StopPoint:4720</stopPointId>
                <vehicleJourneyId>TCL:VehicleJourney:ZI7A_5_2_012AM_012004</vehicleJourneyId>
                <arrivalTime>17:36:00</arrivalTime>
                <departureTime>17:36:00</departureTime>
                <order>1</order>
            </vehicleJourneyAtStop>
            <vehicleJourneyAtStop>
                <stopPointId>TCL:StopPoint:9016</stopPointId>
                <vehicleJourneyId>TCL:VehicleJourney:ZI7A_5_2_012AM_012004</vehicleJourneyId>
                <arrivalTime>17:38:00</arrivalTime>
                <departureTime>17:38:00</departureTime>
                <order>1</order>
            </vehicleJourneyAtStop>
            <vehicleJourneyAtStop>
                <stopPointId>TCL:StopPoint:4190</stopPointId>
                <vehicleJourneyId>TCL:VehicleJourney:ZI7A_5_2_012AM_012004</vehicleJourneyId>
                <arrivalTime>17:39:00</arrivalTime>
                <departureTime>17:39:00</departureTime>
                <order>1</order>
            </vehicleJourneyAtStop>
            <vehicleJourneyAtStop>
                <stopPointId>TCL:StopPoint:6278</stopPointId>
                <vehicleJourneyId>TCL:VehicleJourney:ZI7A_5_2_012AM_012004</vehicleJourneyId>
                <arrivalTime>17:51:00</arrivalTime>
                <departureTime>17:51:00</departureTime>
                <order>1</order>
            </vehicleJourneyAtStop>
        </VehicleJourney>
    </ChouetteLineDescription>
</ChouettePTNetwork>
